-- phpMyAdmin SQL Dump
-- version 5.2.1
-- https://www.phpmyadmin.net/
--
-- Počítač: 127.0.0.1
-- Vytvořeno: Pon 29. dub 2024, 19:34
-- Verze serveru: 10.4.28-MariaDB
-- Verze PHP: 8.1.17

SET SQL_MODE = "NO_AUTO_VALUE_ON_ZERO";
START TRANSACTION;
SET time_zone = "+00:00";


/*!40101 SET @OLD_CHARACTER_SET_CLIENT=@@CHARACTER_SET_CLIENT */;
/*!40101 SET @OLD_CHARACTER_SET_RESULTS=@@CHARACTER_SET_RESULTS */;
/*!40101 SET @OLD_COLLATION_CONNECTION=@@COLLATION_CONNECTION */;
/*!40101 SET NAMES utf8mb4 */;

--
-- Databáze: `adamkova`
--

-- --------------------------------------------------------

--
-- Struktura tabulky `ut_adopce`
--

CREATE TABLE `ut_adopce` (
  `id_adopce` double DEFAULT NULL,
  `datum_adopce` varchar(10) DEFAULT NULL,
  `kocka_id` double DEFAULT NULL,
  `majitel_id` double DEFAULT NULL
) ENGINE=InnoDB DEFAULT CHARSET=utf8mb4 COLLATE=utf8mb4_general_ci;

--
-- Vypisuji data pro tabulku `ut_adopce`
--

INSERT INTO `ut_adopce` (`id_adopce`, `datum_adopce`, `kocka_id`, `majitel_id`) VALUES
(1, '10/12/2021', 324, 548),
(2, '6/11/2019', 61, 551),
(3, '7/5/2019', 296, 327),
(4, '10/3/2022', 75, 829),
(5, '5/1/2021', 511, 660),
(6, '18/7/2021', 510, 95),
(7, '23/2/2022', 213, 67),
(8, '16/10/2018', 104, 243),
(9, '1/12/2021', 46, 591),
(10, '27/5/2024', 158, 483),
(11, '2/5/2019', 451, 304),
(12, '30/9/2022', 162, 629),
(13, '29/4/2022', 83, 723),
(14, '7/3/2020', 469, 404),
(15, '25/8/2021', 437, 484),
(16, '20/8/2023', 134, 373),
(17, '31/8/2018', 162, 875),
(18, '8/2/2024', 97, 430),
(19, '15/8/2020', 232, 353),
(20, '13/11/2018', 33, 707),
(21, '31/12/2017', 344, 272),
(22, '26/12/2017', 382, 49),
(23, '30/1/2019', 484, 336),
(24, '7/6/2018', 292, 707),
(25, '30/10/2023', 230, 172),
(26, '14/2/2023', 82, 843),
(27, '3/5/2023', 143, 371),
(28, '4/5/2021', 19, 387),
(29, '11/6/2020', 322, 697),
(30, '11/3/2024', 451, 553),
(31, '7/10/2018', 285, 961),
(32, '4/10/2021', 64, 687),
(33, '22/8/2020', 273, 286),
(34, '11/7/2022', 8, 728),
(35, '14/1/2018', 102, 481),
(36, '11/1/2023', 25, 602),
(37, '18/10/2020', 503, 428),
(38, '5/7/2019', 7, 933),
(39, '18/7/2019', 512, 70),
(40, '3/1/2024', 16, 954),
(41, '3/2/2019', 12, 675),
(42, '20/10/2018', 336, 347),
(43, '9/7/2023', 78, 910),
(44, '25/4/2019', 18, 282),
(45, '28/12/2017', 203, 172),
(46, '3/11/2018', 23, 938),
(47, '17/8/2020', 138, 718),
(48, '15/7/2019', 248, 342),
(49, '1/6/2018', 88, 554),
(50, '9/9/2019', 462, 128),
(51, '11/9/2021', 82, 751),
(52, '16/2/2021', 20, 290),
(53, '2/7/2022', 97, 448),
(54, '7/2/2024', 439, 124),
(55, '6/12/2020', 463, 946),
(56, '10/2/2021', 112, 767),
(57, '7/8/2021', 11, 169),
(58, '24/1/2020', 312, 329),
(59, '24/11/2017', 395, 170),
(60, '10/7/2022', 443, 777),
(61, '7/1/2020', 214, 802),
(62, '3/2/2018', 365, 771),
(63, '30/1/2024', 158, 845),
(64, '21/11/2018', 94, 336),
(65, '14/7/2020', 402, 609),
(66, '24/8/2018', 248, 309),
(67, '24/4/2021', 204, 204),
(68, '5/4/2020', 155, 480),
(69, '8/10/2018', 448, 364),
(70, '4/12/2019', 394, 583),
(71, '4/1/2018', 381, 382),
(72, '12/7/2021', 340, 959),
(73, '18/7/2018', 120, 351),
(74, '30/1/2020', 402, 922),
(75, '31/1/2020', 350, 307),
(76, '27/8/2020', 172, 763),
(77, '27/2/2020', 493, 90),
(78, '10/3/2023', 400, 252),
(79, '12/9/2017', 465, 56),
(80, '7/8/2022', 175, 466),
(81, '8/4/2023', 260, 680),
(82, '12/10/2023', 423, 520),
(83, '20/1/2024', 447, 975),
(84, '7/3/2022', 257, 169),
(85, '18/9/2023', 114, 985),
(86, '21/9/2017', 365, 929),
(87, '23/11/2019', 2, 927),
(88, '4/9/2018', 416, 213),
(89, '7/3/2023', 225, 687),
(90, '5/11/2020', 54, 508),
(91, '19/4/2021', 238, 528),
(92, '24/2/2019', 328, 396),
(93, '8/3/2022', 210, 537),
(94, '6/8/2022', 469, 228),
(95, '30/3/2020', 481, 939),
(96, '26/2/2023', 432, 999),
(97, '18/8/2019', 164, 251),
(98, '26/9/2017', 402, 254),
(99, '26/1/2018', 116, 396),
(100, '26/8/2017', 43, 396),
(101, '12/7/2021', 498, 520),
(102, '10/11/2017', 459, 451),
(103, '30/6/2023', 446, 374),
(104, '21/4/2024', 335, 123),
(105, '5/3/2022', 143, 472),
(106, '28/3/2018', 192, 255),
(107, '28/8/2019', 446, 968),
(108, '3/3/2018', 424, 444),
(109, '26/9/2019', 435, 724),
(110, '14/7/2022', 291, 466),
(111, '25/8/2022', 127, 990),
(112, '18/9/2020', 402, 707),
(113, '7/6/2019', 516, 873),
(114, '2/2/2020', 147, 160),
(115, '17/5/2023', 133, 420),
(116, '27/6/2023', 463, 723),
(117, '8/11/2020', 252, 900),
(118, '25/9/2020', 140, 81),
(119, '2/5/2020', 514, 455),
(120, '19/9/2020', 88, 770),
(121, '19/1/2020', 95, 970),
(122, '20/7/2018', 217, 447),
(123, '28/10/2023', 179, 581),
(124, '18/4/2022', 212, 312),
(125, '16/6/2018', 17, 163),
(126, '17/10/2022', 198, 213),
(127, '12/8/2018', 185, 463),
(128, '11/6/2022', 34, 785),
(129, '8/8/2020', 158, 421),
(130, '4/9/2021', 235, 372),
(131, '8/3/2022', 105, 366),
(132, '23/4/2021', 375, 899),
(133, '12/11/2022', 421, 143),
(134, '5/8/2023', 291, 484),
(135, '3/7/2018', 467, 5),
(136, '17/4/2024', 284, 10),
(137, '10/6/2019', 310, 480),
(138, '14/11/2020', 491, 813),
(139, '12/5/2020', 235, 673),
(140, '23/10/2023', 411, 32),
(141, '18/7/2021', 508, 812),
(142, '27/1/2019', 283, 186),
(143, '6/11/2019', 416, 580),
(144, '29/5/2024', 309, 293),
(145, '19/4/2020', 444, 693),
(146, '19/10/2021', 282, 683),
(147, '31/1/2020', 429, 635),
(148, '11/5/2019', 156, 432),
(149, '21/6/2022', 226, 951),
(150, '16/3/2022', 347, 519),
(151, '24/5/2019', 516, 402),
(152, '23/11/2019', 227, 896),
(153, '23/5/2018', 108, 48),
(154, '20/7/2018', 74, 35),
(155, '22/11/2021', 513, 372),
(156, '19/8/2018', 396, 106),
(157, '3/6/2020', 203, 430),
(158, '18/12/2017', 68, 326),
(159, '23/9/2022', 199, 941),
(160, '26/4/2023', 483, 795),
(161, '9/8/2021', 252, 651),
(162, '19/5/2019', 54, 456),
(163, '20/1/2022', 433, 178),
(164, '12/12/2022', 158, 414),
(165, '20/1/2021', 31, 354),
(166, '3/2/2020', 392, 517),
(167, '13/7/2023', 38, 499),
(168, '16/7/2019', 505, 710),
(169, '28/8/2020', 482, 210),
(170, '11/4/2024', 21, 396),
(171, '10/7/2022', 189, 568),
(172, '5/4/2019', 442, 199),
(173, '10/1/2021', 388, 546),
(174, '16/9/2018', 36, 663),
(175, '6/5/2018', 470, 917),
(176, '14/2/2024', 438, 505),
(177, '19/8/2022', 208, 882),
(178, '20/6/2019', 292, 160),
(179, '31/3/2024', 41, 272),
(180, '23/12/2023', 84, 458),
(181, '10/8/2022', 43, 698),
(182, '18/6/2023', 131, 82),
(183, '5/1/2022', 239, 468),
(184, '8/12/2018', 469, 221),
(185, '20/8/2023', 280, 448),
(186, '25/3/2020', 450, 990),
(187, '16/1/2019', 110, 516),
(188, '21/6/2019', 412, 841),
(189, '23/2/2023', 218, 353),
(190, '31/5/2020', 483, 371),
(191, '5/8/2023', 276, 382),
(192, '21/4/2024', 449, 405),
(193, '10/12/2018', 96, 593),
(194, '31/8/2018', 84, 85),
(195, '28/10/2018', 421, 515),
(196, '17/1/2022', 358, 362),
(197, '15/2/2024', 220, 166),
(198, '26/3/2024', 184, 534),
(199, '8/1/2020', 515, 540),
(200, '26/8/2017', 218, 37),
(201, '18/3/2021', 429, 150),
(202, '11/5/2022', 322, 597),
(203, '13/2/2023', 175, 429),
(204, '4/3/2020', 203, 152),
(205, '2/9/2017', 85, 538),
(206, '24/9/2020', 94, 392),
(207, '14/5/2023', 80, 278),
(208, '8/3/2023', 400, 302),
(209, '14/7/2022', 146, 76),
(210, '17/10/2021', 363, 997),
(211, '20/4/2020', 21, 774),
(212, '25/5/2022', 128, 117),
(213, '9/1/2020', 373, 781),
(214, '26/6/2018', 62, 372),
(215, '15/12/2019', 456, 916),
(216, '8/8/2020', 484, 641),
(217, '30/4/2024', 237, 704),
(218, '21/7/2022', 326, 738),
(219, '5/5/2019', 431, 781),
(220, '9/5/2018', 150, 94),
(221, '14/11/2017', 316, 236),
(222, '12/4/2019', 121, 979),
(223, '11/3/2018', 229, 678),
(224, '29/5/2018', 215, 747),
(225, '1/7/2023', 23, 908),
(226, '1/7/2022', 464, 280),
(227, '30/10/2019', 193, 320),
(228, '9/11/2021', 210, 556),
(229, '5/7/2020', 4, 713),
(230, '6/6/2019', 329, 314),
(231, '4/8/2019', 463, 332),
(232, '13/2/2019', 32, 535),
(233, '14/10/2018', 2, 195),
(234, '7/9/2022', 466, 250),
(235, '10/2/2019', 515, 183),
(236, '17/11/2017', 411, 116),
(237, '18/11/2021', 336, 62),
(238, '10/4/2019', 510, 18),
(239, '19/12/2020', 140, 10),
(240, '2/11/2018', 229, 386),
(241, '29/8/2022', 307, 821),
(242, '16/11/2017', 114, 586),
(243, '21/7/2020', 8, 287),
(244, '6/12/2022', 152, 133),
(245, '31/3/2023', 286, 987),
(246, '27/12/2017', 318, 999),
(247, '12/11/2022', 347, 383),
(248, '7/5/2024', 104, 128),
(249, '6/10/2020', 366, 991),
(250, '7/1/2022', 91, 302),
(251, '5/2/2018', 246, 28),
(252, '12/6/2018', 3, 59),
(253, '28/5/2021', 451, 31),
(254, '23/3/2023', 284, 73),
(255, '25/8/2020', 152, 706),
(256, '21/2/2021', 393, 743),
(257, '12/3/2020', 425, 812),
(258, '15/3/2020', 163, 911),
(259, '2/8/2022', 179, 297),
(260, '26/4/2022', 440, 391),
(261, '27/12/2018', 255, 185),
(262, '18/9/2022', 366, 385),
(263, '18/2/2020', 518, 166),
(264, '29/3/2022', 362, 813),
(265, '2/5/2020', 485, 93),
(266, '13/11/2017', 416, 390),
(267, '3/3/2020', 223, 912),
(268, '25/10/2021', 382, 182),
(269, '2/1/2021', 140, 642),
(270, '25/10/2022', 243, 450),
(271, '24/12/2021', 415, 67),
(272, '6/3/2019', 82, 665),
(273, '24/10/2020', 215, 884),
(274, '18/10/2023', 15, 947),
(275, '18/12/2020', 6, 344),
(276, '20/8/2019', 283, 425),
(277, '3/7/2022', 399, 141),
(278, '7/11/2021', 399, 189),
(279, '5/4/2022', 192, 821),
(280, '20/12/2017', 421, 518),
(281, '5/8/2019', 131, 838),
(282, '13/2/2023', 266, 737),
(283, '15/3/2023', 406, 23),
(284, '5/10/2021', 195, 626),
(285, '13/6/2023', 175, 104),
(286, '7/1/2021', 72, 839),
(287, '18/7/2023', 52, 145),
(288, '26/6/2020', 117, 49),
(289, '25/8/2018', 168, 867),
(290, '18/1/2023', 299, 302),
(291, '28/1/2022', 57, 670),
(292, '29/7/2019', 288, 255),
(293, '11/10/2021', 442, 508),
(294, '25/7/2020', 157, 934),
(295, '4/12/2021', 520, 136),
(296, '22/2/2018', 86, 223),
(297, '29/7/2021', 126, 792),
(298, '2/5/2022', 90, 37),
(299, '8/7/2023', 510, 106),
(300, '15/10/2023', 331, 363),
(301, '17/10/2017', 258, 775),
(302, '11/12/2023', 108, 701),
(303, '28/5/2018', 346, 740),
(304, '2/8/2020', 10, 779),
(305, '17/10/2020', 97, 846),
(306, '10/3/2018', 292, 517),
(307, '13/6/2019', 391, 575),
(308, '19/1/2022', 229, 764),
(309, '9/2/2023', 511, 522),
(310, '3/11/2018', 185, 708),
(311, '16/9/2022', 378, 674),
(312, '14/10/2023', 476, 467),
(313, '23/5/2018', 290, 838),
(314, '16/7/2018', 410, 637),
(315, '1/3/2018', 34, 297),
(316, '17/12/2021', 199, 77),
(317, '4/11/2019', 383, 280),
(318, '7/4/2021', 119, 114),
(319, '28/2/2023', 471, 970),
(320, '24/8/2022', 408, 576),
(321, '5/7/2021', 145, 92),
(322, '17/2/2022', 75, 242),
(323, '21/3/2018', 286, 144),
(324, '30/7/2022', 303, 216),
(325, '7/6/2019', 492, 128),
(326, '24/1/2019', 62, 792),
(327, '18/8/2018', 485, 977),
(328, '11/3/2021', 471, 610),
(329, '1/12/2018', 261, 760),
(330, '4/5/2020', 518, 141),
(331, '6/3/2021', 457, 898),
(332, '25/4/2020', 389, 587),
(333, '6/1/2019', 304, 852),
(334, '4/11/2023', 436, 22),
(335, '20/4/2019', 74, 547),
(336, '14/1/2020', 508, 971),
(337, '4/3/2024', 34, 292),
(338, '2/10/2017', 503, 184),
(339, '14/7/2022', 137, 314),
(340, '18/10/2017', 282, 548),
(341, '28/10/2021', 257, 293),
(342, '17/11/2017', 54, 458),
(343, '2/11/2020', 376, 913),
(344, '8/3/2022', 150, 939),
(345, '11/7/2018', 305, 387),
(346, '12/2/2023', 356, 404),
(347, '17/5/2022', 513, 179),
(348, '9/10/2021', 194, 92),
(349, '3/4/2021', 290, 495),
(350, '14/5/2023', 451, 472),
(351, '20/10/2017', 190, 546),
(352, '10/2/2020', 276, 319),
(353, '7/9/2020', 389, 999),
(354, '21/7/2022', 234, 7),
(355, '21/2/2023', 462, 539),
(356, '31/3/2019', 178, 415),
(357, '22/2/2023', 305, 405),
(358, '26/2/2020', 390, 339),
(359, '10/3/2022', 400, 298),
(360, '1/10/2018', 461, 766),
(361, '13/3/2024', 221, 904),
(362, '28/8/2017', 354, 220),
(363, '10/5/2022', 235, 864),
(364, '31/12/2022', 112, 491),
(365, '29/10/2019', 155, 491),
(366, '7/7/2020', 287, 275),
(367, '29/1/2022', 284, 514),
(368, '11/7/2022', 443, 154),
(369, '7/8/2018', 456, 914),
(370, '8/5/2020', 67, 723),
(371, '24/5/2018', 508, 929),
(372, '20/5/2020', 173, 7),
(373, '26/1/2018', 251, 986),
(374, '13/10/2017', 311, 739),
(375, '28/8/2023', 20, 513),
(376, '1/9/2021', 237, 690),
(377, '14/10/2020', 404, 313),
(378, '26/4/2022', 129, 899),
(379, '27/10/2021', 497, 187),
(380, '7/1/2023', 472, 682),
(381, '20/12/2017', 386, 466),
(382, '30/3/2019', 409, 997),
(383, '15/1/2023', 283, 61),
(384, '26/7/2023', 97, 288),
(385, '13/5/2023', 142, 248),
(386, '17/5/2019', 342, 228),
(387, '4/3/2019', 107, 98),
(388, '20/2/2019', 451, 78),
(389, '12/5/2020', 463, 240),
(390, '23/10/2020', 416, 223),
(391, '21/11/2023', 256, 586),
(392, '22/8/2022', 26, 964),
(393, '2/4/2023', 202, 815),
(394, '16/11/2020', 22, 856),
(395, '12/2/2023', 384, 940),
(396, '29/11/2022', 80, 423),
(397, '5/11/2020', 253, 247),
(398, '26/7/2022', 157, 228),
(399, '3/10/2019', 278, 743),
(400, '5/12/2018', 203, 579),
(401, '3/9/2020', 381, 556),
(402, '27/8/2018', 249, 411),
(403, '4/4/2018', 399, 887),
(404, '12/12/2020', 288, 889),
(405, '22/12/2020', 24, 950),
(406, '9/9/2017', 204, 930),
(407, '29/6/2020', 158, 593),
(408, '12/8/2018', 202, 112),
(409, '12/8/2023', 204, 123),
(410, '26/3/2020', 337, 964),
(411, '10/5/2021', 425, 345),
(412, '20/1/2024', 260, 272),
(413, '13/7/2023', 296, 451),
(414, '5/11/2022', 218, 466),
(415, '16/3/2022', 415, 935),
(416, '4/10/2019', 93, 636),
(417, '26/2/2023', 106, 836),
(418, '8/1/2018', 402, 858),
(419, '9/11/2018', 279, 208),
(420, '5/8/2018', 430, 124),
(421, '26/12/2023', 452, 136),
(422, '8/3/2021', 108, 322),
(423, '14/9/2019', 492, 419),
(424, '9/2/2021', 473, 292),
(425, '23/3/2021', 76, 213),
(426, '7/10/2017', 281, 895),
(427, '9/11/2017', 303, 320),
(428, '3/3/2021', 383, 982),
(429, '29/12/2019', 411, 177),
(430, '21/2/2024', 308, 954),
(431, '22/4/2019', 220, 995),
(432, '29/11/2017', 207, 66),
(433, '5/10/2018', 100, 477),
(434, '3/8/2022', 366, 40),
(435, '16/3/2022', 46, 371),
(436, '3/4/2023', 482, 732),
(437, '13/9/2021', 377, 774),
(438, '3/6/2023', 472, 713),
(439, '30/1/2019', 221, 722),
(440, '6/1/2020', 360, 8),
(441, '26/4/2023', 304, 541),
(442, '25/7/2022', 88, 212),
(443, '4/7/2018', 176, 20),
(444, '25/6/2018', 323, 205),
(445, '10/2/2021', 143, 11),
(446, '24/11/2017', 250, 125),
(447, '27/3/2021', 447, 170),
(448, '3/7/2023', 355, 121),
(449, '17/11/2017', 306, 181),
(450, '2/4/2023', 142, 754),
(451, '19/3/2018', 364, 996),
(452, '19/12/2021', 310, 772),
(453, '5/4/2023', 16, 434),
(454, '13/11/2023', 347, 886),
(455, '21/6/2023', 37, 145),
(456, '20/1/2019', 28, 978),
(457, '3/10/2023', 318, 642),
(458, '11/12/2019', 97, 446),
(459, '8/12/2020', 272, 933),
(460, '4/2/2020', 197, 263),
(461, '13/11/2022', 418, 653),
(462, '21/1/2024', 14, 422),
(463, '16/6/2019', 330, 960),
(464, '21/8/2023', 500, 524),
(465, '29/3/2022', 205, 372),
(466, '28/11/2017', 312, 128),
(467, '2/12/2017', 362, 216),
(468, '11/6/2021', 217, 335),
(469, '30/8/2017', 333, 514),
(470, '21/11/2020', 73, 867),
(471, '3/12/2017', 483, 625),
(472, '8/7/2021', 494, 993),
(473, '4/12/2021', 426, 79),
(474, '1/1/2024', 392, 356),
(475, '12/5/2020', 121, 1000),
(476, '5/5/2023', 12, 354),
(477, '15/3/2023', 394, 505),
(478, '6/10/2023', 6, 297),
(479, '12/10/2017', 67, 675),
(480, '27/6/2018', 270, 557),
(481, '10/7/2018', 181, 351),
(482, '15/2/2021', 462, 785),
(483, '9/8/2022', 28, 996),
(484, '28/3/2020', 24, 310),
(485, '11/2/2023', 86, 731),
(486, '5/10/2023', 157, 68),
(487, '26/3/2019', 443, 219),
(488, '30/4/2024', 37, 161),
(489, '20/2/2023', 356, 403),
(490, '23/6/2020', 106, 350),
(491, '16/10/2021', 344, 249),
(492, '24/6/2023', 120, 1),
(493, '29/9/2019', 149, 435),
(494, '17/6/2021', 377, 23),
(495, '13/12/2018', 246, 774),
(496, '19/2/2023', 280, 18),
(497, '24/12/2021', 466, 802),
(498, '9/9/2022', 382, 967),
(499, '11/2/2018', 468, 673),
(500, '6/8/2019', 511, 773),
(501, '27/11/2022', 332, 872),
(502, '28/1/2021', 475, 508),
(503, '10/8/2021', 319, 134),
(504, '6/7/2023', 168, 942),
(505, '17/9/2023', 111, 822),
(506, '19/12/2021', 468, 46),
(507, '2/8/2021', 191, 229),
(508, '15/10/2018', 16, 241),
(509, '14/1/2022', 16, 21),
(510, '13/9/2023', 161, 848),
(511, '3/5/2020', 220, 172),
(512, '29/9/2018', 113, 722),
(513, '12/1/2023', 21, 697),
(514, '15/1/2020', 347, 674),
(515, '29/4/2023', 356, 937),
(516, '26/12/2020', 405, 924),
(517, '25/3/2020', 313, 521),
(518, '19/5/2022', 360, 571),
(519, '10/3/2019', 2, 914),
(520, '21/8/2023', 225, 70),
(521, '5/7/2022', 301, 698),
(522, '9/5/2024', 229, 686),
(523, '16/7/2021', 471, 462),
(524, '4/3/2021', 76, 538),
(525, '15/11/2023', 287, 668),
(526, '14/10/2018', 114, 985),
(527, '19/10/2022', 331, 499),
(528, '29/11/2018', 425, 932),
(529, '2/9/2019', 488, 268),
(530, '10/5/2020', 61, 850),
(531, '2/5/2023', 235, 372),
(532, '2/1/2020', 108, 246),
(533, '8/5/2018', 393, 684),
(534, '11/8/2021', 206, 116),
(535, '26/8/2021', 513, 469),
(536, '27/5/2021', 27, 638),
(537, '11/3/2018', 462, 388),
(538, '9/8/2022', 267, 830),
(539, '10/8/2022', 275, 400),
(540, '2/1/2024', 421, 399),
(541, '21/8/2023', 127, 548),
(542, '11/10/2023', 30, 661),
(543, '22/1/2023', 379, 108),
(544, '28/8/2019', 19, 797),
(545, '6/6/2024', 230, 568),
(546, '20/9/2019', 420, 941),
(547, '3/10/2022', 50, 220),
(548, '15/6/2019', 364, 278),
(549, '16/6/2019', 301, 733),
(550, '12/12/2019', 237, 636),
(551, '25/6/2019', 385, 406),
(552, '8/9/2019', 128, 429),
(553, '15/11/2018', 183, 628),
(554, '12/3/2019', 380, 80),
(555, '11/5/2019', 204, 274),
(556, '11/6/2018', 106, 42),
(557, '17/5/2020', 283, 638),
(558, '27/12/2017', 164, 977),
(559, '2/12/2018', 114, 363),
(560, '7/4/2018', 236, 751),
(561, '29/12/2022', 381, 173),
(562, '24/8/2020', 223, 606),
(563, '29/5/2020', 360, 329),
(564, '29/6/2018', 49, 418),
(565, '16/1/2020', 489, 327),
(566, '19/11/2020', 395, 734),
(567, '18/9/2021', 81, 402),
(568, '6/2/2023', 193, 363),
(569, '24/9/2017', 82, 772),
(570, '28/2/2023', 58, 761),
(571, '30/3/2021', 59, 892),
(572, '4/1/2022', 296, 268),
(573, '25/6/2020', 11, 82),
(574, '5/6/2024', 396, 282),
(575, '29/1/2022', 497, 368),
(576, '1/5/2023', 286, 977),
(577, '12/12/2021', 103, 810),
(578, '4/4/2019', 500, 936),
(579, '20/10/2023', 88, 638),
(580, '1/10/2021', 247, 866),
(581, '10/11/2018', 181, 836),
(582, '8/6/2020', 237, 65),
(583, '16/5/2019', 348, 320),
(584, '18/3/2018', 334, 15),
(585, '4/9/2020', 156, 376),
(586, '4/11/2021', 168, 15),
(587, '25/5/2023', 325, 888),
(588, '16/1/2022', 505, 178),
(589, '21/6/2018', 22, 466),
(590, '15/9/2022', 173, 983),
(591, '6/11/2017', 22, 585),
(592, '18/8/2022', 179, 967),
(593, '18/11/2023', 379, 285),
(594, '26/4/2022', 461, 515),
(595, '29/7/2021', 318, 200),
(596, '12/3/2018', 344, 505),
(597, '25/2/2018', 59, 497),
(598, '1/9/2021', 75, 179),
(599, '11/6/2020', 122, 464),
(600, '25/10/2023', 93, 104),
(601, '24/11/2023', 377, 708),
(602, '13/10/2018', 406, 349),
(603, '18/3/2019', 88, 112),
(604, '3/2/2021', 514, 676),
(605, '25/10/2023', 148, 727),
(606, '2/7/2018', 506, 276),
(607, '26/10/2020', 167, 160),
(608, '27/2/2018', 310, 750),
(609, '2/4/2024', 376, 848),
(610, '17/1/2024', 366, 518),
(611, '22/7/2019', 225, 614),
(612, '16/12/2022', 466, 617),
(613, '17/4/2023', 109, 700),
(614, '7/4/2018', 169, 384),
(615, '21/5/2023', 391, 722),
(616, '6/5/2020', 156, 802),
(617, '8/1/2019', 64, 708),
(618, '17/1/2022', 380, 195),
(619, '2/3/2019', 30, 67),
(620, '23/1/2019', 164, 640),
(621, '25/11/2017', 263, 778),
(622, '5/6/2019', 148, 716),
(623, '10/8/2022', 499, 261),
(624, '1/5/2020', 104, 311),
(625, '2/12/2019', 487, 969),
(626, '5/3/2018', 107, 390),
(627, '6/3/2020', 201, 319),
(628, '11/8/2022', 312, 791),
(629, '22/5/2021', 436, 315),
(630, '6/10/2022', 177, 397),
(631, '10/3/2024', 55, 243),
(632, '22/2/2023', 467, 143),
(633, '11/5/2022', 213, 531),
(634, '1/10/2022', 169, 838),
(635, '19/8/2023', 356, 981),
(636, '14/4/2018', 221, 51),
(637, '9/12/2020', 471, 165),
(638, '21/12/2021', 26, 871),
(639, '12/2/2020', 383, 912),
(640, '22/3/2020', 360, 369),
(641, '6/3/2020', 461, 142),
(642, '27/12/2019', 42, 560),
(643, '12/12/2022', 190, 958),
(644, '10/2/2022', 34, 772),
(645, '15/11/2020', 48, 137),
(646, '7/8/2023', 56, 846),
(647, '5/7/2019', 465, 39),
(648, '27/4/2020', 296, 356),
(649, '2/6/2024', 262, 479),
(650, '14/2/2021', 283, 105),
(651, '5/2/2022', 54, 930),
(652, '30/8/2020', 5, 798),
(653, '22/9/2023', 195, 104),
(654, '3/9/2022', 195, 712),
(655, '6/2/2020', 310, 252),
(656, '3/9/2023', 371, 854),
(657, '20/8/2022', 345, 934),
(658, '27/12/2020', 228, 330),
(659, '18/12/2023', 41, 95),
(660, '24/11/2020', 132, 821),
(661, '14/9/2019', 512, 900),
(662, '8/9/2022', 185, 873),
(663, '23/11/2023', 296, 637),
(664, '16/4/2020', 211, 94),
(665, '3/9/2018', 487, 985),
(666, '3/12/2021', 316, 706),
(667, '14/8/2022', 262, 549),
(668, '17/10/2021', 191, 222),
(669, '3/4/2021', 495, 44),
(670, '3/1/2020', 341, 821),
(671, '5/2/2023', 208, 473),
(672, '6/2/2022', 458, 53),
(673, '11/9/2023', 322, 666),
(674, '13/11/2022', 95, 158),
(675, '3/2/2018', 375, 776),
(676, '12/12/2018', 400, 5),
(677, '3/2/2018', 142, 462),
(678, '29/8/2018', 310, 455),
(679, '12/10/2018', 146, 319),
(680, '17/4/2020', 373, 807),
(681, '4/5/2023', 296, 882),
(682, '23/6/2021', 96, 898),
(683, '19/3/2022', 305, 950),
(684, '29/11/2021', 203, 652),
(685, '6/12/2019', 4, 758),
(686, '9/12/2019', 62, 265),
(687, '6/4/2023', 201, 745),
(688, '16/8/2022', 429, 187),
(689, '27/7/2021', 363, 389),
(690, '5/8/2020', 88, 212),
(691, '15/1/2018', 234, 675),
(692, '3/10/2017', 235, 803),
(693, '8/1/2022', 436, 749),
(694, '25/11/2021', 167, 394),
(695, '3/11/2023', 62, 174),
(696, '8/5/2023', 385, 556),
(697, '23/3/2023', 461, 793),
(698, '18/12/2019', 61, 980),
(699, '24/3/2024', 37, 657),
(700, '21/7/2021', 47, 365),
(701, '20/4/2018', 516, 409),
(702, '3/5/2018', 366, 932),
(703, '10/5/2019', 411, 705),
(704, '19/4/2019', 85, 837),
(705, '10/8/2020', 439, 271),
(706, '9/10/2018', 31, 853),
(707, '18/5/2023', 38, 492),
(708, '18/11/2023', 69, 385),
(709, '9/1/2023', 80, 383),
(710, '9/12/2019', 101, 879),
(711, '10/8/2017', 444, 557),
(712, '23/3/2024', 253, 424),
(713, '14/8/2021', 190, 806),
(714, '28/5/2018', 77, 580),
(715, '26/9/2023', 477, 686),
(716, '3/3/2021', 408, 999),
(717, '3/4/2024', 336, 84),
(718, '5/11/2017', 459, 976),
(719, '11/7/2019', 467, 248),
(720, '18/8/2022', 447, 950),
(721, '21/6/2019', 88, 440),
(722, '9/8/2021', 199, 314),
(723, '10/4/2019', 425, 902),
(724, '7/1/2021', 386, 604),
(725, '22/11/2022', 422, 369),
(726, '6/11/2021', 491, 626),
(727, '20/9/2022', 9, 430),
(728, '21/11/2019', 72, 456),
(729, '12/5/2019', 32, 922),
(730, '26/3/2024', 469, 40),
(731, '23/6/2020', 352, 187),
(732, '6/2/2018', 484, 605),
(733, '5/12/2019', 420, 876),
(734, '6/6/2018', 231, 66),
(735, '9/8/2022', 361, 767),
(736, '27/4/2018', 193, 551),
(737, '27/8/2018', 357, 86),
(738, '13/2/2024', 248, 191),
(739, '11/3/2018', 150, 576),
(740, '2/4/2021', 131, 241),
(741, '13/9/2021', 343, 448),
(742, '18/5/2018', 486, 60),
(743, '4/6/2024', 216, 403),
(744, '30/8/2022', 91, 740),
(745, '3/5/2020', 17, 490),
(746, '22/11/2023', 365, 691),
(747, '9/7/2020', 151, 796),
(748, '17/12/2021', 6, 417),
(749, '19/4/2024', 270, 702),
(750, '23/10/2017', 300, 503),
(751, '14/9/2023', 62, 117),
(752, '16/3/2020', 156, 497),
(753, '3/6/2024', 170, 27),
(754, '19/8/2020', 296, 446),
(755, '9/2/2021', 130, 627),
(756, '6/6/2021', 166, 451),
(757, '30/4/2023', 414, 414),
(758, '6/10/2022', 441, 183),
(759, '14/4/2019', 335, 562),
(760, '13/4/2019', 415, 224),
(761, '18/10/2021', 442, 445),
(762, '10/4/2018', 227, 710),
(763, '27/5/2021', 348, 304),
(764, '29/9/2020', 168, 687),
(765, '18/12/2022', 410, 139),
(766, '12/4/2019', 48, 171),
(767, '21/9/2017', 293, 242),
(768, '2/11/2020', 163, 274),
(769, '21/9/2017', 508, 657),
(770, '19/3/2019', 478, 151),
(771, '29/7/2023', 40, 669),
(772, '14/3/2021', 101, 161),
(773, '23/11/2017', 423, 436),
(774, '24/8/2020', 394, 797),
(775, '16/2/2020', 158, 313),
(776, '4/5/2019', 317, 482),
(777, '18/1/2020', 368, 540),
(778, '15/10/2019', 102, 935),
(779, '9/4/2018', 145, 329),
(780, '25/2/2018', 145, 380),
(781, '13/2/2021', 295, 569),
(782, '1/8/2021', 285, 978),
(783, '22/3/2021', 145, 26),
(784, '5/2/2019', 187, 593),
(785, '11/2/2024', 96, 92),
(786, '25/9/2017', 89, 671),
(787, '19/10/2020', 157, 55),
(788, '5/9/2023', 227, 645),
(789, '19/4/2023', 97, 522),
(790, '7/3/2018', 134, 249),
(791, '4/10/2020', 126, 953),
(792, '11/5/2018', 418, 577),
(793, '28/11/2021', 365, 283),
(794, '12/11/2019', 25, 503),
(795, '5/9/2017', 274, 451),
(796, '24/8/2020', 23, 907),
(797, '1/10/2023', 192, 4),
(798, '15/6/2018', 448, 340),
(799, '10/12/2021', 519, 879),
(800, '27/9/2023', 424, 638),
(801, '31/10/2019', 271, 322),
(802, '13/5/2020', 5, 126),
(803, '22/8/2017', 198, 627),
(804, '2/7/2021', 96, 626),
(805, '6/12/2018', 118, 947),
(806, '6/5/2021', 240, 910),
(807, '10/7/2021', 338, 634),
(808, '27/12/2019', 491, 161),
(809, '18/11/2020', 139, 180),
(810, '21/10/2021', 350, 303),
(811, '1/10/2022', 424, 347),
(812, '5/11/2020', 245, 561),
(813, '30/5/2024', 253, 768),
(814, '22/8/2023', 73, 496),
(815, '8/6/2019', 162, 426),
(816, '19/1/2021', 218, 758),
(817, '24/4/2018', 301, 552),
(818, '29/3/2021', 154, 825),
(819, '4/3/2019', 506, 441),
(820, '30/1/2021', 366, 237),
(821, '25/7/2019', 6, 375),
(822, '30/9/2018', 9, 366),
(823, '6/4/2023', 477, 550),
(824, '9/11/2023', 356, 800),
(825, '2/3/2023', 438, 166),
(826, '8/10/2019', 386, 369),
(827, '28/4/2018', 490, 186),
(828, '22/9/2019', 106, 37),
(829, '29/3/2019', 373, 735),
(830, '31/5/2023', 251, 404),
(831, '1/5/2022', 490, 25),
(832, '25/4/2018', 445, 552),
(833, '31/10/2018', 151, 87),
(834, '15/2/2024', 46, 56),
(835, '1/9/2022', 417, 687),
(836, '26/10/2021', 223, 581),
(837, '2/3/2018', 172, 211),
(838, '20/12/2020', 404, 631),
(839, '10/3/2019', 16, 545),
(840, '12/1/2018', 89, 209),
(841, '22/3/2022', 225, 412),
(842, '12/4/2024', 358, 304),
(843, '7/12/2019', 75, 55),
(844, '30/6/2020', 386, 192),
(845, '8/4/2019', 209, 959),
(846, '30/12/2021', 78, 221),
(847, '28/7/2023', 58, 618),
(848, '22/9/2023', 191, 578),
(849, '4/12/2022', 96, 124),
(850, '9/7/2022', 4, 392),
(851, '14/11/2018', 258, 918),
(852, '11/7/2022', 104, 432),
(853, '30/1/2024', 285, 499),
(854, '10/12/2022', 113, 263),
(855, '12/7/2022', 399, 329),
(856, '5/1/2024', 4, 781),
(857, '4/1/2024', 229, 686),
(858, '21/1/2023', 276, 659),
(859, '12/10/2022', 190, 303),
(860, '8/6/2023', 372, 28),
(861, '1/5/2021', 304, 8),
(862, '16/3/2023', 19, 938),
(863, '28/5/2020', 175, 870),
(864, '30/12/2017', 158, 413),
(865, '8/5/2020', 112, 305),
(866, '27/9/2017', 517, 1000),
(867, '8/1/2024', 164, 517),
(868, '8/2/2023', 44, 322),
(869, '31/5/2019', 168, 195),
(870, '19/10/2019', 358, 654),
(871, '10/9/2022', 259, 60),
(872, '14/8/2017', 216, 223),
(873, '19/12/2017', 368, 951),
(874, '24/11/2022', 190, 960),
(875, '5/11/2019', 24, 559),
(876, '15/8/2017', 227, 906),
(877, '26/12/2017', 484, 585),
(878, '23/9/2017', 455, 194),
(879, '14/9/2021', 269, 722),
(880, '3/8/2023', 436, 657),
(881, '21/9/2018', 341, 596),
(882, '13/11/2017', 81, 883),
(883, '2/4/2021', 22, 987),
(884, '1/11/2017', 74, 39),
(885, '25/7/2020', 277, 460),
(886, '16/8/2021', 491, 623),
(887, '19/9/2017', 83, 995),
(888, '9/1/2024', 334, 925),
(889, '12/4/2024', 351, 521),
(890, '9/1/2020', 206, 391),
(891, '27/12/2018', 177, 525),
(892, '15/2/2023', 467, 546),
(893, '10/8/2020', 467, 870),
(894, '14/3/2021', 279, 265),
(895, '14/11/2022', 310, 978),
(896, '18/3/2024', 75, 268),
(897, '1/11/2017', 10, 294),
(898, '26/11/2017', 210, 439),
(899, '9/8/2020', 220, 589),
(900, '29/10/2020', 333, 192),
(901, '12/3/2019', 132, 48),
(902, '10/12/2018', 349, 580),
(903, '20/10/2017', 282, 302),
(904, '26/12/2021', 269, 330),
(905, '31/10/2020', 131, 951),
(906, '14/10/2017', 305, 159),
(907, '12/4/2024', 216, 347),
(908, '26/8/2022', 302, 550),
(909, '12/3/2018', 428, 973),
(910, '21/6/2020', 104, 788),
(911, '22/2/2018', 287, 715),
(912, '13/8/2023', 202, 358),
(913, '10/11/2023', 47, 900),
(914, '26/4/2023', 22, 657),
(915, '15/12/2022', 146, 785),
(916, '17/1/2019', 443, 686),
(917, '15/6/2021', 200, 449),
(918, '2/11/2020', 28, 100),
(919, '15/6/2020', 213, 802),
(920, '17/4/2023', 174, 946),
(921, '8/6/2021', 296, 18),
(922, '17/9/2020', 379, 655),
(923, '29/9/2022', 101, 79),
(924, '29/1/2020', 520, 718),
(925, '27/9/2019', 409, 127),
(926, '17/10/2019', 167, 270),
(927, '5/4/2020', 209, 981),
(928, '22/12/2020', 415, 865),
(929, '11/1/2019', 296, 566),
(930, '21/10/2020', 90, 117),
(931, '10/10/2023', 370, 732),
(932, '10/12/2017', 122, 436),
(933, '15/7/2020', 341, 59),
(934, '16/12/2018', 72, 379),
(935, '6/5/2023', 50, 117),
(936, '25/5/2024', 502, 977),
(937, '2/11/2020', 457, 712),
(938, '15/2/2020', 205, 977),
(939, '4/6/2019', 120, 41),
(940, '13/3/2020', 91, 884),
(941, '25/10/2017', 74, 857),
(942, '7/9/2022', 371, 642),
(943, '4/12/2020', 197, 584),
(944, '3/5/2023', 441, 863),
(945, '31/12/2022', 346, 120),
(946, '17/8/2018', 464, 137),
(947, '5/2/2022', 371, 208),
(948, '16/11/2023', 385, 943),
(949, '17/8/2017', 275, 61),
(950, '22/11/2017', 372, 732),
(951, '13/2/2024', 359, 205),
(952, '12/5/2021', 366, 636),
(953, '22/7/2018', 385, 782),
(954, '22/12/2023', 520, 198),
(955, '18/5/2022', 131, 263),
(956, '21/1/2019', 198, 139),
(957, '24/5/2018', 332, 244),
(958, '28/7/2018', 152, 642),
(959, '2/1/2019', 131, 518),
(960, '12/2/2024', 231, 139),
(961, '22/7/2018', 393, 907),
(962, '9/2/2024', 115, 704),
(963, '19/10/2023', 222, 869),
(964, '8/4/2022', 179, 192),
(965, '9/11/2017', 148, 332),
(966, '21/5/2022', 147, 935),
(967, '19/10/2019', 415, 515),
(968, '13/8/2017', 140, 506),
(969, '26/6/2020', 395, 22),
(970, '29/6/2022', 511, 429),
(971, '12/3/2022', 69, 361),
(972, '22/12/2020', 274, 843),
(973, '14/11/2018', 189, 96),
(974, '23/4/2024', 73, 420),
(975, '9/4/2019', 364, 967),
(976, '14/7/2019', 2, 267),
(977, '6/10/2023', 135, 701),
(978, '25/9/2023', 111, 543),
(979, '21/8/2020', 413, 457),
(980, '9/10/2023', 89, 107),
(981, '18/8/2021', 49, 812),
(982, '27/4/2023', 333, 810),
(983, '30/6/2020', 255, 765),
(984, '5/11/2023', 143, 69),
(985, '7/3/2020', 359, 822),
(986, '20/12/2020', 17, 103),
(987, '17/11/2021', 168, 44),
(988, '17/5/2023', 119, 618),
(989, '19/1/2024', 175, 879),
(990, '13/11/2021', 18, 76),
(991, '10/12/2020', 483, 451),
(992, '28/8/2022', 474, 596),
(993, '11/5/2022', 401, 640),
(994, '26/7/2021', 240, 841),
(995, '26/4/2019', 60, 160),
(996, '7/10/2023', 467, 446),
(997, '9/4/2018', 110, 800),
(998, '17/8/2022', 218, 82),
(999, '28/8/2021', 405, 146),
(1000, '2/9/2023', 448, 271),
(1001, '8/4/2022', 342, 146),
(1002, '9/11/2017', 398, 867),
(1003, '21/5/2022', 450, 531),
(1004, '19/10/2019', 272, 697),
(1005, '13/8/2017', 28, 761),
(1006, '26/6/2020', 494, 851),
(1007, '29/6/2022', 485, 684),
(1008, '12/3/2022', 348, 968),
(1009, '22/12/2020', 73, 111),
(1010, '14/11/2018', 86, 134),
(1011, '23/4/2024', 276, 482),
(1012, '9/4/2019', 52, 619),
(1013, '14/7/2019', 57, 42),
(1014, '6/10/2023', 407, 861),
(1015, '25/9/2023', 496, 950),
(1016, '21/8/2020', 518, 885),
(1017, '9/10/2023', 440, 249),
(1018, '18/8/2021', 8, 125),
(1019, '27/4/2023', 187, 98),
(1020, '30/6/2020', 306, 301),
(1021, '5/11/2023', 291, 957),
(1022, '7/3/2020', 208, 983),
(1023, '20/12/2020', 513, 818),
(1024, '17/11/2021', 295, 178),
(1025, '17/5/2023', 17, 357),
(1026, '10/12/2020', 378, 705),
(1027, '28/8/2022', 299, 1),
(1028, '11/5/2022', 190, 187),
(1029, '21/5/2022', 457, 457);

-- --------------------------------------------------------

--
-- Struktura tabulky `ut_kocka`
--

CREATE TABLE `ut_kocka` (
  `id_kocka` int(4) DEFAULT NULL,
  `status` int(1) DEFAULT NULL,
  `jmeno` varchar(10) DEFAULT NULL,
  `vek` int(2) DEFAULT NULL,
  `vaha` varchar(3) DEFAULT NULL,
  `plemeno_id` int(2) DEFAULT NULL,
  `popis` varchar(610) DEFAULT NULL,
  `fotografie` varchar(14) DEFAULT NULL,
  `pohlavi` varchar(6) DEFAULT NULL,
  `narozeni` varchar(10) DEFAULT NULL
) ENGINE=InnoDB DEFAULT CHARSET=utf8 COLLATE=utf8_general_ci;

--
-- Vypisuji data pro tabulku `ut_kocka`
--

INSERT INTO `ut_kocka` (`id_kocka`, `status`, `jmeno`, `vek`, `vaha`, `plemeno_id`, `popis`, `fotografie`, `pohlavi`, `narozeni`) VALUES
(1, 1, 'Kippy', 18, '5,6', 27, 'Kippy, a mischievous whirlwind of fur, lives for playful pounces and sunlit naps. Treats are his love language, especially tuna tidbits. His favorite toys? A crinkly ball and a plush mouse he guards fiercely. But nothing compares to snuggling on his human s lap, purring contentedly into the night.', 'kippy.jpg', 'Female', '20.09.2013'),
(2, 3, 'Jania', 9, '1', 30, 'Jania, a mysterious and graceful presence, finds joy in exploring sunlit corners and indulging in gourmet treats like salmon and turkey. Her favorite pastime involves stealthy prowls and moments of quiet contemplation from high perches. With a penchant for feathered wands and plush cushions, Jania embraces her independence, a silent wanderer in the night.', 'jania.jpg', 'Female', '24.06.2011'),
(3, 3, 'Bethany', 6, '4,5', 32, 'Bethany, a spirited whirlwind of energy, approaches life with boundless enthusiasm. She s a thrill-seeker at heart, always on the lookout for new adventures and playful escapades. Bethany s favorite toys include anything that jingles or dangles enticingly, sparking her endless curiosity. When it comes to food, she s an adventurous eater, eager to sample any delicacy that crosses her path. Her favorite place in the world is the great outdoors, where she can explore to her heart s content and bask in the freedom of nature. Bethany s zest for life is infectious, bringing joy and laughter wherever she goes.', 'bethany.jpg', 'Female', '12.08.2012'),
(4, 3, 'Karin', 12, '5,7', 69, 'Karin, a gentle soul, finds comfort in cozy nooks and familiar comforts. His favorite toys are soft blankets and plush companions, while he enjoys home-cooked meals and the company of his beloved human.', 'karin.jpg', 'Male', '24.09.2013'),
(5, 1, 'Dannie', 11, '5,8', 28, 'Dannie, a playful spirit with boundless energy, seeks adventure in every corner of her world. She delights in chasing after feathered toys and exploring new hideaways. When it s time to refuel, Dannie eagerly devours her favorite treats, relishing each morsel with gusto. Her happy place is anywhere her human is, soaking up their affection and companionship. Dannie s zest for life and infectious joy brighten every room she enters.', 'dannie.jpg', 'Female', '24.09.2015'),
(6, 2, 'Leonid', 0, '2', 43, 'Leo Nid, a curious explorer with an insatiable appetite for discovery, thrives on adventure and excitement. He s always on the hunt for new toys to pounce on and mysteries to unravel. Leo Nid s palate is as adventurous as his spirit, eagerly sampling any culinary delight that crosses his path. His favorite spot is perched high, surveying his domain with a regal air. With his magnetic charm and playful demeanor, Leo Nid brings a spark of joy to all who encounter him.', 'leonid.jpg', 'Female', '29.11.2013'),
(7, 1, 'Rory', 5, '0,8', 19, 'Rory, a spirited adventurer with an endless appetite for fun, embraces life with gusto. He s a master of mischief, always seeking out new toys to bat around and games to play. Rory s palate leans towards the savory, relishing every bite of his favorite treats. His favorite spot is by the window, where he can watch the world go by with a curious gaze. With his playful antics and boundless energy, Rory brings laughter and joy wherever he goes.', 'rory.jpg', 'Male', '01.08.2020'),
(8, 1, 'Javier', 3, '3,6', 17, 'Javier, a spirited explorer with a zest for life, approaches each day with curiosity and enthusiasm. She thrives on playful adventures, whether it s chasing after toys or exploring new nooks and crannies. Javier s culinary tastes are diverse, delighting in a variety of flavors and textures. Her favorite spot is nestled in a cozy corner, where she can observe her surroundings with a watchful eye. With her playful charm and adventurous spirit, Javier brings warmth and joy to those around her.', 'javier.jpg', 'Female', '12.11.2010'),
(9, 2, 'Eleanore', 17, '6', 44, 'Eleanor, a graceful adventurer with a gentle spirit, finds joy in every moment she spends exploring her world. She s a connoisseur of play, finding delight in chasing after feathered toys or curling up with a plush companion. Eleanor s culinary preferences lean towards the finer things, savoring the taste of gourmet treats. Her favorite retreat is a sunlit spot by the window, where she can bask in the warmth and watch the world go by. With her elegant presence and serene demeanor, Eleanor brings a sense of calm and contentment to those around her.', 'eleanore.jpg', 'Female', '26.10.2021'),
(10, 3, 'Phebe', 0, '4,2', 41, 'Phoebe, a spirited soul with a heart full of adventure, thrives on the excitement of exploration. She s a playful charmer, always ready to pounce on her favorite toys or engage in a game of hide-and-seek. Phoebe s culinary delights include a variety of treats, each savored with a discerning palate. Her favorite retreat is a cozy corner, where she can cuddle up and enjoy moments of quiet relaxation. With her boundless energy and affectionate nature, Phoebe brings joy and warmth to every corner of her home.', 'phebe.jpg', 'Female', '14.08.2010'),
(11, 2, 'Lindsey', 13, '4,9', 54, 'Lin, a free-spirited wanderer with an adventurous soul, finds joy in every new discovery she makes. She s a playful explorer, always eager to chase after her favorite toys or investigate hidden nooks and crannies. Lin s culinary tastes are eclectic, enjoying a wide variety of treats with gusto. Her favorite sanctuary is a sun-drenched perch by the window, where she can watch the world go by with a curious gaze. With her independent spirit and gentle demeanor, Lin brings a sense of wonder and tranquility to those around her.', 'lindsey.jpg', 'Male', '10.01.2013'),
(12, 3, 'Celinda', 12, '4', 58, 'Celinda, a playful spirit with an adventurous streak, embraces each moment with enthusiasm. She delights in chasing toys and exploring new nooks, her curiosity boundless. Celinda s palate is diverse, enjoying a range of treats with relish. Her favorite spot is by the window, basking in sunlight and watching the world outside. With her lively energy and affectionate nature, Celinda brings joy wherever she goes.', 'celinda.jpg', 'Male', '28.05.2016'),
(13, 2, 'Dorine', 2, '3,4', 2, 'Dorine, a spirited explorer with a playful heart, finds joy in every moment of discovery. She delights in chasing after toys and investigating hidden corners, her curiosity endless. Dorine enjoys a variety of treats with gusto, savoring each bite. Her favorite perch is by the window, where she can soak up the sunlight and watch the world outside. With her boundless energy and affectionate nature, Dorine brings happiness to those around her.', 'dorine.jpg', 'Female', '10.08.2010'),
(14, 2, 'Corbet', 2, '1,9', 69, 'Corbet, a lively adventurer with a playful spirit, thrives on the excitement of exploration. He delights in chasing toys and investigating new surroundings, always eager for discovery. Corbet s palate is diverse, enjoying a variety of treats with enthusiasm. His favorite spot is by the window, where he can bask in the sunlight and observe the world outside. With his energetic personality and affectionate nature, Corbet brings joy to every corner of his domain.', 'corbet.jpg', 'Female', '16.04.2013'),
(15, 3, 'Yves', 1, '6,3', 50, 'Yves, a spirited explorer with an adventurous soul, revels in the thrill of discovery. He enjoys chasing toys and exploring new territories, his curiosity insatiable. Yves has a diverse palate, relishing a variety of treats with gusto. His favorite perch is by the window, where he can bask in the sunlight and observe the world outside. With his playful demeanor and affectionate nature, Yves brings joy and warmth to those around him.', 'yves.jpg', 'Male', '13.02.2024'),
(16, 2, 'Alecia', 18, '2,4', 35, 'Alecia, a spirited wanderer with a heart full of curiosity, finds joy in every moment of exploration. She loves chasing after toys and investigating hidden corners, her playful nature shining through. Alecia has a diverse palate, enjoying a variety of treats with gusto. Her favorite spot is by the window, where she can soak up the sunlight and watch the world outside. With her lively energy and affectionate personality, Alecia brings happiness to those around her.', 'alecia.jpg', 'Female', '29.10.2013'),
(17, 2, 'Nancy', 10, '2,9', 9, 'Nancy', 'nancy.jpg', 'Female', '20.11.2017'),
(18, 3, 'Martie', 14, '3', 41, 'Martie, a curious explorer with a playful spirit, thrives on the excitement of discovery. She enjoys chasing toys and investigating new nooks, her adventurous nature always leading her to new adventures. Martie has a diverse palate, savoring a variety of treats with enthusiasm. Her favorite spot is by the window, where she can bask in the sunlight and observe the world outside. With her energetic personality and affectionate demeanor, Martie brings joy and warmth to every corner of her home.', 'martie.jpg', 'Female', '29.05.2022'),
(19, 1, 'Gerri', 3, '0,8', 40, 'Gerri, an adventurous explorer with a playful heart, finds joy in every moment of discovery. He loves chasing after toys and investigating new surroundings, his curiosity knows no bounds. Gerri has a diverse palate, relishing a variety of treats with gusto. His favorite spot is by the window, where he can bask in the sunlight and watch the world outside. With his lively energy and affectionate nature, Gerri brings happiness to those around him.', 'gerri.jpg', 'Male', '08.06.2013'),
(20, 2, 'Addie', 3, '6,6', 28, 'Addie, a spirited adventurer with a playful soul, embraces every moment of exploration with enthusiasm. He delights in chasing after toys and discovering new hideaways, his curiosity driving him forward. Addie has a diverse palate, enjoying a variety of treats with relish. His favorite spot is by the window, where he can soak up the sunlight and observe the world outside. With his lively energy and affectionate demeanor, Addie brings joy and warmth to those around him.', 'addie.jpg', 'Male', '23.10.2012'),
(21, 3, 'Kennan', 1, '1,2', 29, 'Kennan, a spirited explorer with a playful nature, finds excitement in every new adventure. He enjoys chasing toys and exploring hidden corners, his curiosity guiding his every move. Kennan has a diverse palate, relishing a variety of treats with enthusiasm. His favorite perch is by the window, where he can bask in the sunlight and watch the world outside. With his lively personality and affectionate demeanor, Kennan brings joy to those fortunate enough to know him.', 'kennan.jpg', 'Male', '27.03.2015'),
(22, 2, 'Claudell', 2, '3,3', 13, 'Claudell, a spirited adventurer with a playful heart, thrives on the thrill of discovery. He revels in chasing after toys and exploring new territories, his curiosity driving his exploration. Claudell has a diverse palate, savoring a variety of treats with enthusiasm. His favorite spot is by the window, where he can bask in the sunlight and observe the world outside. With his energetic demeanor and affectionate nature, Claudell brings joy and warmth to every corner of his home.', 'claudell.jpg', 'Male', '09.05.2010'),
(23, 3, 'Godfry', 6, '6,8', 65, 'Godfry, a spirited explorer with a playful soul, delights in every moment of discovery. She loves chasing toys and investigating new nooks, her curiosity leading her on exciting adventures. Godfry has a diverse palate, enjoying a variety of treats with gusto. Her favorite spot is by the window, where she can bask in the sunlight and watch the world outside. With her lively energy and affectionate nature, Godfry brings joy and happiness to those around her.', 'godfry.jpg', 'Female', '04.09.2023'),
(24, 1, 'Jacquelyn', 4, '1,3', 25, 'Jacquelyn, a spirited adventurer with a playful spirit, revels in the excitement of exploration. He enjoys chasing after toys and investigating new nooks, his curiosity driving him forward. Jacquelyn has a diverse palate, relishing a variety of treats with enthusiasm. His favorite spot is by the window, where he can bask in the sunlight and observe the world outside. With his lively personality and affectionate demeanor, Jacquelyn brings joy to those fortunate enough to know him.', 'jacquelyn.jpg', 'Male', '24.07.2016'),
(25, 3, 'Petr', 6, '6', 47, 'Petr is a 6 year old cat, energetic and adventurous', 'petr.jpg', 'Female', '12.10.2010'),
(26, 3, 'Barnebas', 2, '6', 9, 'Barnebas, a spirited explorer with a playful heart, finds joy in every moment of discovery. She loves chasing after toys and exploring new hideaways, her curiosity driving her forward. Barnebas has a diverse palate, enjoying a variety of treats with enthusiasm. Her favorite spot is by the window, where she can bask in the sunlight and watch the world outside. With her energetic demeanor and affectionate nature, Barnebas brings happiness and warmth to those around her.', 'barnebas.jpg', 'Female', '22.12.2019'),
(27, 1, 'Sebastian', 3, '0,7', 40, 'Sebastian, a spirited adventurer with a playful soul, thrives on the excitement of exploration. He delights in chasing after toys and investigating new territories, his curiosity guiding his every move. Sebastian has a diverse palate, savoring a variety of treats with enthusiasm. His favorite perch is by the window, where he can bask in the sunlight and watch the world outside. With his lively personality and affectionate nature, Sebastian brings joy and warmth to every corner of his home.', 'sebastian.jpg', 'Male', '16.12.2009'),
(28, 2, 'Siana', 16, '1,1', 46, 'Siana, a spirited explorer with a playful heart, finds joy in every moment of discovery. She loves chasing after toys and exploring new hideaways, her curiosity leading her on exciting adventures. Siana has a diverse palate, enjoying a variety of treats with enthusiasm. Her favorite spot is by the window, where she can bask in the sunlight and watch the world outside. With her lively energy and affectionate nature, Siana brings happiness and warmth to those around her.', 'siana.jpg', 'Female', '01.04.2024'),
(29, 1, 'Ellery', 5, '6,3', 48, 'Ellery, a spirited adventurer with a playful soul, thrives on the excitement of exploration. He delights in chasing after toys and investigating new territories, his curiosity driving his every move. Ellery has a diverse palate, savoring a variety of treats with enthusiasm. His favorite perch is by the window, where he can bask in the sunlight and watch the world outside. With his lively personality and affectionate nature, Ellery brings joy and warmth to every corner of his home.', 'ellery.jpg', 'Male', '29.05.2021'),
(30, 2, 'Leigh', 8, '3,1', 13, 'Leigh, a spirited explorer with a playful heart, finds joy in every moment of discovery. He loves chasing after toys and exploring new hideaways, his curiosity leading him on exciting adventures. Leigh has a diverse palate, enjoying a variety of treats with enthusiasm. His favorite spot is by the window, where he can bask in the sunlight and watch the world outside. With his lively energy and affectionate nature, Leigh brings happiness and warmth to those around him.', 'leigh.jpg', 'Male', '26.04.2013'),
(31, 1, 'Iorgos', 14, '5,3', 10, 'Lorgos, a spirited explorer with a playful soul, delights in every moment of discovery. She loves chasing after toys and exploring new hideaways, her curiosity leading her on exciting adventures. Lorgos has a diverse palate, enjoying a variety of treats with enthusiasm. Her favorite spot is by the window, where she can bask in the sunlight and watch the world outside. With her lively energy and affectionate nature, Lorgos brings happiness and warmth to those around her.', 'iorgos.jpg', 'Female', '10.02.2018'),
(32, 1, 'De', 9, '0,3', 36, 'De, a spirited explorer with a playful heart, finds joy in every moment of discovery. She loves chasing after toys and exploring new hideaways, her curiosity leading her on exciting adventures. De has a diverse palate, enjoying a variety of treats with enthusiasm. Her favorite spot is by the window, where she can bask in the sunlight and watch the world outside. With her lively energy and affectionate nature, De brings happiness and warmth to those around her.', 'de.jpg', 'Female', '19.07.2020'),
(33, 3, 'Lou', 13, '2,7', 24, 'Lou, a spirited explorer with a playful soul, finds joy in every moment of discovery. She loves chasing after toys and exploring new hideaways, her curiosity leading her on exciting adventures. Lou has a diverse palate, enjoying a variety of treats with enthusiasm. Her favorite spot is by the window, where she can bask in the sunlight and watch the world outside. With her lively energy and affectionate nature, Lou brings happiness and warmth to those around her.', 'lou.jpg', 'Female', '13.08.2018'),
(34, 2, 'Kenny', 2, '6,3', 56, 'Kenny, a spirited explorer with a playful soul, finds joy in every moment of discovery. She loves chasing after toys and exploring new hideaways, her curiosity leading her on exciting adventures. Kenny has a diverse palate, enjoying a variety of treats with enthusiasm. Her favorite spot is by the window, where she can bask in the sunlight and watch the world outside. With her lively energy and affectionate nature, Kenny brings happiness and warmth to those around her. Walking dead reference', 'kenny.jpg', 'Female', '19.03.2022'),
(35, 3, 'Ariadne', 5, '2,1', 25, 'Ariadne, a spirited explorer with a playful soul, finds joy in every moment of discovery. He loves chasing after toys and exploring new hideaways, his curiosity leading him on exciting adventures. Ariadne has a diverse palate, enjoying a variety of treats with enthusiasm. His favorite spot is by the window, where he can bask in the sunlight and watch the world outside. With his lively energy and affectionate nature, Ariadne brings happiness and warmth to those around him.', 'ariadne.jpg', 'Male', '10.04.2011'),
(36, 2, 'Adel', 9, '4,2', 8, 'Adel, a seasoned explorer with a playful spirit, continues to find joy in every moment of discovery. She loves chasing after toys and exploring new hideaways, her curiosity as strong as ever. Adel has refined her palate over the years, savoring her favorite treats with a sense of nostalgia. Her favorite spot remains by the window, where she can soak up the sunlight and watch the world outside with wisdom in her eyes. With her enduring energy and affectionate nature, Adel continues to bring happiness and warmth to those around her, embodying the timeless spirit of feline curiosity.', 'adel.jpg', 'Female', '01.11.2021'),
(37, 3, 'Ethelred', 12, '5,5', 69, 'Ethelred, a wise explorer with a playful soul, finds joy in every moment of discovery. She loves chasing after toys and exploring new hideaways, her curiosity never fading. Ethelred has refined her palate over the years, savoring her favorite treats with a sense of nostalgia. Her favorite spot remains by the window, where she can bask in the sunlight and watch the world outside with wisdom in her eyes. With her enduring energy and affectionate nature, Ethelred continues to bring happiness and warmth to those around her, embodying the timeless spirit of feline curiosity.', 'ethelred.jpg', 'Female', '28.06.2012'),
(38, 3, 'Duffie', 1, '2,6', 68, 'Duffie, a youthful explorer with a playful spirit, embraces every moment with boundless enthusiasm. She delights in chasing after toys and discovering new hideaways, her curiosity guiding her adventures. Duffie s palate is still developing, eagerly sampling different treats with a sense of wonder. Her favorite spot is wherever the action is, whether it s by the window or in the heart of the household. With her lively energy and affectionate nature, Duffie brings joy and laughter to her home, embodying the playful spirit of youth.', 'duffie.jpg', 'Female', '21.07.2023'),
(39, 2, 'Teresa', 5, '4,1', 55, 'Teresa, a seasoned explorer with a gentle soul, finds joy in every moment of discovery. She loves to leisurely explore her surroundings, her curiosity leading her to new and interesting places. Teresa s palate is refined, savoring her favorite treats with a discerning taste. Her favorite spot is a cozy nook where she can relax and observe her surroundings. With her calm demeanor and affectionate nature, Teresa brings a sense of tranquility and warmth to those around her, embodying the timeless grace of a feline explorer.', 'teresa.jpg', 'Male', '20.08.2011'),
(40, 2, 'Aloise', 12, '4,5', 10, 'Aloise, a spirited adventurer with a playful heart, finds excitement in every new discovery. He loves to explore every nook and cranny, his curiosity leading him on endless adventures. Aloise enjoys a variety of treats, savoring each one with enthusiasm. His favorite spot is by the window, where he can soak up the sunlight and watch the world go by. With his lively energy and affectionate nature, Aloise brings joy and laughter to those around him, embodying the playful spirit of feline exploration.', 'aloise.jpg', 'Male', '16.04.2010'),
(41, 3, 'Basilio', 17, '5,7', 28, 'Basilio, a spirited explorer with a playful soul, finds joy in every moment of discovery. She loves to chase after toys and explore new hideaways, her curiosity leading her on exciting adventures. Basilio has a diverse palate, enjoying a variety of treats with enthusiasm. Her favorite spot is by the window, where she can bask in the sunlight and watch the world outside. With her lively energy and affectionate nature, Basilio brings happiness and warmth to those around her, embodying the playful spirit of feline exploration.', 'basilio.jpg', 'Female', '10.02.2012'),
(42, 2, 'Kelli', 14, '6,7', 37, 'Kelli, a spirited explorer with a playful heart, finds joy in every moment of discovery. She loves to chase after toys and explore new hideaways, her curiosity leading her on exciting adventures. Kelli has a diverse palate, enjoying a variety of treats with enthusiasm. Her favorite spot is by the window, where she can bask in the sunlight and watch the world outside. With her lively energy and affectionate nature, Kelli brings happiness and warmth to those around her, embodying the playful spirit of feline exploration.', 'kelli.jpg', 'Female', '22.07.2012'),
(43, 3, 'Rhona', 4, '2,8', 44, 'Rhona, a spirited explorer with a playful soul, finds joy in every moment of discovery. She loves to chase after toys and explore new hideaways, her curiosity leading her on exciting adventures. Rhona has a diverse palate, enjoying a variety of treats with enthusiasm. Her favorite spot is by the window, where she can bask in the sunlight and watch the world outside. With her lively energy and affectionate nature, Rhona brings happiness and warmth to those around her, embodying the playful spirit of feline exploration.', 'rhona.jpg', 'Female', '26.10.2014'),
(44, 2, 'Jakob', 15, '6,8', 55, 'Jakob, a spirited explorer with a playful heart, finds joy in every moment of discovery. She loves to chase after toys and explore new hideaways, her curiosity leading her on exciting adventures. Jakob has a diverse palate, enjoying a variety of treats with enthusiasm. Her favorite spot is by the window, where she can bask in the sunlight and watch the world outside. With her lively energy and affectionate nature, Jakob brings happiness and warmth to those around her, embodying the playful spirit of feline exploration.', 'jakob.jpg', 'Female', '03.04.2011'),
(45, 2, 'Joell', 0, '6,1', 23, 'Joe, a spirited explorer with a playful soul, finds joy in every moment of discovery. She loves to chase after toys and explore new hideaways, her curiosity leading her on exciting adventures. Joe has a diverse palate, enjoying a variety of treats with enthusiasm. Her favorite spot is by the window, where she can bask in the sunlight and watch the world outside. With her lively energy and affectionate nature, Joe brings happiness and warmth to those around her, embodying the playful spirit of feline exploration.', 'joell.jpg', 'Female', '08.10.2014'),
(46, 2, 'Elsa', 16, '4,8', 45, 'Elsa, a spirited explorer with a playful heart, finds joy in every moment of discovery. He loves to chase after toys and explore new hideaways, his curiosity leading him on exciting adventures. Elsa has a diverse palate, enjoying a variety of treats with enthusiasm. His favorite spot is by the window, where he can bask in the sunlight and watch the world outside. With his lively energy and affectionate nature, Elsa brings happiness and warmth to those around him, embodying the playful spirit of feline exploration.', 'elsa.jpg', 'Male', '09.01.2017'),
(47, 3, 'Giacomo', 16, '5,4', 38, 'Giacomo, a spirited explorer with a playful soul, finds joy in every moment of discovery. He loves to chase after toys and explore new hideaways, his curiosity leading him on exciting adventures. Giacomo has a diverse palate, enjoying a variety of treats with enthusiasm. His favorite spot is by the window, where he can bask in the sunlight and watch the world outside. With his lively energy and affectionate nature, Giacomo brings happiness and warmth to those around him, embodying the playful spirit of feline exploration.', 'giacomo.jpg', 'Male', '25.02.2019'),
(48, 3, 'Astrix', 15, '7', 61, 'Ash, a spirited adventurer with a playful heart, finds joy in every moment of discovery. He loves to chase after toys and explore new hideaways, his curiosity leading him on exciting adventures. Ash has a diverse palate, enjoying a variety of treats with enthusiasm. His favorite spot is by the window, where he can bask in the sunlight and watch the world outside. With his lively energy and affectionate nature, Ash brings happiness and warmth to those around him, embodying the playful spirit of feline exploration.', 'astrix.jpg', 'Male', '04.07.2022'),
(49, 1, 'Brietta', 0, '4,8', 41, 'Bri, a spirited explorer with a playful soul, finds joy in every moment of discovery. She loves to chase after toys and explore new hideaways, her curiosity leading her on exciting adventures. Bri has a diverse palate, enjoying a variety of treats with enthusiasm. Her favorite spot is by the window, where she can bask in the sunlight and watch the world outside. With her lively energy and affectionate nature, Bri brings happiness and warmth to those around her, embodying the playful spirit of feline exploration.', 'brietta.jpg', 'Female', '19.07.2019'),
(50, 3, 'Giulia', 12, '0,1', 8, 'Giulia, a spirited explorer with a playful heart, finds joy in every moment of discovery. She loves to chase after toys and explore new hideaways, her curiosity leading her on exciting adventures. Giulia has a diverse palate, enjoying a variety of treats with enthusiasm. Her favorite spot is by the window, where she can bask in the sunlight and watch the world outside. With her lively energy and affectionate nature, Giulia brings happiness and warmth to those around her, embodying the playful spirit of feline exploration.', 'giulia.jpg', 'Female', '14.09.2011'),
(51, 1, 'Stacee', 0, '2,6', 54, 'Stacee, a spirited explorer with a playful soul, finds joy in every moment of discovery. He loves to chase after toys and explore new hideaways, his curiosity leading him on exciting adventures. Stacee has a diverse palate, enjoying a variety of treats with enthusiasm. His favorite spot is by the window, where he can bask in the sunlight and watch the world outside. With his lively energy and affectionate nature, Stacee brings happiness and warmth to those around him, embodying the playful spirit of feline exploration.', 'stacee.jpg', 'Male', '28.09.2019'),
(52, 2, 'Erastus', 15, '2,4', 28, 'Era, a spirited explorer with a playful heart, finds joy in every moment of discovery. He loves to chase after toys and explore new hideaways, his curiosity leading him on exciting adventures. Era has a diverse palate, enjoying a variety of treats with enthusiasm. His favorite spot is by the window, where he can bask in the sunlight and watch the world outside. With his lively energy and affectionate nature, Era brings happiness and warmth to those around him, embodying the playful spirit of feline exploration.', 'erastus.jpg', 'Male', '14.12.2008'),
(53, 1, 'Ingaberg', 12, '6,8', 47, 'Inga, a spirited explorer with a playful soul, finds joy in every moment of discovery. He loves to chase after toys and explore new hideaways, his curiosity leading him on exciting adventures. Inga has a diverse palate, enjoying a variety of treats with enthusiasm. His favorite spot is by the window, where he can bask in the sunlight and watch the world outside. With his lively energy and affectionate nature, Inga brings happiness and warmth to those around him, embodying the playful spirit of feline exploration.', 'ingaberg.jpg', 'Male', '26.12.2019'),
(54, 1, 'Livvy', 3, '1,2', 21, 'Liv, a spirited explorer with a playful soul, finds joy in every moment of discovery. She loves to chase after toys and explore new hideaways, her curiosity leading her on exciting adventures. Liv has a diverse palate, enjoying a variety of treats with enthusiasm. Her favorite spot is by the window, where she can bask in the sunlight and watch the world outside. With her lively energy and affectionate nature, Liv brings happiness and warmth to those around her, embodying the playful spirit of feline exploration.', 'livvy.jpg', 'Female', '22.06.2011'),
(55, 2, 'Gar', 17, '3,5', 19, 'Gar, a spirited explorer with a playful heart, finds joy in every moment of discovery. He loves to chase after toys and explore new hideaways, his curiosity leading him on exciting adventures. Gar has a diverse palate, enjoying a variety of treats with enthusiasm. His favorite spot is by the window, where he can bask in the sunlight and watch the world outside. With his lively energy and affectionate nature, Gar brings happiness and warmth to those around him, embodying the playful spirit of feline exploration.', 'gar.png', 'Male', '21.02.2015'),
(56, 3, 'Lilas', 16, '6,2', 44, 'Lilas, a spirited explorer with a playful soul, finds joy in every moment of discovery. He loves to chase after toys and explore new hideaways, his curiosity leading him on exciting adventures. Lilas has a diverse palate, enjoying a variety of treats with enthusiasm. His favorite spot is by the window, where he can bask in the sunlight and watch the world outside. With his lively energy and affectionate nature, Lilas brings happiness and warmth to those around him, embodying the playful spirit of feline exploration.', 'lilas.jpg', 'Male', '24.10.2015'),
(57, 2, 'Sandie', 8, '1,5', 14, 'Sandie, a spirited explorer with a playful heart, finds joy in every moment of discovery. He loves to chase after toys and explore new hideaways, his curiosity leading him on exciting adventures. Sandie has a diverse palate, enjoying a variety of treats with enthusiasm. His favorite spot is by the window, where he can bask in the sunlight and watch the world outside. With his lively energy and affectionate nature, Sandie brings happiness and warmth to those around him, embodying the playful spirit of feline exploration.', 'sandie.jpg', 'Male', '05.03.2018'),
(58, 3, 'Reginauld', 5, '0,9', 34, 'Regina, a spirited explorer with a playful soul, finds joy in every moment of discovery. She loves to chase after toys and explore new hideaways, her curiosity leading her on exciting adventures. Regina has a diverse palate, enjoying a variety of treats with enthusiasm. Her favorite spot is by the window, where she can bask in the sunlight and watch the world outside. With her lively energy and affectionate nature, Regina brings happiness and warmth to those around her, embodying the playful spirit of feline exploration.', 'reginauld.jpg', 'Female', '27.11.2019'),
(59, 3, 'Anastassia', 17, '5,4', 53, 'Ana, a spirited explorer with a playful soul, finds joy in every moment of discovery. He loves to chase after toys and explore new hideaways, his curiosity leading him on exciting adventures. Ana has a diverse palate, enjoying a variety of treats with enthusiasm. His favorite spot is by the window, where he can bask in the sunlight and watch the world outside. With his lively energy and affectionate nature, Ana brings happiness and warmth to those around him, embodying the playful spirit of feline exploration.', 'anastassia.jpg', 'Male', '17.01.2009'),
(60, 1, 'Carilyn', 18, '6,5', 29, 'Car, a spirited explorer with a playful heart, finds joy in every moment of discovery. He loves to chase after toys and explore new hideaways, his curiosity leading him on exciting adventures. Car has a diverse palate, enjoying a variety of treats with enthusiasm. His favorite spot is by the window, where he can bask in the sunlight and watch the world outside. With his lively energy and affectionate nature, Car brings happiness and warmth to those around him, embodying the playful spirit of feline exploration.', 'carilyn.jpg', 'Male', '16.07.2011'),
(61, 3, 'Karel', 4, '2', 32, 'Kárl.', 'karel.jpg', 'Male', '20.10.2014'),
(62, 1, 'Row', 16, '5,2', 15, 'Row, a spirited explorer with a playful soul, finds joy in every moment of discovery. She loves to chase after toys and explore new hideaways, her curiosity leading her on exciting adventures. Row has a diverse palate, enjoying a variety of treats with enthusiasm. Her favorite spot is by the window, where she can bask in the sunlight and watch the world outside. With her lively energy and affectionate nature, Row brings happiness and warmth to those around her, embodying the playful spirit of feline exploration.', 'row.jpg', 'Female', '29.01.2024'),
(63, 3, 'Elke', 7, '2,6', 47, 'Elke, a spirited explorer with a playful heart, finds joy in every moment of discovery. He loves to chase after toys and explore new hideaways, his curiosity leading him on exciting adventures. Elke has a diverse palate, enjoying a variety of treats with enthusiasm. His favorite spot is by the window, where he can bask in the sunlight and watch the world outside. With his lively energy and affectionate nature, Elke brings happiness and warmth to those around him, embodying the playful spirit of feline exploration.', 'elke.jpg', 'Male', '20.07.2018'),
(64, 2, 'Glynnis', 8, '6,7', 44, 'Glyn, a spirited explorer with a playful soul, finds joy in every moment of discovery. She loves to chase after toys and explore new hideaways, her curiosity leading her on exciting adventures. Glyn has a diverse palate, enjoying a variety of treats with enthusiasm. Her favorite spot is by the window, where she can bask in the sunlight and watch the world outside. With her lively energy and affectionate nature, Glyn brings happiness and warmth to those around her, embodying the playful spirit of feline exploration.', 'glynnis.jpg', 'Female', '16.11.2015'),
(65, 1, 'Aurelea', 3, '2,6', 18, 'Aurelea, a spirited explorer with a playful heart, finds joy in every moment of discovery. She loves to chase after toys and explore new hideaways, her curiosity leading her on exciting adventures. Aurelea has a diverse palate, enjoying a variety of treats with enthusiasm. Her favorite spot is by the window, where she can bask in the sunlight and watch the world outside. With her lively energy and affectionate nature, Aurelea brings happiness and warmth to those around her, embodying the playful spirit of feline exploration.', 'aurelea.jpg', 'Female', '23.05.2019'),
(66, 2, 'Earle', 5, '3,5', 42, 'Earle, a spirited explorer with a playful soul, finds joy in every moment of discovery. She loves to chase after toys and explore new hideaways, her curiosity leading her on exciting adventures. Earle has a diverse palate, enjoying a variety of treats with enthusiasm. Her favorite spot is by the window, where she can bask in the sunlight and watch the world outside. With her lively energy and affectionate nature, Earle brings happiness and warmth to those around her, embodying the playful spirit of feline exploration.', 'earle.jpg', 'Female', '25.05.2020'),
(67, 1, 'Jonas', 0, '3,7', 21, 'Jonas, a spirited explorer with a playful soul, finds joy in every moment of discovery. She loves to chase after toys and explore new hideaways, her curiosity leading her on exciting adventures. Jonas has a diverse palate, enjoying a variety of treats with enthusiasm. Her favorite spot is by the window, where she can bask in the sunlight and watch the world outside. With her lively energy and affectionate nature, Jonas brings happiness and warmth to those around her, embodying the playful spirit of feline exploration.', 'jonas.jpg', 'Female', '20.10.2020'),
(68, 2, 'Finley', 11, '2,4', 34, 'Fin, a spirited explorer with a playful soul, finds joy in every moment of discovery. She loves to chase after toys and explore new hideaways, her curiosity leading her on exciting adventures. Fin has a diverse palate, enjoying a variety of treats with enthusiasm. Her favorite spot is by the window, where she can bask in the sunlight and watch the world outside. With her lively energy and affectionate nature, Fin brings happiness and warmth to those around her, embodying the playful spirit of feline exploration.', 'finley.jpg', 'Female', '20.08.2017'),
(69, 3, 'Carol-jean', 12, '6,4', 32, 'Carol, a spirited explorer with a playful heart, finds joy in every moment of discovery. He loves to chase after toys and explore new hideaways, his curiosity leading him on exciting adventures. Carol has a diverse palate, enjoying a variety of treats with enthusiasm. His favorite spot is by the window, where he can bask in the sunlight and watch the world outside. With his lively energy and affectionate nature, Carol brings happiness and warmth to those around him, embodying the playful spirit of feline exploration.', 'carol-jean.jpg', 'Male', '22.06.2009'),
(70, 3, 'Loralee', 18, '5,4', 27, 'Lora, a spirited explorer with a playful soul, finds joy in every moment of discovery. She loves to chase after toys and explore new hideaways, her curiosity leading her on exciting adventures. Lora has a diverse palate, enjoying a variety of treats with enthusiasm. Her favorite spot is by the window, where she can bask in the sunlight and watch the world outside. With her lively energy and affectionate nature, Lora brings happiness and warmth to those around her, embodying the playful spirit of feline exploration.', 'loralee.jpg', 'Female', '17.07.2020'),
(71, 1, 'Friederike', 6, '5,1', 24, 'Friederike, a spirited explorer with a playful heart, finds joy in every moment of discovery. He loves to chase after toys and explore new hideaways, his curiosity leading him on exciting adventures. Friederike has a diverse palate, enjoying a variety of treats with enthusiasm. His favorite spot is by the window, where he can bask in the sunlight and watch the world outside. With his lively energy and affectionate nature, Friederike brings happiness and warmth to those around him, embodying the playful spirit of feline exploration.', 'friederike.jpg', 'Male', '01.09.2016'),
(72, 2, 'Sadye', 6, '6,9', 2, 'Sadye, a spirited explorer with a playful soul, finds joy in every moment of discovery. She loves to chase after toys and explore new hideaways, her curiosity leading her on exciting adventures. Sadye has a diverse palate, enjoying a variety of treats with enthusiasm. Her favorite spot is by the window, where she can bask in the sunlight and watch the world outside. With her lively energy and affectionate nature, Sadye brings happiness and warmth to those around her, embodying the playful spirit of feline exploration.', 'sadye.jpg', 'Female', '26.01.2023'),
(73, 2, 'Locke', 9, '1,9', 60, 'Locke, a spirited explorer with a playful heart, finds joy in every moment of discovery. He loves to chase after toys and explore new hideaways, his curiosity leading him on exciting adventures. Locke has a diverse palate, enjoying a variety of treats with enthusiasm. His favorite spot is by the window, where he can bask in the sunlight and watch the world outside. With his lively energy and affectionate nature, Locke brings happiness and warmth to those around him, embodying the playful spirit of feline exploration.', 'locke.jpg', 'Male', '26.02.2022'),
(74, 1, 'Janek', 18, '4,9', 40, 'Janek', 'janek.jpg', 'Male', '18.07.2018'),
(75, 2, 'Brian', 2, '6,2', 36, 'Brian, a spirited explorer with a playful soul, finds joy in every moment of discovery. He loves to chase after toys and explore new hideaways, his curiosity leading him on exciting adventures. Brian has a diverse palate, enjoying a variety of treats with enthusiasm. His favorite spot is by the window, where he can bask in the sunlight and watch the world outside. With his lively energy and affectionate nature, Brian brings happiness and warmth to those around him, embodying the playful spirit of feline exploration.', 'brian.jpg', 'Male', '10.11.2011'),
(76, 3, 'Jedd', 10, '5,1', 43, 'Jedd, a spirited explorer with a playful soul, finds joy in every moment of discovery. She loves to chase after toys and explore new hideaways, her curiosity leading her on exciting adventures. Jedd has a diverse palate, enjoying a variety of treats with enthusiasm. Her favorite spot is by the window, where she can bask in the sunlight and watch the world outside. With her lively energy and affectionate nature, Jedd brings happiness and warmth to those around her, embodying the playful spirit of feline exploration.', 'jedd.jpg', 'Female', '26.12.2016'),
(77, 2, 'Melisse', 6, '0,9', 38, 'Mel, a spirited explorer with a playful soul, finds joy in every moment of discovery. He loves to chase after toys and explore new hideaways, his curiosity leading him on exciting adventures. Mal has a diverse palate, enjoying a variety of treats with enthusiasm. His favorite spot is by the window, where he can bask in the sunlight and watch the world outside. With his lively energy and affectionate nature, Mal brings happiness and warmth to those around him, embodying the playful spirit of feline exploration.', 'melisse.jpg', 'Male', '02.04.2009'),
(78, 2, 'Reg', 11, '5,7', 55, 'Reg, a spirited explorer with a playful heart, finds joy in every moment of discovery. She loves to chase after toys and explore new hideaways, her curiosity leading her on exciting adventures. Reg has a diverse palate, enjoying a variety of treats with enthusiasm. Her favorite spot is by the window, where she can bask in the sunlight and watch the world outside. With her lively energy and affectionate nature, Reg brings happiness and warmth to those around her, embodying the playful spirit of feline exploration.', 'reg2.jpg', 'Female', '26.03.2015'),
(79, 1, 'Jewel', 8, '1,9', 55, 'Jewel, a spirited explorer with a playful soul, finds joy in every moment of discovery. She loves to chase after toys and explore new hideaways, her curiosity leading her on exciting adventures. Jewel has a diverse palate, enjoying a variety of treats with enthusiasm. Her favorite spot is by the window, where she can bask in the sunlight and watch the world outside. With her lively energy and affectionate nature, Jewel brings happiness and warmth to those around her, embodying the playful spirit of feline exploration.', 'jewel.jpg', 'Female', '08.10.2022'),
(80, 1, 'Antons', 18, '0,9', 49, 'Antons, a spirited explorer with a playful heart, finds joy in every moment of discovery. He loves to chase after toys and explore new hideaways, his curiosity leading him on exciting adventures. Antons has a diverse palate, enjoying a variety of treats with enthusiasm. His favorite spot is by the window, where he can bask in the sunlight and watch the world outside. With his lively energy and affectionate nature, Antons brings happiness and warmth to those around him, embodying the playful spirit of feline exploration.', 'antons.jpg', 'Male', '25.10.2015'),
(81, 3, 'Roosevelt', 4, '6,6', 36, 'Roosevelt, a spirited explorer with a playful soul, finds joy in every moment of discovery. She loves to chase after toys and explore new hideaways, her curiosity leading her on exciting adventures. Roosevelt has a diverse palate, enjoying a variety of treats with enthusiasm. Her favorite spot is by the window, where she can bask in the sunlight and watch the world outside. With her lively energy and affectionate nature, Roosevelt brings happiness and warmth to those around her, embodying the playful spirit of feline exploration.', 'roosevelt.jpg', 'Female', '24.06.2022'),
(82, 3, 'Dorrie', 3, '5,5', 69, 'Dorrie, a spirited explorer with a playful heart, finds joy in every moment of discovery. He loves to chase after toys and explore new hideaways, his curiosity leading him on exciting adventures. Dorrie has a diverse palate, enjoying a variety of treats with enthusiasm. His favorite spot is by the window, where he can bask in the sunlight and watch the world outside. With his lively energy and affectionate nature, Dorrie brings happiness and warmth to those around him, embodying the playful spirit of feline exploration.', 'dorrie.jpg', 'Male', '11.11.2008'),
(83, 2, 'Emlyn', 16, '4,1', 26, 'Em, a spirited explorer with a playful soul, finds joy in every moment of discovery. He loves to chase after toys and explore new hideaways, his curiosity leading him on exciting adventures. Em has a diverse palate, enjoying a variety of treats with enthusiasm. His favorite spot is by the window, where he can bask in the sunlight and watch the world outside. With his lively energy and affectionate nature, Em brings happiness and warmth to those around him, embodying the playful spirit of feline exploration.', 'emlyn.jpg', 'Male', '02.09.2021'),
(84, 1, 'Venus', 8, '1,7', 56, 'Venus, a spirited explorer with a playful heart, finds joy in every moment of discovery. She loves to chase after toys and explore new hideaways, her curiosity leading her on exciting adventures. Venus has a diverse palate, enjoying a variety of treats with enthusiasm. Her favorite spot is by the window, where she can bask in the sunlight and watch the world outside. With her lively energy and affectionate nature, Venus brings happiness and warmth to those around her, embodying the playful spirit of feline exploration.', 'venus.jpg', 'Female', '25.11.2019'),
(85, 3, 'Rahel', 3, '6,9', 36, 'Rahel, a spirited explorer with a playful soul, finds joy in every moment of discovery. She loves to chase after toys and explore new hideaways, her curiosity leading her on exciting adventures. Rahel has a diverse palate, enjoying a variety of treats with enthusiasm. Her favorite spot is by the window, where she can bask in the sunlight and watch the world outside. With her lively energy and affectionate nature, Rahel brings happiness and warmth to those around her, embodying the playful spirit of feline exploration.', 'rahel.jpg', 'Female', '09.06.2022'),
(86, 3, 'Theresina', 10, '0,6', 60, 'Theresina, a spirited explorer with a playful heart, finds joy in every moment of discovery. She loves to chase after toys and explore new hideaways, her curiosity leading her on exciting adventures. Theresina has a diverse palate, enjoying a variety of treats with enthusiasm. Her favorite spot is by the window, where she can bask in the sunlight and watch the world outside. With her lively energy and affectionate nature, Theresina brings happiness and warmth to those around her, embodying the playful spirit of feline exploration.', 'theresina.jpg', 'Female', '02.10.2012'),
(87, 3, 'Joshua', 10, '4,1', 42, 'Josh, a spirited explorer with a playful soul, finds joy in every moment of discovery. She loves to chase after toys and explore new hideaways, her curiosity leading her on exciting adventures. Josh has a diverse palate, enjoying a variety of treats with enthusiasm. Her favorite spot is by the window, where she can bask in the sunlight and watch the world outside. With her lively energy and affectionate nature, Josh brings happiness and warmth to those around her, embodying the playful spirit of feline exploration.', 'joshua.jpg', 'Female', '18.11.2022'),
(88, 1, 'Betti', 18, '1,3', 3, 'Bet, a spirited explorer with a playful soul, finds joy in every moment of discovery. She loves to chase after toys and explore new hideaways, her curiosity leading her on exciting adventures. Bet has a diverse palate, enjoying a variety of treats with enthusiasm. Her favorite spot is by the window, where she can bask in the sunlight and watch the world outside. With her lively energy and affectionate nature, Bet brings happiness and warmth to those around her, embodying the playful spirit of feline exploration.', 'betti.jpg', 'Female', '17.03.2020'),
(89, 2, 'Ogdan', 8, '4,4', 10, 'Ogdan, a spirited explorer with a playful heart, finds joy in every moment of discovery. He loves to chase after toys and explore new hideaways, his curiosity leading him on exciting adventures. Ogdan has a diverse palate, enjoying a variety of treats with enthusiasm. His favorite spot is by the window, where he can bask in the sunlight and watch the world outside. With his lively energy and affectionate nature, Ogdan brings happiness and warmth to those around him, embodying the playful spirit of feline exploration.', 'ogdan.jpg', 'Male', '03.07.2022'),
(90, 1, 'Chad', 14, '6,5', 55, 'Chad frfr', 'chad.jpg', 'Male', '25.01.2009'),
(91, 2, 'Willey', 3, '1', 41, 'Will, a spirited explorer with a playful soul, finds joy in every moment of discovery. He loves to chase after toys and explore new hideaways, his curiosity leading him on exciting adventures. Will has a diverse palate, enjoying a variety of treats with enthusiasm. His favorite spot is by the window, where he can bask in the sunlight and watch the world outside. With his lively energy and affectionate nature, Will brings happiness and warmth to those around him, embodying the playful spirit of feline exploration.', 'willey.jpg', 'Male', '22.07.2016');
INSERT INTO `ut_kocka` (`id_kocka`, `status`, `jmeno`, `vek`, `vaha`, `plemeno_id`, `popis`, `fotografie`, `pohlavi`, `narozeni`) VALUES
(92, 2, 'Adriena', 6, '5,8', 42, 'Ad, a spirited explorer with a playful heart, finds joy in every moment of discovery. He loves to chase after toys and explore new hideaways, his curiosity leading him on exciting adventures. Ad has a diverse palate, enjoying a variety of treats with enthusiasm. His favorite spot is by the window, where he can bask in the sunlight and watch the world outside. With his lively energy and affectionate nature, Ad brings happiness and warmth to those around him, embodying the playful spirit of feline exploration.', 'adriena.jpg', 'Male', '22.06.2017'),
(93, 3, 'Friederike', 2, '3,7', 18, 'Friederike, a spirited explorer with a playful heart, finds joy in every moment of discovery. He loves to chase after toys and explore new hideaways, his curiosity leading him on exciting adventures. Friederike has a diverse palate, enjoying a variety of treats with enthusiasm. His favorite spot is by the window, where he can bask in the sunlight and watch the world outside. With his lively energy and affectionate nature, Friederike brings happiness and warmth to those around him, embodying the playful spirit of feline exploration.', 'friederike.jpg', 'Male', '09.11.2008'),
(94, 2, 'Benjamen', 16, '5,9', 19, 'Ben, a spirited explorer with a playful soul, finds joy in every moment of discovery. He loves to chase after toys and explore new hideaways, his curiosity leading him on exciting adventures. Ben has a diverse palate, enjoying a variety of treats with enthusiasm. His favorite spot is by the window, where he can bask in the sunlight and watch the world outside. With his lively energy and affectionate nature, Ben brings happiness and warmth to those around him, embodying the playful spirit of feline exploration.', 'benjamen.jpg', 'Male', '18.05.2020'),
(95, 2, 'Myrlene', 17, '1,2', 31, 'Ben, a spirited explorer with a playful soul, finds joy in every moment of discovery. He loves to chase after toys and explore new hideaways, his curiosity leading him on exciting adventures. Ben has a diverse palate, enjoying a variety of treats with enthusiasm. His favorite spot is by the window, where he can bask in the sunlight and watch the world outside. With his lively energy and affectionate nature, Ben brings happiness and warmth to those around him, embodying the playful spirit of feline exploration.', 'myrlene.jpg', 'Female', '29.10.2009'),
(96, 3, 'Maureene', 2, '6,4', 53, 'Maureene, a spirited explorer with a playful heart, finds joy in every moment of discovery. He loves to chase after toys and explore new hideaways, his curiosity leading him on exciting adventures. Maureene has a diverse palate, enjoying a variety of treats with enthusiasm. His favorite spot is by the window, where he can bask in the sunlight and watch the world outside. With his lively energy and affectionate nature, Maureene brings happiness and warmth to those around him, embodying the playful spirit of feline exploration.', 'maureene.jpg', 'Male', '10.12.2009'),
(97, 1, 'Cesya', 17, '5,5', 23, 'Ces, a spirited explorer with a playful heart, finds joy in every moment of discovery. He loves to chase after toys and explore new hideaways, his curiosity leading him on exciting adventures. Ces has a diverse palate, enjoying a variety of treats with enthusiasm. His favorite spot is by the window, where he can bask in the sunlight and watch the world outside. With his lively energy and affectionate nature, Ces brings happiness and warmth to those around him, embodying the playful spirit of feline exploration.', 'cesya.jpg', 'Male', '12.12.2009'),
(98, 3, 'Brit', 5, '6,7', 35, 'Britt, a spirited explorer with a playful soul, finds joy in every moment of discovery. She loves to chase after toys and explore new hideaways, her curiosity leading her on exciting adventures. Britt has a diverse palate, enjoying a variety of treats with enthusiasm. Her favorite spot is by the window, where she can bask in the sunlight and watch the world outside. With her lively energy and affectionate nature, Britt brings happiness and warmth to those around her, embodying the playful spirit of feline exploration.', 'brit.jpg', 'Female', '07.07.2015'),
(99, 1, 'Anabella', 13, '4', 32, 'Ana, a spirited explorer with a playful soul, finds joy in every moment of discovery. She loves to chase after toys and explore new hideaways, her curiosity leading her on exciting adventures. Ana has a diverse palate, enjoying a variety of treats with enthusiasm. Her favorite spot is by the window, where she can bask in the sunlight and watch the world outside. With her lively energy and affectionate nature, Ana brings happiness and warmth to those around her, embodying the playful spirit of feline exploration.', 'anabella.jpg', 'Female', '08.06.2018'),
(100, 1, 'Vincents', 17, '4,7', 33, 'Vincent, a spirited explorer with a playful heart, finds joy in every moment of discovery. She loves to chase after toys and explore new hideaways, her curiosity leading her on exciting adventures. Vincent has a diverse palate, enjoying a variety of treats with enthusiasm. Her favorite spot is by the window, where she can bask in the sunlight and watch the world outside. With her lively energy and affectionate nature, Vincent brings happiness and warmth to those around her, embodying the playful spirit of feline exploration.', 'vincents.jpg', 'Female', '23.11.2016'),
(101, 2, 'Melamie', 16, '2,3', 7, 'Mel, a spirited explorer with a playful soul, finds joy in every moment of discovery. She loves to chase after toys and explore new hideaways, her curiosity leading her on exciting adventures. Mel has a diverse palate, enjoying a variety of treats with enthusiasm. Her favorite spot is by the window, where she can bask in the sunlight and watch the world outside. With her lively energy and affectionate nature, Mel brings happiness and warmth to those around her, embodying the playful spirit of feline exploration.', 'melamie.jpg', 'Female', '25.11.2010'),
(102, 1, 'Townie', 7, '3,2', 20, 'Townie :3', 'townie.jpg', 'Female', '08.02.2012'),
(103, 2, 'Christoper', 9, '1,7', 62, 'Chris, a spirited explorer with a playful soul, finds joy in every moment of discovery. She loves to chase after toys and explore new hideaways, her curiosity leading her on exciting adventures. Chris has a diverse palate, enjoying a variety of treats with enthusiasm. Her favorite spot is by the window, where she can bask in the sunlight and watch the world outside. With her lively energy and affectionate nature, Chris brings happiness and warmth to those around her, embodying the playful spirit of feline exploration.', 'christoper.jpg', 'Female', '25.09.2017'),
(104, 1, 'Beatrisa', 12, '4,3', 70, 'Bea, a spirited explorer with a playful heart, finds joy in every moment of discovery. He loves to chase after toys and explore new hideaways, his curiosity leading him on exciting adventures. Bea has a diverse palate, enjoying a variety of treats with enthusiasm. His favorite spot is by the window, where he can bask in the sunlight and watch the world outside. With his lively energy and affectionate nature, Bea brings happiness and warmth to those around him, embodying the playful spirit of feline exploration.', 'beatrisa.jpg', 'Male', '17.05.2012'),
(105, 3, 'Marleen', 16, '1,8', 26, 'Marleen, a spirited explorer with a playful heart, finds joy in every moment of discovery. He loves to chase after toys and explore new hideaways, his curiosity leading him on exciting adventures. Marleen has a diverse palate, enjoying a variety of treats with enthusiasm. His favorite spot is by the window, where he can bask in the sunlight and watch the world outside. With his lively energy and affectionate nature, Marleen brings happiness and warmth to those around him, embodying the playful spirit of feline exploration.', 'marleen.jpg', 'Male', '27.02.2017'),
(106, 2, 'Melodee', 6, '5,6', 18, 'Melodee, a spirited explorer with a playful soul, finds joy in every moment of discovery. She loves to chase after toys and explore new hideaways, her curiosity leading her on exciting adventures. Melodee has a diverse palate, enjoying a variety of treats with enthusiasm. Her favorite spot is by the window, where she can bask in the sunlight and watch the world outside. With her lively energy and affectionate nature, Melodee brings happiness and warmth to those around her, embodying the playful spirit of feline exploration.', 'melodee.jpg', 'Female', '26.07.2013'),
(107, 2, 'Dionisio', 16, '5,2', 22, 'Dio, a spirited explorer with a playful heart, finds joy in every moment of discovery. He loves to chase after toys and explore new hideaways, his curiosity leading him on exciting adventures. Dio has a diverse palate, enjoying a variety of treats with enthusiasm. His favorite spot is by the window, where he can bask in the sunlight and watch the world outside. With his lively energy and affectionate nature, Dio brings happiness and warmth to those around him, embodying the playful spirit of feline exploration.', 'dionisio.jpg', 'Male', '31.12.2013'),
(108, 1, 'Jerrilee', 8, '2,9', 47, 'Jer, a spirited explorer with a playful soul, finds joy in every moment of discovery. She loves to chase after toys and explore new hideaways, her curiosity leading her on exciting adventures. Jer has a diverse palate, enjoying a variety of treats with enthusiasm. Her favorite spot is by the window, where she can bask in the sunlight and watch the world outside. With her lively energy and affectionate nature, Jer brings happiness and warmth to those around her, embodying the playful spirit of feline exploration.', 'jerrilee.jpg', 'Female', '03.07.2009'),
(109, 3, 'Griz', 16, '5,7', 40, 'Griz, a spirited explorer with a playful heart, finds joy in every moment of discovery. She loves to chase after toys and explore new hideaways, her curiosity leading her on exciting adventures. Griz has a diverse palate, enjoying a variety of treats with enthusiasm. Her favorite spot is by the window, where she can bask in the sunlight and watch the world outside. With her lively energy and affectionate nature, Griz brings happiness and warmth to those around her, embodying the playful spirit of feline exploration.', 'griz.jpg', 'Female', '18.01.2021'),
(110, 2, 'Bond', 2, '1,3', 39, 'Bond, a spirited explorer with a playful soul, finds joy in every moment of discovery. She loves to chase after toys and explore new hideaways, her curiosity leading her on exciting adventures. Bond has a diverse palate, enjoying a variety of treats with enthusiasm. Her favorite spot is by the window, where she can bask in the sunlight and watch the world outside. With her lively energy and affectionate nature, Bond brings happiness and warmth to those around her, embodying the playful spirit of feline exploration.', 'bond.jpg', 'Female', '24.12.2017'),
(111, 1, 'Madelin', 11, '3,6', 42, 'Madelin, a spirited explorer with a playful heart, finds joy in every moment of discovery. She loves to chase after toys and explore new hideaways, her curiosity leading her on exciting adventures. Madelin has a diverse palate, enjoying a variety of treats with enthusiasm. Her favorite spot is by the window, where she can bask in the sunlight and watch the world outside. With her lively energy and affectionate nature, Madelin brings happiness and warmth to those around her, embodying the playful spirit of feline exploration.', 'madelin.jpg', 'Female', '30.12.2013'),
(112, 1, 'Harley', 2, '2', 30, 'Harley, a spirited explorer with a playful soul, finds joy in every moment of discovery. She loves to chase after toys and explore new hideaways, her curiosity leading her on exciting adventures. Harley has a diverse palate, enjoying a variety of treats with enthusiasm. Her favorite spot is by the window, where she can bask in the sunlight and watch the world outside. With her lively energy and affectionate nature, Harley brings happiness and warmth to those around her, embodying the playful spirit of feline exploration.', 'harley.jpg', 'Female', '25.02.2018'),
(113, 1, 'Sherri', 4, '5', 24, 'Sherri, a spirited explorer with a playful heart, finds joy in every moment of discovery. He loves to chase after toys and explore new hideaways, his curiosity leading him on exciting adventures. Sherri has a diverse palate, enjoying a variety of treats with enthusiasm. His favorite spot is by the window, where he can bask in the sunlight and watch the world outside. With his lively energy and affectionate nature, Sherri brings happiness and warmth to those around him, embodying the playful spirit of feline exploration.', 'sherri.jpg', 'Male', '16.08.2023'),
(114, 2, 'Idalina', 11, '5,9', 63, 'Ida, a spirited explorer with a playful soul, finds joy in every moment of discovery. She loves to chase after toys and explore new hideaways, her curiosity leading her on exciting adventures. Ida has a diverse palate, enjoying a variety of treats with enthusiasm. Her favorite spot is by the window, where she can bask in the sunlight and watch the world outside. With her lively energy and affectionate nature, Ida brings happiness and warmth to those around her, embodying the playful spirit of feline exploration.', 'idalina.jpg', 'Female', '11.02.2020'),
(115, 2, 'Vanessa', 7, '4,2', 64, 'Vanessa, a spirited explorer with a playful heart, finds joy in every moment of discovery. He loves to chase after toys and explore new hideaways, his curiosity leading him on exciting adventures. Vanessa has a diverse palate, enjoying a variety of treats with enthusiasm. His favorite spot is by the window, where he can bask in the sunlight and watch the world outside. With his lively energy and affectionate nature, Vanessa brings happiness and warmth to those around him, embodying the playful spirit of feline exploration.', 'vanessa.jpg', 'Male', '01.02.2019'),
(116, 3, 'Broderick', 8, '4,4', 54, 'Brod, a spirited explorer with a playful heart, finds joy in every moment of discovery. He loves to chase after toys and explore new hideaways, his curiosity leading him on exciting adventures. Brod has a diverse palate, enjoying a variety of treats with enthusiasm. His favorite spot is by the window, where he can bask in the sunlight and watch the world outside. With his lively energy and affectionate nature, Brod brings happiness and warmth to those around him, embodying the playful spirit of feline exploration.', 'broderick.jpg', 'Male', '30.01.2013'),
(117, 1, 'Lee', 0, '2,4', 34, 'Lee, a spirited explorer with a playful soul, finds joy in every moment of discovery. She loves to chase after toys and explore new hideaways, her curiosity leading her on exciting adventures. Lee has a diverse palate, enjoying a variety of treats with enthusiasm. Her favorite spot is by the window, where she can bask in the sunlight and watch the world outside. With her lively energy and affectionate nature, Lee brings happiness and warmth to those around her, embodying the playful spirit of feline exploration.', 'lee.jpg', 'Female', '10.09.2012'),
(118, 3, 'Lorri', 9, '5,6', 56, 'Lorri, a spirited explorer with a playful soul, finds joy in every moment of discovery. She loves to chase after toys and explore new hideaways, her curiosity leading her on exciting adventures. Lorri has a diverse palate, enjoying a variety of treats with enthusiasm. Her favorite spot is by the window, where she can bask in the sunlight and watch the world outside. With her lively energy and affectionate nature, Lorri brings happiness and warmth to those around her, embodying the playful spirit of feline exploration.', 'lorri.jpg', 'Female', '11.03.2015'),
(119, 3, 'Evered', 16, '0,4', 2, 'Eve, a spirited explorer with a playful heart, finds joy in every moment of discovery. He loves to chase after toys and explore new hideaways, his curiosity leading him on exciting adventures. Eve has a diverse palate, enjoying a variety of treats with enthusiasm. His favorite spot is by the window, where he can bask in the sunlight and watch the world outside. With his lively energy and affectionate nature, Eve brings happiness and warmth to those around him, embodying the playful spirit of feline exploration.', 'evered.jpg', 'Male', '10.03.2013'),
(120, 2, 'Valina', 3, '2,1', 57, 'Valina, a spirited explorer with a playful heart, finds joy in every moment of discovery. He loves to chase after toys and explore new hideaways, his curiosity leading him on exciting adventures. Valina has a diverse palate, enjoying a variety of treats with enthusiasm. His favorite spot is by the window, where he can bask in the sunlight and watch the world outside. With his lively energy and affectionate nature, Valina brings happiness and warmth to those around him, embodying the playful spirit of feline exploration.', 'valina.jpg', 'Male', '07.12.2015'),
(121, 1, 'Tibold', 17, '3,1', 45, 'Tibold, a spirited explorer with a playful soul, finds joy in every moment of discovery. She loves to chase after toys and explore new hideaways, her curiosity leading her on exciting adventures. Tibold has a diverse palate, enjoying a variety of treats with enthusiasm. Her favorite spot is by the window, where she can bask in the sunlight and watch the world outside. With her lively energy and affectionate nature, Tibold brings happiness and warmth to those around her, embodying the playful spirit of feline exploration.', 'tibold.jpg', 'Female', '24.02.2013'),
(122, 1, 'Sileas', 3, '6,8', 52, 'Sileas, a spirited explorer with a playful heart, finds joy in every moment of discovery. She loves to chase after toys and explore new hideaways, her curiosity leading her on exciting adventures. Sileas has a diverse palate, enjoying a variety of treats with enthusiasm. Her favorite spot is by the window, where she can bask in the sunlight and watch the world outside. With her lively energy and affectionate nature, Sileas brings happiness and warmth to those around her, embodying the playful spirit of feline exploration.', 'sileas.jpg', 'Female', '20.01.2023'),
(123, 3, 'Ermentrude', 13, '1,7', 62, 'Ermentrude, a spirited explorer with a playful heart, finds joy in every moment of discovery. He loves to chase after toys and explore new hideaways, his curiosity leading him on exciting adventures. Ermentrude has a diverse palate, enjoying a variety of treats with enthusiasm. His favorite spot is by the window, where he can bask in the sunlight and watch the world outside. With his lively energy and affectionate nature, Ermentrude brings happiness and warmth to those around him, embodying the playful spirit of feline exploration.', 'ermentrude.jpg', 'Male', '18.09.2012'),
(124, 3, 'Hercules', 8, '4,6', 55, 'Hercules, a spirited explorer with a playful heart, finds joy in every moment of discovery. He loves to chase after toys and explore new hideaways, his curiosity leading him on exciting adventures. Hercules has a diverse palate, enjoying a variety of treats with enthusiasm. His favorite spot is by the window, where he can bask in the sunlight and watch the world outside. With his lively energy and affectionate nature, Hercules brings happiness and warmth to those around him, embodying the playful spirit of feline exploration.', 'hercules.jpg', 'Male', '21.09.2012'),
(125, 2, 'Nappy', 11, '2,6', 45, 'Nappy, a spirited explorer with a playful heart, finds joy in every moment of discovery. He loves to chase after toys and explore new hideaways, his curiosity leading him on exciting adventures. Nappy has a diverse palate, enjoying a variety of treats with enthusiasm. His favorite spot is by the window, where he can bask in the sunlight and watch the world outside. With his lively energy and affectionate nature, Nappy brings happiness and warmth to those around him, embodying the playful spirit of feline exploration.', 'nappy.jpg', 'Male', '29.06.2020'),
(126, 1, 'Hanson', 17, '4', 42, 'More like Hansol', 'hanson.jpg', 'Male', '08.10.2011'),
(127, 2, 'Rollie', 5, '6,6', 21, 'Rollie, a spirited explorer with a playful soul, finds joy in every moment of discovery. She loves to chase after toys and explore new hideaways, her curiosity leading her on exciting adventures. Rollie has a diverse palate, enjoying a variety of treats with enthusiasm. Her favorite spot is by the window, where she can bask in the sunlight and watch the world outside. With her lively energy and affectionate nature, Rollie brings happiness and warmth to those around her, embodying the playful spirit of feline exploration.', 'rollie.jpg', 'Female', '24.10.2014'),
(128, 3, 'Susana', 12, '0,3', 27, 'Susana, a spirited explorer with a playful heart, finds joy in every moment of discovery. She loves to chase after toys and explore new hideaways, her curiosity leading her on exciting adventures. Susana has a diverse palate, enjoying a variety of treats with enthusiasm. Her favorite spot is by the window, where she can bask in the sunlight and watch the world outside. With her lively energy and affectionate nature, Susana brings happiness and warmth to those around her, embodying the playful spirit of feline exploration.', 'susana.jpg', 'Female', '07.01.2021'),
(129, 2, 'Harrie', 1, '6,9', 49, 'Harrie, a spirited explorer with a playful soul, finds joy in every moment of discovery. She loves to chase after toys and explore new hideaways, her curiosity leading her on exciting adventures. Harrie has a diverse palate, enjoying a variety of treats with enthusiasm. Her favorite spot is by the window, where she can bask in the sunlight and watch the world outside. With her lively energy and affectionate nature, Harrie brings happiness and warmth to those around her, embodying the playful spirit of feline exploration.', 'harrie.jpg', 'Female', '20.05.2009'),
(130, 2, 'Neill', 0, '5,6', 48, 'Neill, a spirited explorer with a playful heart, finds joy in every moment of discovery. She loves to chase after toys and explore new hideaways, her curiosity leading her on exciting adventures. Neill has a diverse palate, enjoying a variety of treats with enthusiasm. Her favorite spot is by the window, where she can bask in the sunlight and watch the world outside. With her lively energy and affectionate nature, Neill brings happiness and warmth to those around her, embodying the playful spirit of feline exploration.', 'neill.jpg', 'Female', '14.09.2023'),
(131, 3, 'Faydra', 9, '0,8', 53, 'Faydra, a spirited explorer with a playful heart, finds joy in every moment of discovery. She loves to chase after toys and explore new hideaways, her curiosity leading her on exciting adventures. Faydra has a diverse palate, enjoying a variety of treats with enthusiasm. Her favorite spot is by the window, where she can bask in the sunlight and watch the world outside. With her lively energy and affectionate nature, Faydra brings happiness and warmth to those around her, embodying the playful spirit of feline exploration.', 'faydra.jpg', 'Female', '04.12.2014'),
(132, 3, 'Baudoin', 9, '4,4', 39, 'Bau, a spirited explorer with a playful heart, finds joy in every moment of discovery. He loves to chase after toys and explore new hideaways, his curiosity leading him on exciting adventures. Bau has a diverse palate, enjoying a variety of treats with enthusiasm. His favorite spot is by the window, where he can bask in the sunlight and watch the world outside. With his lively energy and affectionate nature, Bau brings happiness and warmth to those around him, embodying the playful spirit of feline exploration.', 'baudoin.jpg', 'Male', '06.12.2019'),
(133, 3, 'Enrika', 12, '1,8', 57, 'Enrika, a spirited explorer with a playful heart, finds joy in every moment of discovery. He loves to chase after toys and explore new hideaways, his curiosity leading him on exciting adventures. Enrika has a diverse palate, enjoying a variety of treats with enthusiasm. His favorite spot is by the window, where he can bask in the sunlight and watch the world outside. With his lively energy and affectionate nature, Enrika brings happiness and warmth to those around him, embodying the playful spirit of feline exploration.', 'enrika.jpg', 'Male', '05.07.2021'),
(134, 2, 'Howard', 5, '2,6', 31, 'Howard, a spirited explorer with a playful heart, finds joy in every moment of discovery. He loves to chase after toys and explore new hideaways, his curiosity leading him on exciting adventures. Howard has a diverse palate, enjoying a variety of treats with enthusiasm. His favorite spot is by the window, where he can bask in the sunlight and watch the world outside. With his lively energy and affectionate nature, Howard brings happiness and warmth to those around him, embodying the playful spirit of feline exploration.', 'howard.jpg', 'Male', '09.03.2021'),
(135, 3, 'Annmaria', 13, '2,2', 69, 'Ann, a spirited explorer with a playful heart, finds joy in every moment of discovery. He loves to chase after toys and explore new hideaways, his curiosity leading him on exciting adventures. Ann has a diverse palate, enjoying a variety of treats with enthusiasm. His favorite spot is by the window, where he can bask in the sunlight and watch the world outside. With his lively energy and affectionate nature, Ann brings happiness and warmth to those around him, embodying the playful spirit of feline exploration.', 'annmaria.jpg', 'Male', '19.06.2015'),
(136, 2, 'Esther', 17, '6', 70, 'Esther, a spirited explorer with a playful heart, finds joy in every moment of discovery. He loves to chase after toys and explore new hideaways, his curiosity leading him on exciting adventures. Esther has a diverse palate, enjoying a variety of treats with enthusiasm. His favorite spot is by the window, where he can bask in the sunlight and watch the world outside. With his lively energy and affectionate nature, Esther brings happiness and warmth to those around him, embodying the playful spirit of feline exploration.', 'esther.jpg', 'Male', '04.12.2018'),
(137, 3, 'Stepha', 8, '2,1', 36, 'Steph, a spirited explorer with a playful heart, finds joy in every moment of discovery. He loves to chase after toys and explore new hideaways, his curiosity leading him on exciting adventures. Steph has a diverse palate, enjoying a variety of treats with enthusiasm. His favorite spot is by the window, where he can bask in the sunlight and watch the world outside. With his lively energy and affectionate nature, Steph brings happiness and warmth to those around him, embodying the playful spirit of feline exploration.', 'stepha.jpg', 'Male', '10.08.2013'),
(138, 3, 'Jesse', 17, '6,3', 19, 'Jesse Pinkman', 'jesse.jpg', 'Female', '05.03.2023'),
(139, 3, 'Claire', 14, '6,2', 40, 'Claire, a spirited explorer with a playful soul, finds joy in every moment of discovery. She loves to chase after toys and explore new hideaways, her curiosity leading her on exciting adventures. Claire has a diverse palate, enjoying a variety of treats with enthusiasm. Her favorite spot is by the window, where she can bask in the sunlight and watch the world outside. With her lively energy and affectionate nature, Claire brings happiness and warmth to those around her, embodying the playful spirit of feline exploration.', 'claire.jpg', 'Female', '07.02.2013'),
(140, 2, 'Rinaldo', 12, '5,2', 31, NULL, 'rinaldo.jpg', 'Male', '18.05.2010'),
(141, 2, 'Kenneth', 11, '4', 11, NULL, 'kenneth.jpg', 'Male', '15.06.2022'),
(142, 2, 'Beckie', 15, '0,5', 9, NULL, 'beckie.jpg', 'Female', '14.11.2009'),
(143, 2, 'Lev', 7, '6,3', 65, NULL, 'lev.jpg', 'Male', '12.01.2012'),
(144, 1, 'Fonzie', 11, '3,4', 66, NULL, 'fonzie.jpg', 'Male', '07.04.2010'),
(145, 1, 'Lance', 3, '1,6', 30, NULL, 'lance.jpg', 'Female', '29.10.2022'),
(146, 1, 'Helli', 14, '4,4', 3, NULL, 'helli.jpg', 'Male', '21.04.2011'),
(147, 1, 'Leigh', 10, '4,7', 7, NULL, 'leigh2.jpg', 'Female', '21.02.2014'),
(148, 1, 'Odessa', 6, '0,2', 42, NULL, 'odessa.jpg', 'Male', '27.07.2021'),
(149, 3, 'Lauri', 3, '2,7', 48, NULL, 'lauri.jpg', 'Female', '29.10.2017'),
(150, 2, 'Sada', 10, '6,5', 33, NULL, 'sada.jpg', 'Female', '23.01.2011'),
(151, 2, 'Jeramey', 4, '3,2', 51, NULL, 'jeramey.jpg', 'Male', '22.06.2014'),
(152, 3, 'Zaria', 14, '1,9', 61, NULL, 'zaria.jpg', 'Female', '29.11.2017'),
(153, 3, 'Gan', 2, '2,4', 41, NULL, 'gan.jpg', 'Female', '24.09.2019'),
(154, 3, 'Georgie', 6, '2,3', 29, NULL, 'georgie.jpg', 'Male', '26.07.2021'),
(155, 3, 'Rona', 5, '2,4', 36, NULL, 'rona.jpg', 'Male', '28.12.2023'),
(156, 2, 'Kleon', 4, '5,1', 15, NULL, 'kleon.jpg', 'Male', '14.10.2022'),
(157, 3, 'Isador', 2, '5,5', 46, NULL, 'isador.jpg', 'Male', '17.06.2013'),
(158, 1, 'Catha', 18, '5', 64, NULL, 'catha.jpg', 'Male', '14.11.2014'),
(159, 1, 'Herminia', 11, '6,4', 19, NULL, 'herminia.jpg', 'Male', '17.05.2012'),
(160, 3, 'Arlina', 9, '3,1', 40, NULL, 'arlina.jpg', 'Female', '14.09.2010'),
(161, 3, 'Arney', 6, '2,8', 37, NULL, 'arney.jpg', 'Female', '21.10.2015'),
(162, 2, 'Basilius', 2, '2', 55, NULL, 'basilius.jpg', 'Female', '28.07.2014'),
(163, 3, 'Darrelle', 4, '1,4', 2, NULL, 'darrelle.jpg', 'Male', '17.06.2009'),
(164, 2, 'Mallissa', 0, '0,9', 1, NULL, 'mallissa.jpg', 'Female', '22.12.2020'),
(165, 1, 'Norby', 2, '2,8', 16, NULL, 'norby.jpg', 'Female', '23.03.2010'),
(166, 3, 'Melitta', 10, '6,2', 64, NULL, 'melitta.jpg', 'Female', '04.06.2009'),
(167, 1, 'Marten', 5, '3,9', 57, NULL, 'marten.jpg', 'Male', '06.05.2017'),
(168, 3, 'Josh', 17, '0,3', 33, NULL, 'josh.jpg', 'Female', '14.10.2011'),
(169, 2, 'Tyrone', 13, '6,9', 6, NULL, 'tyrone.jpg', 'Male', '11.05.2017'),
(170, 1, 'Pammie', 12, '1,8', 33, NULL, 'pammie.jpg', 'Female', '20.09.2015'),
(171, 1, 'Sol', 8, '5,5', 20, NULL, 'sol.jpg', 'Male', '09.02.2017'),
(172, 1, 'Peterus', 1, '7', 20, NULL, 'peterus.jpg', 'Female', '16.11.2015'),
(173, 3, 'Titos', 12, '0,3', 13, NULL, 'titos.jpg', 'Male', '16.05.2019'),
(174, 2, 'Teador', 0, '4,6', 30, NULL, 'teador.jpg', 'Female', '03.02.2018'),
(175, 3, 'Ashlin', 8, '3', 48, NULL, 'ashlin.jpg', 'Male', '20.03.2013'),
(176, 1, 'Francklin', 4, '4', 59, NULL, 'francklin.jpg', 'Male', '10.08.2013'),
(177, 1, 'Sebastiano', 0, '5,4', 4, NULL, 'sebastiano.jpg', 'Female', '12.11.2015'),
(178, 1, 'Briggs', 14, '0,7', 5, NULL, 'briggs.jpg', 'Female', '30.03.2016'),
(179, 1, 'Miltie', 13, '6,1', 62, NULL, 'miltie.jpg', 'Female', '20.12.2019'),
(180, 3, 'Ignacius', 14, '6,7', 8, NULL, 'ignacius.jpg', 'Male', '11.04.2013'),
(181, 1, 'Vin', 8, '2,1', 25, NULL, 'vin.jpg', 'Female', '02.07.2019'),
(182, 3, 'Salome', 12, '5,1', 35, NULL, 'salome.jpg', 'Male', '03.07.2015'),
(183, 1, 'Neils', 0, '4,1', 9, NULL, 'neils.jpg', 'Male', '18.11.2016'),
(184, 1, 'Reinhold', 9, '6,4', 57, NULL, 'reinhold.jpg', 'Male', '12.07.2022'),
(185, 3, 'Alfons', 7, '3', 34, NULL, 'alfons.jpg', 'Female', '19.12.2008'),
(186, 2, 'Josie', 17, '2', 22, NULL, 'josie.jpg', 'Male', '29.09.2023'),
(187, 1, 'Virginie', 1, '0,2', 38, NULL, 'virginie.jpg', 'Male', '28.04.2015'),
(188, 1, 'Vite', 0, '1,9', 69, NULL, 'vite.jpg', 'Male', '05.09.2011'),
(189, 1, 'Gottfried', 1, '0,3', 46, NULL, 'gottfried.jpg', 'Female', '29.09.2023'),
(190, 3, 'Kiley', 14, '4,1', 17, NULL, 'kiley.jpg', 'Male', '05.07.2022'),
(191, 1, 'Rockey', 9, '3,5', 62, NULL, 'rockey.jpg', 'Male', '13.09.2011'),
(192, 1, 'Benni', 14, '0,5', 29, NULL, 'benni.jpg', 'Female', '16.01.2018'),
(193, 1, 'Kincaid', 9, '3,9', 19, NULL, 'kincaid.jpg', 'Female', '12.02.2010'),
(194, 2, 'Gibby', 11, '4,2', 39, NULL, 'gibby.jpg', 'Male', '26.10.2017'),
(195, 3, 'Emlynne', 18, '4,2', 46, NULL, 'emlynne.jpg', 'Female', '25.01.2020'),
(196, 1, 'Brooke', 12, '6,1', 36, NULL, 'brooke.jpg', 'Male', '10.10.2012'),
(197, 1, 'Reg', 12, '4,7', 5, NULL, 'reg.jpg', 'Female', '28.07.2011'),
(198, 3, 'Pamelina', 3, '5,5', 56, NULL, 'pamelina.jpg', 'Female', '05.07.2010'),
(199, 1, 'Beverly', 3, '1', 40, NULL, 'beverly.jpg', 'Male', '10.11.2022'),
(200, 3, 'Annabela', 2, '5,8', 9, NULL, NULL, 'Female', '27.11.2019'),
(201, 1, 'Gloriane', 10, '1,5', 21, NULL, NULL, 'Female', '17.01.2009'),
(202, 3, 'Dulsea', 18, '6,2', 65, NULL, NULL, 'Male', '16.07.2011'),
(203, 2, 'Rutherford', 6, '1,1', 52, NULL, NULL, 'Female', '20.10.2014'),
(204, 3, 'Shermie', 18, '6,1', 23, NULL, NULL, 'Female', '29.01.2024'),
(205, 3, 'Iormina', 5, '5,6', 27, NULL, NULL, 'Female', '20.07.2018'),
(206, 3, 'Khalil', 5, '2,2', 62, NULL, NULL, 'Male', '16.11.2015'),
(207, 3, 'Jonas', 9, '4,3', 61, NULL, NULL, 'Male', '23.05.2019'),
(208, 2, 'Bordy', 12, '1,3', 13, NULL, NULL, 'Female', '25.05.2020'),
(209, 1, 'Elora', 5, '5', 58, NULL, NULL, 'Female', '20.10.2020'),
(210, 1, 'Franky', 8, '6,4', 32, NULL, NULL, 'Female', '20.08.2017'),
(211, 1, 'Stanford', 1, '1,6', 41, NULL, NULL, 'Female', '22.06.2009'),
(212, 1, 'Olenolin', 4, '6,1', 70, NULL, NULL, 'Female', '17.07.2020'),
(213, 3, 'Sheilakath', 18, '6,8', 25, NULL, NULL, 'Male', '01.09.2016'),
(214, 1, 'Burlie', 5, '0,7', 18, NULL, NULL, 'Male', '26.01.2023'),
(215, 2, 'Fleur', 15, '2', 25, NULL, NULL, 'Male', '26.02.2022'),
(216, 1, 'Taylor', 16, '4,2', 33, NULL, NULL, 'Female', '18.07.2018'),
(217, 1, 'Prisca', 7, '2,4', 47, NULL, NULL, 'Female', '10.11.2011'),
(218, 1, 'Brynna', 6, '5,6', 12, NULL, NULL, 'Male', '26.12.2016'),
(219, 1, 'Chadwick', 6, '4,8', 11, NULL, NULL, 'Male', '02.04.2009'),
(220, 1, 'Benoit', 11, '0,7', 8, NULL, NULL, 'Male', '26.03.2015'),
(221, 3, 'Erina', 1, '3,2', 70, NULL, NULL, 'Female', '08.10.2022'),
(222, 2, 'Inglis', 14, '4,7', 37, NULL, NULL, 'Male', '25.10.2015'),
(223, 3, 'Kori', 10, '2,6', 52, NULL, NULL, 'Male', '24.06.2022'),
(224, 2, 'Emmit', 11, '1,3', 26, NULL, NULL, 'Male', '11.11.2008'),
(225, 1, 'Diahann', 12, '3', 9, NULL, NULL, 'Female', '02.09.2021'),
(226, 3, 'Winston', 11, '5,3', 65, NULL, NULL, 'Male', '25.11.2019'),
(227, 3, 'Zedekiah', 3, '5,1', 15, NULL, NULL, 'Male', '09.06.2022'),
(228, 3, 'Fidole', 18, '6,1', 66, NULL, NULL, 'Male', '02.10.2012'),
(229, 2, 'Jose', 2, '5,8', 15, NULL, NULL, 'Female', '18.11.2022'),
(230, 2, 'Andy', 1, '5,2', 52, NULL, NULL, 'Male', '17.03.2020'),
(231, 2, 'Sheba', 7, '0,5', 31, NULL, NULL, 'Female', '03.07.2022'),
(232, 2, 'Kurtis', 6, '4,9', 1, NULL, NULL, 'Female', '25.01.2009'),
(233, 1, 'Korie', 16, '5,5', 28, NULL, NULL, 'Female', '22.07.2016'),
(234, 3, 'Danya', 11, '0,5', 6, NULL, NULL, 'Female', '22.06.2017'),
(235, 1, 'Morton', 7, '5,9', 62, NULL, NULL, 'Female', '09.11.2008'),
(236, 3, 'Lynde', 11, '2,5', 12, NULL, NULL, 'Male', '18.05.2020'),
(237, 1, 'Merle', 4, '3', 65, NULL, NULL, 'Female', '29.10.2009'),
(238, 2, 'Melina', 16, '4,5', 33, NULL, NULL, 'Male', '10.12.2009'),
(239, 2, 'Sindee', 13, '0,6', 51, NULL, NULL, 'Female', '12.12.2009'),
(240, 3, 'Gaile', 8, '5,2', 6, NULL, NULL, 'Male', '07.07.2015'),
(241, 2, 'Monro', 4, '2,3', 1, NULL, NULL, 'Male', '08.06.2018'),
(242, 1, 'Sheelagh', 1, '4,5', 69, NULL, NULL, 'Male', '23.11.2016'),
(243, 1, 'Durand', 9, '1,1', 46, NULL, NULL, 'Female', '25.11.2010'),
(244, 2, 'Ora', 13, '3,3', 27, NULL, NULL, 'Male', '08.02.2012'),
(245, 1, 'Thalia', 17, '5,4', 29, NULL, NULL, 'Female', '25.09.2017'),
(246, 3, 'Janessa', 6, '0,8', 48, NULL, NULL, 'Female', '17.05.2012'),
(247, 1, 'Pat', 4, '3,8', 31, NULL, NULL, 'Male', '27.02.2017'),
(248, 1, 'Wanda', 12, '5,3', 18, NULL, NULL, 'Female', '26.07.2013'),
(249, 3, 'Rossy', 16, '2,1', 18, NULL, NULL, 'Male', '31.12.2013'),
(250, 3, 'Ethel', 4, '6,4', 26, NULL, NULL, 'Male', '03.07.2009'),
(251, 2, 'Leila', 14, '1,6', 46, NULL, NULL, 'Female', '18.01.2021'),
(252, 1, 'Konrad', 14, '5,4', 26, NULL, NULL, 'Female', '24.12.2017'),
(253, 3, 'Audy', 9, '1,7', 45, NULL, NULL, 'Female', '30.12.2013'),
(254, 2, 'Star', 3, '3,4', 58, NULL, NULL, 'Female', '25.02.2018'),
(255, 1, 'Sasha', 12, '6,8', 12, NULL, NULL, 'Female', '16.08.2023'),
(256, 2, 'Judas', 16, '0,4', 38, NULL, NULL, 'Male', '11.02.2020'),
(257, 1, 'Lesley', 13, '5,1', 10, NULL, NULL, 'Male', '01.02.2019'),
(258, 2, 'Kelci', 16, '2', 53, NULL, NULL, 'Male', '30.01.2013'),
(259, 1, 'Minor', 1, '3,8', 13, NULL, NULL, 'Male', '10.09.2012'),
(260, 1, 'Joy', 0, '5,1', 57, NULL, NULL, 'Male', '11.03.2015'),
(261, 3, 'Nicholle', 16, '4,9', 27, NULL, NULL, 'Male', '10.03.2013'),
(262, 1, 'Christos', 14, '1,2', 28, NULL, NULL, 'Female', '07.12.2015'),
(263, 1, 'Dalenna', 6, '4,1', 35, NULL, NULL, 'Male', '24.02.2013'),
(264, 1, 'Hugibert', 11, '1,3', 46, NULL, NULL, 'Male', '20.01.2023'),
(265, 2, 'Danyette', 8, '6,9', 55, NULL, NULL, 'Female', '18.09.2012'),
(266, 2, 'Tamar', 17, '4,8', 49, NULL, NULL, 'Female', '21.09.2012'),
(267, 2, 'Welbie', 13, '6,7', 49, NULL, NULL, 'Female', '29.06.2020'),
(268, 1, 'Barbaraann', 18, '3,4', 26, NULL, NULL, 'Female', '08.10.2011'),
(269, 1, 'Dori', 11, '6,2', 48, NULL, NULL, 'Female', '24.10.2014'),
(270, 1, 'Rad', 5, '6,9', 9, NULL, NULL, 'Female', '07.01.2021'),
(271, 3, 'Courtnay', 3, '1,2', 54, NULL, NULL, 'Male', '20.05.2009'),
(272, 2, 'Tabbitha', 14, '1,1', 51, NULL, NULL, 'Male', '14.09.2023'),
(273, 1, 'Lilas', 11, '4,4', 2, NULL, NULL, 'Female', '04.12.2014'),
(274, 3, 'Giraud', 12, '3,2', 2, NULL, NULL, 'Male', '06.12.2019'),
(275, 1, 'Brocky', 14, '2,9', 47, NULL, NULL, 'Female', '05.07.2021'),
(276, 1, 'Myrtle', 18, '2,3', 27, NULL, NULL, 'Female', '09.03.2021'),
(277, 2, 'Shamus', 2, '6,6', 17, NULL, NULL, 'Female', '19.06.2015'),
(278, 2, 'Si', 10, '1,6', 52, NULL, NULL, 'Female', '04.12.2018'),
(279, 2, 'Danila', 11, '3', 23, NULL, NULL, 'Female', '10.08.2013'),
(280, 3, 'Marianne', 17, '6,3', 64, NULL, NULL, 'Male', '05.03.2023'),
(281, 2, 'Pancho', 16, '3', 54, NULL, NULL, 'Female', '07.02.2013'),
(282, 2, 'Filmer', 16, '0,5', 19, NULL, NULL, 'Male', '18.05.2010'),
(283, 1, 'Costa', 1, '5,8', 2, NULL, NULL, 'Male', '15.06.2022'),
(284, 3, 'Karel', 2, '2,9', 37, NULL, NULL, 'Female', '14.11.2009'),
(285, 1, 'Port', 15, '0,6', 54, NULL, NULL, 'Female', '12.01.2012'),
(286, 2, 'Nat', 7, '1,7', 20, NULL, NULL, 'Male', '07.04.2010'),
(287, 3, 'Lyon', 15, '1,3', 48, NULL, NULL, 'Male', '29.10.2022'),
(288, 3, 'Lacee', 1, '5,2', 41, NULL, NULL, 'Female', '21.04.2011'),
(289, 2, 'Seumas', 13, '1,5', 54, NULL, NULL, 'Female', '21.02.2014'),
(290, 3, 'Shea', 10, '1,1', 1, NULL, NULL, 'Male', '27.07.2021'),
(291, 2, 'Tarra', 4, '4,6', 13, NULL, NULL, 'Male', '29.10.2017'),
(292, 1, 'Josias', 15, '0,9', 10, NULL, NULL, 'Male', '23.01.2011'),
(293, 3, 'Burnaby', 11, '4,9', 19, NULL, NULL, 'Male', '22.06.2014'),
(294, 3, 'Janifer', 11, '3', 57, NULL, NULL, 'Female', '29.11.2017'),
(295, 1, 'Idalina', 6, '6,3', 7, NULL, NULL, 'Female', '24.09.2019'),
(296, 2, 'Kellsie', 10, '4,2', 42, NULL, NULL, 'Female', '26.07.2021'),
(297, 2, 'Idalina', 7, '5', 48, NULL, NULL, 'Female', '28.12.2023'),
(298, 2, 'Amerigo', 10, '5,3', 59, NULL, NULL, 'Female', '14.10.2022'),
(299, 3, 'Brittne', 11, '1,6', 22, NULL, NULL, 'Male', '17.06.2013'),
(300, 2, 'Angeline', 7, '1', 44, NULL, NULL, 'Male', '14.11.2014'),
(301, 1, 'Blondelle', 6, '2,5', 4, NULL, NULL, 'Male', '17.05.2012'),
(302, 2, 'Anitra', 4, '4,4', 12, NULL, NULL, 'Male', '14.09.2010'),
(303, 2, 'Colleen', 8, '3,8', 15, NULL, NULL, 'Male', '21.10.2015'),
(304, 3, 'Wat', 0, '5,3', 59, NULL, NULL, 'Male', '28.07.2014'),
(305, 1, 'Katuscha', 5, '1,1', 33, NULL, NULL, 'Female', '17.06.2009'),
(306, 1, 'Northrop', 4, '1', 16, NULL, NULL, 'Female', '22.12.2020'),
(307, 2, 'Andriette', 18, '0,9', 30, NULL, NULL, 'Male', '23.03.2010'),
(308, 3, 'Ardath', 1, '6,4', 22, NULL, NULL, 'Male', '04.06.2009'),
(309, 3, 'Agata', 7, '4', 36, NULL, NULL, 'Female', '06.05.2017'),
(310, 1, 'Hollis', 11, '4,3', 26, NULL, NULL, 'Male', '14.10.2011'),
(311, 2, 'Herschel', 17, '5,9', 23, NULL, NULL, 'Male', '11.05.2017'),
(312, 2, 'Bram', 7, '2,8', 56, NULL, NULL, 'Female', '20.09.2015'),
(313, 3, 'Palmer', 3, '1', 61, NULL, NULL, 'Male', '09.02.2017'),
(314, 2, 'Sorcha', 15, '2,5', 4, NULL, NULL, 'Female', '16.11.2015'),
(315, 2, 'Brandea', 8, '3,4', 7, NULL, NULL, 'Male', '16.05.2019'),
(316, 3, 'Darla', 0, '2,2', 66, NULL, NULL, 'Female', '03.02.2018'),
(317, 2, 'Randi', 1, '5,4', 15, NULL, NULL, 'Female', '20.03.2013'),
(318, 1, 'Maiga', 16, '2,5', 27, NULL, NULL, 'Male', '10.08.2013'),
(319, 3, 'Pierre', 14, '6,3', 21, NULL, NULL, 'Female', '12.11.2015'),
(320, 1, 'Damon', 17, '0,5', 20, NULL, NULL, 'Female', '30.03.2016'),
(321, 2, 'Chere', 10, '0,4', 48, NULL, NULL, 'Male', '20.12.2019'),
(322, 1, 'Rickard', 12, '6,9', 32, NULL, NULL, 'Male', '11.04.2013'),
(323, 3, 'Fidole', 11, '2,4', 20, NULL, NULL, 'Male', '02.07.2019'),
(324, 1, 'Ardyce', 1, '6,2', 48, NULL, NULL, 'Male', '03.07.2015'),
(325, 3, 'Balduin', 3, '3,5', 37, NULL, NULL, 'Male', '18.11.2016'),
(326, 3, 'Webb', 10, '0,4', 19, NULL, NULL, 'Male', '12.07.2022'),
(327, 1, 'Bald', 11, '2', 70, NULL, NULL, 'Female', '19.12.2008'),
(328, 3, 'Alard', 10, '6,2', 4, NULL, NULL, 'Female', '29.09.2023'),
(329, 1, 'Horacio', 13, '1,3', 45, NULL, NULL, 'Female', '28.04.2015'),
(330, 2, 'Nichole', 17, '6,8', 54, NULL, NULL, 'Male', '05.09.2011'),
(331, 1, 'Tybalt', 2, '1,6', 17, NULL, NULL, 'Female', '29.09.2023'),
(332, 3, 'Terrel', 11, '6,1', 13, NULL, NULL, 'Female', '05.07.2022'),
(333, 1, 'Lauralee', 7, '5,2', 52, NULL, NULL, 'Female', '20.09.2013'),
(334, 1, 'Jacki', 12, '5,8', 26, NULL, NULL, 'Male', '24.06.2011'),
(335, 2, 'Janina', 0, '4,1', 62, NULL, NULL, 'Female', '12.08.2012'),
(336, 3, 'Sutton', 12, '5,3', 70, NULL, NULL, 'Male', '24.09.2013'),
(337, 2, 'Consalve', 17, '5,7', 5, NULL, NULL, 'Female', '24.09.2015'),
(338, 2, 'Kinsley', 11, '1', 20, NULL, NULL, 'Male', '29.11.2013'),
(339, 1, 'Franzen', 10, '3', 15, NULL, NULL, 'Female', '01.08.2020'),
(340, 3, 'Marillin', 9, '4,8', 12, NULL, NULL, 'Male', '12.11.2010'),
(341, 2, 'Marjy', 5, '3,1', 31, NULL, NULL, 'Female', '26.10.2021'),
(342, 1, 'Linus', 4, '1,3', 64, NULL, NULL, 'Male', '14.08.2010'),
(343, 1, 'Ugo', 10, '3,1', 63, NULL, NULL, 'Male', '10.01.2013'),
(344, 2, 'Juliann', 2, '0,7', 45, NULL, NULL, 'Female', '28.05.2016'),
(345, 3, 'Corey', 14, '2,1', 67, NULL, NULL, 'Female', '10.08.2010'),
(346, 3, 'Emmi', 14, '6,7', 24, NULL, NULL, 'Female', '16.04.2013'),
(347, 3, 'Tommie', 13, '4,7', 28, NULL, NULL, 'Female', '13.02.2024'),
(348, 2, 'Ted', 14, '5,3', 8, NULL, NULL, 'Male', '29.10.2013'),
(349, 3, 'Rafaellle', 5, '0,7', 28, NULL, NULL, 'Female', '20.11.2017'),
(350, 2, 'Everett', 6, '0,8', 41, NULL, NULL, 'Female', '29.05.2022'),
(351, 3, 'Galen', 1, '2,5', 45, NULL, NULL, 'Female', '08.06.2013'),
(352, 3, 'Goldarina', 18, '4,2', 67, NULL, NULL, 'Male', '23.10.2012'),
(353, 1, 'Kirby', 5, '4', 6, NULL, NULL, 'Male', '27.03.2015'),
(354, 1, 'Chicky', 7, '6,6', 68, NULL, NULL, 'Female', '09.05.2010'),
(355, 3, 'Myrlene', 9, '1,6', 58, NULL, NULL, 'Female', '04.09.2023'),
(356, 2, 'Ronnica', 7, '3,5', 14, NULL, NULL, 'Female', '24.07.2016'),
(357, 2, 'Holly', 10, '3,3', 25, NULL, NULL, 'Female', '12.10.2010'),
(358, 1, 'Gillie', 6, '0,5', 57, NULL, NULL, 'Female', '22.12.2019'),
(359, 1, 'Fee', 1, '6,8', 19, NULL, NULL, 'Male', '16.12.2009'),
(360, 2, 'Drugi', 15, '5,8', 18, NULL, NULL, 'Male', '01.04.2024'),
(361, 2, 'Rabbi', 8, '5,6', 56, NULL, NULL, 'Male', '29.05.2021'),
(362, 1, 'Lombard', 14, '5,3', 9, NULL, NULL, 'Female', '26.04.2013'),
(363, 1, 'Clarke', 7, '0,9', 1, NULL, NULL, 'Female', '10.02.2018'),
(364, 1, 'Anthiathia', 3, '0,8', 20, NULL, NULL, 'Male', '19.07.2020'),
(365, 3, 'Papageno', 14, '6,1', 23, NULL, NULL, 'Male', '13.08.2018'),
(366, 2, 'Elinore', 4, '3,8', 66, NULL, NULL, 'Male', '19.03.2022'),
(367, 3, 'Thorin', 2, '1,2', 50, NULL, NULL, 'Female', '10.04.2011'),
(368, 1, 'Sheena', 14, '4,7', 39, NULL, NULL, 'Male', '01.11.2021'),
(369, 1, 'Aubine', 0, '2,5', 34, NULL, NULL, 'Male', '28.06.2012'),
(370, 2, 'Cassie', 12, '2,5', 28, NULL, NULL, 'Male', '21.07.2023'),
(371, 2, 'Hatti', 2, '1,7', 23, NULL, NULL, 'Female', '20.08.2011'),
(372, 2, 'Alanna', 7, '1,5', 6, NULL, NULL, 'Male', '16.04.2010'),
(373, 3, 'Anna-diane', 6, '3,8', 24, NULL, NULL, 'Male', '10.02.2012'),
(374, 2, 'Aileen', 6, '4,8', 29, NULL, NULL, 'Male', '22.07.2012'),
(375, 1, 'Jordon', 13, '1,6', 1, NULL, NULL, 'Female', '26.10.2014'),
(376, 2, 'Cam', 8, '1,2', 19, NULL, NULL, 'Male', '03.04.2011'),
(377, 3, 'Olag', 4, '2,6', 5, NULL, NULL, 'Female', '08.10.2014'),
(378, 2, 'Alleen', 15, '6,1', 37, NULL, NULL, 'Female', '09.01.2017'),
(379, 3, 'Rurik', 13, '4,1', 24, NULL, NULL, 'Female', '25.02.2019'),
(380, 1, 'May', 14, '4,7', 47, NULL, NULL, 'Female', '04.07.2022'),
(381, 3, 'Dulcie', 5, '0,4', 39, NULL, NULL, 'Female', '19.07.2019'),
(382, 3, 'Roxie', 7, '2,3', 54, NULL, NULL, 'Male', '14.09.2011'),
(383, 3, 'Rogerio', 1, '2,1', 11, NULL, NULL, 'Female', '28.09.2019'),
(384, 1, 'Minetta', 15, '7', 34, NULL, NULL, 'Male', '14.12.2008'),
(385, 1, 'Rickard', 4, '1,4', 55, NULL, NULL, 'Female', '26.12.2019'),
(386, 2, 'Hardy', 10, '2,3', 24, NULL, NULL, 'Male', '22.06.2011'),
(387, 2, 'Manya', 0, '4,5', 19, NULL, NULL, 'Male', '21.02.2015'),
(388, 2, 'Traver', 18, '6,8', 30, NULL, NULL, 'Male', '24.10.2015'),
(389, 2, 'Maddie', 9, '1,7', 52, NULL, NULL, 'Female', '05.03.2018'),
(390, 1, 'Filide', 13, '3,8', 61, NULL, NULL, 'Male', '27.11.2019'),
(391, 1, 'Urson', 12, '2,6', 41, NULL, NULL, 'Female', '17.01.2009'),
(392, 2, 'Burgess', 7, '5,6', 68, NULL, NULL, 'Female', '16.07.2011'),
(393, 1, 'Amelie', 18, '6,6', 36, NULL, NULL, 'Male', '20.10.2014'),
(394, 2, 'Meagan', 8, '5,3', 16, NULL, NULL, 'Female', '29.01.2024'),
(395, 1, 'Lorelei', 10, '4,8', 1, NULL, NULL, 'Male', '20.07.2018'),
(396, 1, 'Cash', 17, '4,5', 50, NULL, NULL, 'Male', '16.11.2015'),
(397, 2, 'Tildi', 1, '0,6', 8, NULL, NULL, 'Female', '23.05.2019'),
(398, 3, 'Lewiss', 7, '0,8', 59, NULL, NULL, 'Female', '25.05.2020'),
(399, 2, 'Jodie', 9, '4,7', 48, NULL, NULL, 'Female', '20.10.2020'),
(400, 3, 'Julia', 16, '1,2', 16, NULL, NULL, 'Female', '20.08.2017'),
(401, 1, 'Orazio', 10, '1,1', 55, NULL, NULL, 'Female', '22.06.2009'),
(402, 1, 'Adham', 10, '3,5', 42, NULL, NULL, 'Male', '17.07.2020'),
(403, 1, 'Frankie', 16, '4,3', 40, NULL, NULL, 'Male', '01.09.2016'),
(404, 1, 'Bradney', 17, '0,6', 68, NULL, NULL, 'Male', '26.01.2023'),
(405, 3, 'Helsa', 3, '6,8', 66, NULL, NULL, 'Male', '26.02.2022'),
(406, 3, 'Rogers', 7, '6,7', 50, NULL, NULL, 'Male', '18.07.2018'),
(407, 1, 'Beniamino', 18, '4,7', 22, NULL, NULL, 'Male', '10.11.2011'),
(408, 3, 'Nadia', 18, '4,6', 70, NULL, NULL, 'Female', '26.12.2016'),
(409, 3, 'Riobard', 6, '3,9', 51, NULL, NULL, 'Male', '02.04.2009'),
(410, 1, 'Heath', 4, '3,1', 5, NULL, NULL, 'Male', '26.03.2015'),
(411, 1, 'Ariella', 18, '2,7', 8, NULL, NULL, 'Female', '08.10.2022'),
(412, 1, 'Maire', 8, '5,6', 38, NULL, NULL, 'Female', '25.10.2015'),
(413, 2, 'Caterina', 5, '2,4', 19, NULL, NULL, 'Female', '24.06.2022'),
(414, 3, 'Arlette', 1, '4,1', 34, NULL, NULL, 'Female', '11.11.2008'),
(415, 1, 'Linzy', 18, '3,9', 64, NULL, NULL, 'Female', '02.09.2021'),
(416, 1, 'Kristin', 0, '3,4', 28, NULL, NULL, 'Female', '25.11.2019'),
(417, 2, 'Nikki', 9, '2,3', 37, NULL, NULL, 'Male', '09.06.2022'),
(418, 2, 'Benjy', 14, '6,1', 64, NULL, NULL, 'Male', '02.10.2012'),
(419, 2, 'Hamil', 10, '0,5', 57, NULL, NULL, 'Female', '18.11.2022'),
(420, 3, 'Micheline', 4, '3', 54, NULL, NULL, 'Male', '17.03.2020'),
(421, 3, 'Shurwood', 16, '2', 63, NULL, NULL, 'Female', '03.07.2022'),
(422, 2, 'Goober', 4, '4,6', 33, NULL, NULL, 'Female', '25.01.2009'),
(423, 3, 'Barry', 4, '6,2', 2, NULL, NULL, 'Female', '22.07.2016'),
(424, 1, 'Lilllie', 17, '5,7', 28, NULL, NULL, 'Female', '22.06.2017'),
(425, 1, 'Dedra', 9, '5', 38, NULL, NULL, 'Female', '09.11.2008'),
(426, 1, 'Hallsy', 10, '0,3', 16, NULL, NULL, 'Male', '18.05.2020'),
(427, 2, 'Gwynne', 6, '6,3', 40, NULL, NULL, 'Female', '29.10.2009'),
(428, 2, 'Ber', 7, '3,5', 14, NULL, NULL, 'Male', '10.12.2009'),
(429, 1, 'Dre', 16, '0,8', 56, NULL, NULL, 'Male', '12.12.2009'),
(430, 2, 'Aristotle', 6, '6,8', 67, NULL, NULL, 'Female', '07.07.2015'),
(431, 3, 'Celine', 12, '3,9', 60, NULL, NULL, 'Female', '08.06.2018'),
(432, 3, 'Ofelia', 2, '3,5', 55, NULL, NULL, 'Male', '23.11.2016'),
(433, 3, 'Prince', 9, '5,2', 1, NULL, NULL, 'Male', '25.11.2010'),
(434, 1, 'Neall', 6, '1,3', 30, NULL, NULL, 'Female', '08.02.2012'),
(435, 1, 'Alli', 3, '0,5', 60, NULL, NULL, 'Female', '25.09.2017'),
(436, 2, 'Doria', 18, '0,8', 18, NULL, NULL, 'Male', '17.05.2012'),
(437, 3, 'Constantin', 0, '6,5', 13, NULL, NULL, 'Male', '27.02.2017'),
(438, 1, 'Isadora', 6, '0,9', 42, NULL, NULL, 'Male', '26.07.2013'),
(439, 3, 'Maurice', 18, '5,2', 27, NULL, NULL, 'Male', '31.12.2013'),
(440, 2, 'Jameson', 6, '5', 10, NULL, NULL, 'Female', '03.07.2009'),
(441, 1, 'Cordie', 7, '5,6', 42, NULL, NULL, 'Female', '18.01.2021'),
(442, 2, 'Maurita', 14, '3,7', 57, NULL, NULL, 'Female', '24.12.2017'),
(443, 1, 'Melony', 2, '4,5', 46, NULL, NULL, 'Female', '30.12.2013'),
(444, 3, 'Hagen', 16, '3,3', 67, NULL, NULL, 'Female', '25.02.2018'),
(445, 1, 'Quintin', 11, '0,9', 52, NULL, NULL, 'Male', '16.08.2023'),
(446, 2, 'Rubia', 1, '1', 19, NULL, NULL, 'Male', '11.02.2020'),
(447, 1, 'Jasen', 8, '4', 55, NULL, NULL, 'Male', '01.02.2019'),
(448, 1, 'Paddie', 2, '1,8', 7, NULL, NULL, 'Male', '30.01.2013'),
(449, 1, 'Yolanthe', 6, '2,9', 22, NULL, NULL, 'Male', '10.09.2012'),
(450, 1, 'Annabel', 5, '2,8', 34, NULL, NULL, 'Male', '11.03.2015'),
(451, 2, 'Jacquenett', 11, '6', 38, NULL, NULL, 'Female', '10.03.2013'),
(452, 3, 'Danyelle', 1, '2,8', 4, NULL, NULL, 'Female', '07.12.2015'),
(453, 2, 'Karlik', 1, '2,9', 4, NULL, NULL, 'Male', '24.02.2013'),
(454, 1, 'Archy', 0, '6,8', 65, NULL, NULL, 'Male', '20.01.2023'),
(455, 1, 'Bevon', 0, '2,8', 11, NULL, NULL, 'Female', '18.09.2012'),
(456, 3, 'Saxon', 8, '2,9', 22, NULL, NULL, 'Male', '21.09.2012'),
(457, 3, 'Giorgia', 6, '1,1', 36, NULL, NULL, 'Male', '29.06.2020'),
(458, 3, 'Ddene', 8, '2', 8, NULL, NULL, 'Female', '08.10.2011'),
(459, 1, 'Cara', 2, '3,3', 63, NULL, NULL, 'Male', '24.10.2014'),
(460, 2, 'Merlina', 9, '0,8', 33, NULL, NULL, 'Female', '07.01.2021'),
(461, 3, 'Stevie', 16, '4,4', 10, NULL, NULL, 'Male', '20.05.2009'),
(462, 1, 'Brigit', 1, '6,3', 68, NULL, NULL, 'Female', '14.09.2023'),
(463, 3, 'Allyn', 0, '3,5', 6, NULL, NULL, 'Female', '04.12.2014'),
(464, 2, 'Claudelle', 10, '6,4', 54, NULL, NULL, 'Male', '06.12.2019'),
(465, 2, 'Codi', 6, '6,3', 10, NULL, NULL, 'Female', '05.07.2021'),
(466, 3, 'Zacharias', 3, '1,5', 5, NULL, NULL, 'Female', '09.03.2021'),
(467, 2, 'Halimeda', 9, '5,2', 59, NULL, NULL, 'Male', '19.06.2015'),
(468, 2, 'Arlyne', 5, '1,2', 46, NULL, NULL, 'Male', '04.12.2018'),
(469, 1, 'Marlena', 8, '3,8', 61, NULL, NULL, 'Male', '10.08.2013'),
(470, 2, 'Becki', 1, '3,2', 11, NULL, NULL, 'Male', '05.03.2023');
INSERT INTO `ut_kocka` (`id_kocka`, `status`, `jmeno`, `vek`, `vaha`, `plemeno_id`, `popis`, `fotografie`, `pohlavi`, `narozeni`) VALUES
(471, 2, 'Quintin', 0, '3,5', 64, NULL, NULL, 'Male', '07.02.2013'),
(472, 1, 'Belva', 0, '3,2', 27, NULL, NULL, 'Male', '18.05.2010'),
(473, 3, 'Earlie', 17, '4,3', 18, NULL, NULL, 'Female', '15.06.2022'),
(474, 1, 'Melody', 0, '3', 41, NULL, NULL, 'Female', '14.11.2009'),
(475, 3, 'Dael', 15, '1,5', 63, NULL, NULL, 'Female', '12.01.2012'),
(476, 2, 'Zerk', 15, '6,7', 58, NULL, NULL, 'Male', '07.04.2010'),
(477, 2, 'Jehanna', 17, '5,9', 18, NULL, NULL, 'Female', '29.10.2022'),
(478, 2, 'Waverley', 17, '7', 56, NULL, NULL, 'Female', '21.04.2011'),
(479, 1, 'Rosie', 5, '3,2', 25, NULL, NULL, 'Female', '21.02.2014'),
(480, 2, 'Kattie', 0, '1,9', 58, NULL, NULL, 'Male', '27.07.2021'),
(481, 3, 'Star', 16, '0,7', 67, NULL, NULL, 'Female', '29.10.2017'),
(482, 3, 'Burr', 7, '1,1', 57, NULL, NULL, 'Male', '23.01.2011'),
(483, 1, 'Dani', 15, '6,1', 7, NULL, NULL, 'Female', '22.06.2014'),
(484, 1, 'Minne', 15, '1,9', 36, NULL, NULL, 'Male', '29.11.2017'),
(485, 2, 'Josie', 10, '3,3', 11, NULL, NULL, 'Female', '24.09.2019'),
(486, 1, 'Katya', 13, '2,3', 54, NULL, NULL, 'Male', '26.07.2021'),
(487, 3, 'Giacobo', 6, '3', 15, NULL, NULL, 'Female', '28.12.2023'),
(488, 2, 'Corry', 10, '6,6', 62, NULL, NULL, 'Male', '14.10.2022'),
(489, 2, 'Robinet', 10, '5,4', 26, NULL, NULL, 'Male', '17.06.2013'),
(490, 2, 'Demetrius', 14, '4,7', 3, NULL, NULL, 'Female', '14.11.2014'),
(491, 2, 'Jaquelyn', 10, '6,2', 40, NULL, NULL, 'Female', '17.05.2012'),
(492, 1, 'Ellene', 12, '2,1', 33, NULL, NULL, 'Female', '14.09.2010'),
(493, 2, 'Lizabeth', 4, '1,3', 37, NULL, NULL, 'Female', '21.10.2015'),
(494, 1, 'Eloisa', 3, '5,3', 22, NULL, NULL, 'Male', '28.07.2014'),
(495, 3, 'Neilla', 15, '4,6', 28, NULL, NULL, 'Female', '17.06.2009'),
(496, 3, 'Josselyn', 17, '5,6', 63, NULL, NULL, 'Female', '22.12.2020'),
(497, 3, 'Warde', 18, '3,1', 34, NULL, NULL, 'Female', '23.03.2010'),
(498, 3, 'Mathias', 2, '5,8', 32, NULL, NULL, 'Male', '04.06.2009'),
(499, 1, 'Mendie', 16, '6,8', 28, NULL, NULL, 'Male', '06.05.2017'),
(500, 2, 'Radcliffe', 14, '6,9', 48, NULL, NULL, 'Female', '14.10.2011'),
(501, 3, 'Parker', 14, '1,5', 69, NULL, NULL, 'Female', '11.05.2017'),
(502, 3, 'Theresina', 6, '4,8', 53, NULL, NULL, 'Female', '20.09.2015'),
(503, 2, 'Eugenius', 17, '2', 21, NULL, NULL, 'Female', '09.02.2017'),
(504, 2, 'Laverne', 4, '3,8', 4, NULL, NULL, 'Female', '16.11.2015'),
(505, 2, 'Sheryl', 3, '0,9', 67, NULL, NULL, 'Male', '16.05.2019'),
(506, 2, 'Skipton', 16, '1,3', 28, NULL, NULL, 'Male', '03.02.2018'),
(507, 1, 'Sebastien', 16, '4,9', 35, NULL, NULL, 'Male', '20.03.2013'),
(508, 1, 'Nichol', 10, '3,6', 30, NULL, NULL, 'Female', '10.08.2013'),
(509, 3, 'Emlyn', 0, '4,8', 48, NULL, NULL, 'Female', '12.11.2015'),
(510, 3, 'Crichton', 5, '1,9', 41, NULL, NULL, 'Male', '30.03.2016'),
(511, 1, 'Maryanna', 16, '2', 40, NULL, NULL, 'Male', '20.12.2019'),
(512, 1, 'Pooh', 9, '4,2', 2, NULL, NULL, 'Male', '11.04.2013'),
(513, 1, 'Sancho', 4, '4,1', 43, NULL, NULL, 'Female', '02.07.2019'),
(514, 1, 'Valeria', 5, '5,2', 39, NULL, NULL, 'Male', '03.07.2015'),
(515, 1, 'Russ', 10, '4,8', 61, NULL, NULL, 'Male', '18.11.2016'),
(516, 2, 'Dyann', 14, '0,8', 43, NULL, NULL, 'Male', '12.07.2022'),
(517, 1, 'Esmaria', 0, '5,8', 43, NULL, NULL, 'Female', '19.12.2008'),
(518, 3, 'Zachariah', 9, '6,4', 50, NULL, NULL, 'Male', '29.09.2023'),
(519, 1, 'Ailina', 9, '3,6', 68, NULL, NULL, 'Male', '28.04.2015'),
(520, 2, 'Melodee', 4, '0,3', 26, NULL, NULL, 'Male', '05.09.2011'),
(521, 3, 'Gordy', 10, '0,7', 23, NULL, NULL, 'Female', '29.09.2023'),
(522, 1, 'Barton', 4, '3,7', 69, NULL, NULL, 'Male', '05.07.2022'),
(523, 1, 'Carmelina', 11, '6', 60, NULL, NULL, 'Female', '13.09.2011'),
(524, 1, 'Minne', 1, '3,1', 57, NULL, NULL, 'Female', '16.01.2018'),
(525, 1, 'Justis', 13, '4', 40, NULL, NULL, 'Female', '12.02.2010'),
(526, 1, 'Chariot', 1, '3,4', 7, NULL, NULL, 'Female', '26.10.2017'),
(527, 3, 'Jessa', 18, '2,9', 6, NULL, NULL, 'Female', '25.01.2020'),
(528, 2, 'Selle', 17, '4', 41, NULL, NULL, 'Male', '10.10.2012'),
(529, 3, 'Tedmund', 14, '6,9', 70, NULL, NULL, 'Female', '28.07.2011'),
(530, 3, 'Stanleigh', 15, '1,5', 5, NULL, NULL, 'Male', '05.07.2010'),
(531, 2, 'Willi', 6, '6,2', 49, NULL, NULL, 'Female', '10.11.2022'),
(532, 2, 'Alexander', 14, '6,3', 37, NULL, NULL, 'Male', '27.11.2019'),
(533, 3, 'Wilona', 8, '7', 28, NULL, NULL, 'Male', '17.01.2009'),
(534, 3, 'Raffaello', 12, '4,9', 1, NULL, NULL, 'Male', '16.07.2011'),
(535, 1, 'Neala', 11, '4,1', 25, NULL, NULL, 'Female', '20.10.2014'),
(536, 3, 'Marisa', 4, '5,6', 8, NULL, NULL, 'Male', '29.01.2024'),
(537, 1, 'Rozella', 17, '3', 8, NULL, NULL, 'Female', '20.07.2018'),
(538, 2, 'Cordie', 7, '6,1', 12, NULL, NULL, 'Female', '16.11.2015'),
(539, 2, 'Pembroke', 4, '2,1', 40, NULL, NULL, 'Male', '23.05.2019'),
(540, 3, 'Lula', 13, '3,7', 50, NULL, NULL, 'Female', '25.05.2020'),
(541, 1, 'Augustin', 8, '2', 4, NULL, NULL, 'Male', '20.10.2020'),
(542, 2, 'Elvira', 8, '1,7', 62, NULL, NULL, 'Male', '20.08.2017'),
(543, 3, 'Karney', 7, '5,3', 39, NULL, NULL, 'Female', '22.06.2009'),
(544, 1, 'Launce', 4, '4,3', 34, NULL, NULL, 'Female', '17.07.2020'),
(545, 3, 'Jeannine', 1, '6,9', 34, NULL, NULL, 'Female', '01.09.2016'),
(546, 3, 'Leupold', 15, '2,4', 50, NULL, NULL, 'Female', '26.01.2023'),
(547, 1, 'Jerad', 13, '0,8', 48, NULL, NULL, 'Female', '26.02.2022'),
(548, 3, 'Mariellen', 3, '5,7', 20, NULL, NULL, 'Male', '18.07.2018'),
(549, 1, 'Adams', 5, '5,5', 29, NULL, NULL, 'Male', '10.11.2011'),
(550, 2, 'Lanie', 13, '5,2', 1, NULL, NULL, 'Male', '26.12.2016'),
(551, 2, 'Franky', 5, '3,8', 14, NULL, NULL, 'Male', '02.04.2009'),
(552, 3, 'Edgardo', 15, '3,7', 16, NULL, NULL, 'Male', '26.03.2015'),
(553, 2, 'Judy', 2, '3,4', 49, NULL, NULL, 'Male', '08.10.2022'),
(554, 3, 'Sebastian', 3, '3,1', 46, NULL, NULL, 'Female', '25.10.2015'),
(555, 1, 'Emylee', 4, '6,4', 14, NULL, NULL, 'Male', '24.06.2022'),
(556, 3, 'Orsola', 1, '3,3', 11, NULL, NULL, 'Male', '11.11.2008'),
(557, 1, 'Claudine', 6, '2,7', 49, NULL, NULL, 'Female', '02.09.2021'),
(558, 1, 'Dian', 9, '0,3', 51, NULL, NULL, 'Female', '25.11.2019'),
(559, 3, 'Wash', 13, '1,4', 65, NULL, NULL, 'Female', '09.06.2022'),
(560, 2, 'Geri', 6, '0,5', 59, NULL, NULL, 'Female', '02.10.2012'),
(561, 3, 'Hubert', 2, '4,8', 67, NULL, NULL, 'Female', '18.11.2022'),
(562, 3, 'Pierce', 12, '3,6', 68, NULL, NULL, 'Female', '17.03.2020'),
(563, 2, 'Sam', 12, '6,5', 50, NULL, NULL, 'Male', '03.07.2022'),
(564, 3, 'Johann', 12, '4,7', 7, NULL, NULL, 'Male', '25.01.2009'),
(565, 2, 'Harv', 14, '4,4', 34, NULL, NULL, 'Female', '22.07.2016'),
(566, 1, 'Cyndy', 7, '5', 39, NULL, NULL, 'Male', '22.06.2017'),
(567, 3, 'Gretel', 12, '3,9', 20, NULL, NULL, 'Female', '09.11.2008'),
(568, 1, 'Paddy', 12, '1,9', 5, NULL, NULL, 'Female', '18.05.2020'),
(569, 2, 'Yorker', 13, '6,5', 14, NULL, NULL, 'Female', '29.10.2009'),
(570, 2, 'Pru', 1, '1,3', 6, NULL, NULL, 'Female', '10.12.2009'),
(571, 1, 'Lock', 11, '4,7', 16, NULL, NULL, 'Female', '12.12.2009'),
(572, 1, 'Alonzo', 12, '5,2', 56, NULL, NULL, 'Male', '07.07.2015'),
(573, 3, 'Geri', 4, '6,2', 44, NULL, NULL, 'Female', '08.06.2018'),
(574, 3, 'Angelle', 17, '1,5', 31, NULL, NULL, 'Male', '23.11.2016'),
(575, 2, 'Ancell', 12, '0,1', 24, NULL, NULL, 'Male', '25.11.2010'),
(576, 2, 'Linnell', 7, '3,5', 51, NULL, NULL, 'Female', '08.02.2012'),
(577, 1, 'Norman', 6, '2,8', 30, NULL, NULL, 'Female', '25.09.2017'),
(578, 2, 'Matias', 12, '4,3', 12, NULL, NULL, 'Male', '17.05.2012'),
(579, 2, 'Eberhard', 1, '6,5', 29, NULL, NULL, 'Male', '27.02.2017'),
(580, 3, 'Durand', 1, '0,2', 59, NULL, NULL, 'Female', '26.07.2013'),
(581, 3, 'Alberto', 8, '5,5', 59, NULL, NULL, 'Female', '31.12.2013'),
(582, 1, 'Alanson', 17, '1,6', 53, NULL, NULL, 'Male', '03.07.2009'),
(583, 3, 'Valdemar', 0, '4,4', 43, NULL, NULL, 'Male', '18.01.2021'),
(584, 2, 'Howey', 1, '6,5', 37, NULL, NULL, 'Male', '24.12.2017'),
(585, 1, 'Leonid', 4, '5,3', 59, NULL, NULL, 'Male', '30.12.2013'),
(586, 1, 'Jocko', 16, '0,8', 42, NULL, NULL, 'Female', '25.02.2018'),
(587, 1, 'Ethelbert', 4, '0,1', 66, NULL, NULL, 'Female', '16.08.2023'),
(588, 2, 'Joycelin', 8, '4', 8, NULL, NULL, 'Female', '11.02.2020'),
(589, 2, 'Tiffany', 13, '0,5', 56, NULL, NULL, 'Female', '01.02.2019'),
(590, 2, 'Trisha', 17, '3,8', 58, NULL, NULL, 'Female', '30.01.2013'),
(591, 1, 'Nessy', 2, '4,1', 40, NULL, NULL, 'Male', '10.09.2012'),
(592, 1, 'Avram', 12, '6,3', 7, NULL, NULL, 'Male', '11.03.2015'),
(593, 3, 'Arch', 7, '0,3', 53, NULL, NULL, 'Male', '10.03.2013'),
(594, 2, 'Hanan', 10, '4,2', 24, NULL, NULL, 'Male', '07.12.2015'),
(595, 2, 'Kath', 2, '0,7', 36, NULL, NULL, 'Male', '24.02.2013'),
(596, 1, 'Mikol', 3, '2,9', 12, NULL, NULL, 'Male', '20.01.2023'),
(597, 1, 'Alley', 11, '5,9', 10, NULL, NULL, 'Female', '18.09.2012'),
(598, 2, 'Kirby', 12, '2,2', 31, NULL, NULL, 'Female', '21.09.2012'),
(599, 3, 'Maryjo', 3, '0,5', 38, NULL, NULL, 'Male', '29.06.2020'),
(600, 1, 'Zane', 15, '5,2', 43, NULL, NULL, 'Male', '08.10.2011'),
(601, 3, 'Lucky', 8, '5,7', 67, NULL, NULL, 'Female', '24.10.2014'),
(602, 3, 'Celeste', 13, '1,4', 47, NULL, NULL, 'Male', '07.01.2021'),
(603, 1, 'Kirby', 8, '5,7', 4, NULL, NULL, 'Male', '20.05.2009'),
(604, 3, 'Joannes', 15, '1,5', 57, NULL, NULL, 'Female', '14.09.2023'),
(605, 2, 'Linnet', 12, '5,3', 31, NULL, NULL, 'Male', '04.12.2014'),
(606, 3, 'Kirstin', 7, '5,1', 23, NULL, NULL, 'Female', '06.12.2019'),
(607, 1, 'Ignace', 7, '4,3', 26, NULL, NULL, 'Male', '05.07.2021'),
(608, 2, 'Daveta', 15, '1,4', 3, NULL, NULL, 'Female', '09.03.2021'),
(609, 3, 'Gus', 18, '3,2', 32, NULL, NULL, 'Female', '19.06.2015'),
(610, 3, 'Stanislaw', 18, '3,8', 22, NULL, NULL, 'Male', '04.12.2018'),
(611, 3, 'Myriam', 12, '2,6', 65, NULL, NULL, 'Female', '10.08.2013'),
(612, 3, 'Huberto', 1, '0,7', 41, NULL, NULL, 'Female', '05.03.2023'),
(613, 1, 'Bevon', 4, '1,7', 41, NULL, NULL, 'Male', '07.02.2013'),
(614, 2, 'Phillip', 2, '1,5', 36, NULL, NULL, 'Male', '18.05.2010'),
(615, 2, 'Vera', 18, '0,8', 58, NULL, NULL, 'Male', '15.06.2022'),
(616, 3, 'Ellene', 14, '3,1', 68, NULL, NULL, 'Male', '14.11.2009'),
(617, 3, 'Brandea', 18, '3,7', 53, NULL, NULL, 'Male', '12.01.2012'),
(618, 3, 'Shannah', 3, '5,5', 18, NULL, NULL, 'Male', '07.04.2010'),
(619, 3, 'Gilemette', 8, '2,1', 7, NULL, NULL, 'Female', '29.10.2022'),
(620, 1, 'Mair', 14, '4,2', 6, NULL, NULL, 'Female', '21.04.2011'),
(621, 3, 'Jilli', 1, '2,1', 61, NULL, NULL, 'Female', '21.02.2014'),
(622, 3, 'Kip', 0, '4,9', 47, NULL, NULL, 'Male', '27.07.2021'),
(623, 2, 'Essa', 8, '2,9', 5, NULL, NULL, 'Female', '29.10.2017'),
(624, 1, 'Keefe', 9, '5,5', 34, NULL, NULL, 'Female', '23.01.2011'),
(625, 1, 'Dexter', 13, '1,6', 5, NULL, NULL, 'Female', '22.06.2014'),
(626, 3, 'Matilda', 10, '5,4', 70, NULL, NULL, 'Male', '29.11.2017'),
(627, 3, 'Jens', 0, '0,2', 52, NULL, NULL, 'Female', '24.09.2019'),
(628, 1, 'Sayres', 9, '3,1', 56, NULL, NULL, 'Male', '26.07.2021'),
(629, 1, 'Rosabelle', 10, '1,4', 29, NULL, NULL, 'Female', '28.12.2023'),
(630, 1, 'Ethel', 7, '4,3', 28, NULL, NULL, 'Male', '14.10.2022'),
(631, 3, 'Eward', 2, '4,4', 30, NULL, NULL, 'Female', '17.06.2013'),
(632, 2, 'Isak', 17, '0,1', 53, NULL, NULL, 'Male', '14.11.2014'),
(633, 2, 'See', 6, '4,2', 54, NULL, NULL, 'Female', '17.05.2012'),
(634, 1, 'Tatiania', 13, '5,1', 49, NULL, NULL, 'Male', '14.09.2010'),
(635, 3, 'Torrence', 8, '4,5', 61, NULL, NULL, 'Male', '21.10.2015'),
(636, 3, 'Tonya', 1, '2,4', 67, NULL, NULL, 'Female', '28.07.2014'),
(637, 2, 'Rosalind', 13, '6,4', 59, NULL, NULL, 'Female', '17.06.2009'),
(638, 3, 'Miranda', 18, '1,6', 11, NULL, NULL, 'Female', '22.12.2020'),
(639, 2, 'Tobit', 5, '2,6', 67, NULL, NULL, 'Female', '23.03.2010'),
(640, 2, 'Dennis', 0, '0,7', 6, NULL, NULL, 'Male', '04.06.2009'),
(641, 2, 'Brinn', 18, '5,9', 23, NULL, NULL, 'Female', '06.05.2017'),
(642, 3, 'Wolfy', 15, '0,3', 18, NULL, NULL, 'Female', '14.10.2011'),
(643, 2, 'Valma', 6, '3,3', 30, NULL, NULL, 'Female', '11.05.2017'),
(644, 1, 'Betteanne', 4, '0,4', 11, NULL, NULL, 'Male', '20.09.2015'),
(645, 2, 'Winslow', 16, '3,1', 31, NULL, NULL, 'Male', '09.02.2017'),
(646, 3, 'Cart', 14, '1,2', 17, NULL, NULL, 'Female', '16.11.2015'),
(647, 1, 'Cash', 0, '3,7', 31, NULL, NULL, 'Female', '16.05.2019'),
(648, 2, 'Morly', 1, '2,5', 25, NULL, NULL, 'Female', '03.02.2018'),
(649, 1, 'Brandise', 0, '4', 34, NULL, NULL, 'Female', '20.03.2013'),
(650, 1, 'Loleta', 1, '2', 2, NULL, NULL, 'Female', '10.08.2013'),
(651, 2, 'Court', 4, '1,7', 26, NULL, NULL, 'Male', '12.11.2015'),
(652, 2, 'Jehu', 4, '1', 52, NULL, NULL, 'Male', '30.03.2016'),
(653, 2, 'Inger', 12, '0,5', 51, NULL, NULL, 'Male', '20.12.2019'),
(654, 1, 'Thedric', 12, '3,1', 66, NULL, NULL, 'Female', '11.04.2013'),
(655, 2, 'Chip', 8, '6,1', 70, NULL, NULL, 'Female', '02.07.2019'),
(656, 3, 'Querida', 14, '1,7', 15, NULL, NULL, 'Male', '03.07.2015'),
(657, 1, 'Jeanie', 13, '1,7', 3, NULL, NULL, 'Male', '18.11.2016'),
(658, 1, 'Caprice', 11, '3,1', 40, NULL, NULL, 'Male', '12.07.2022'),
(659, 1, 'Buiron', 4, '3', 55, NULL, NULL, 'Female', '19.12.2008'),
(660, 2, 'Ilario', 9, '4,6', 64, NULL, NULL, 'Male', '29.09.2023'),
(661, 1, 'Hyacinthie', 10, '3,2', 19, NULL, NULL, 'Male', '28.04.2015'),
(662, 2, 'Lily', 1, '2,5', 26, NULL, NULL, 'Male', '05.09.2011'),
(663, 1, 'Wang', 3, '1,1', 16, NULL, NULL, 'Female', '29.09.2023'),
(664, 3, 'Dennison', 18, '5', 29, NULL, NULL, 'Male', '20.09.2013'),
(665, 3, 'Kerry', 4, '1,2', 44, NULL, NULL, 'Male', '24.06.2011'),
(666, 1, 'Lurlene', 17, '1,9', 51, NULL, NULL, 'Male', '12.08.2012'),
(667, 1, 'Benson', 10, '3,1', 59, NULL, NULL, 'Female', '24.09.2013'),
(668, 3, 'Galven', 7, '4,4', 36, NULL, NULL, 'Male', '24.09.2015'),
(669, 1, 'Arron', 18, '5,9', 13, NULL, NULL, 'Female', '29.11.2013'),
(670, 1, 'Stillmann', 6, '0,8', 65, NULL, NULL, 'Female', '01.08.2020'),
(671, 1, 'Hill', 10, '5,6', 27, NULL, NULL, 'Female', '12.11.2010'),
(672, 2, 'Kassie', 3, '1,1', 13, NULL, NULL, 'Female', '26.10.2021'),
(673, 2, 'Keene', 3, '0,7', 49, NULL, NULL, 'Female', '14.08.2010'),
(674, 3, 'Rhodia', 15, '2,8', 51, NULL, NULL, 'Male', '10.01.2013'),
(675, 1, 'Claribel', 15, '6', 65, NULL, NULL, 'Female', '28.05.2016'),
(676, 1, 'Dacia', 6, '2,6', 63, NULL, NULL, 'Male', '10.08.2010'),
(677, 2, 'Nathan', 16, '4,6', 27, NULL, NULL, 'Female', '16.04.2013'),
(678, 2, 'Amalee', 7, '0,9', 54, NULL, NULL, 'Male', '13.02.2024'),
(679, 3, 'Joline', 0, '1', 17, NULL, NULL, 'Male', '29.10.2013'),
(680, 1, 'Trenna', 12, '0,4', 46, NULL, NULL, 'Male', '20.11.2017'),
(681, 3, 'Graham', 18, '6,9', 10, NULL, NULL, 'Female', '29.05.2022'),
(682, 1, 'Innis', 10, '0,1', 44, NULL, NULL, 'Male', '08.06.2013'),
(683, 3, 'Bobby', 12, '0,4', 59, NULL, NULL, 'Female', '23.10.2012'),
(684, 1, 'Bartel', 15, '1,8', 68, NULL, NULL, 'Female', '27.03.2015'),
(685, 1, 'Cullen', 12, '0,7', 5, NULL, NULL, 'Male', '09.05.2010'),
(686, 3, 'Roxanna', 9, '5,4', 60, NULL, NULL, 'Female', '04.09.2023'),
(687, 1, 'Daveta', 9, '1,3', 59, NULL, NULL, 'Male', '24.07.2016'),
(688, 3, 'Iggy', 10, '4,6', 51, NULL, NULL, 'Male', '12.10.2010'),
(689, 3, 'Jack', 0, '5,6', 25, NULL, NULL, 'Female', '22.12.2019'),
(690, 1, 'Tammy', 3, '4,3', 16, NULL, NULL, 'Female', '16.12.2009'),
(691, 1, 'Emmaline', 15, '5,1', 46, NULL, NULL, 'Female', '01.04.2024'),
(692, 1, 'Arnaldo', 0, '6,2', 5, NULL, NULL, 'Female', '29.05.2021'),
(693, 2, 'Findley', 13, '1,6', 59, NULL, NULL, 'Female', '26.04.2013'),
(694, 1, 'Conney', 16, '2,4', 24, NULL, NULL, 'Male', '10.02.2018'),
(695, 1, 'Nedi', 5, '2,9', 30, NULL, NULL, 'Male', '19.07.2020'),
(696, 3, 'Bonnee', 13, '6,7', 65, NULL, NULL, 'Male', '13.08.2018'),
(697, 2, 'Richmond', 6, '2,1', 8, NULL, NULL, 'Male', '19.03.2022'),
(698, 1, 'Fredia', 7, '6', 8, NULL, NULL, 'Male', '10.04.2011'),
(699, 2, 'Roanna', 17, '6,8', 37, NULL, NULL, 'Male', '01.11.2021'),
(700, 1, 'Joan', 3, '6,3', 42, NULL, NULL, 'Female', '28.06.2012'),
(701, 2, 'Lelah', 2, '2,9', 55, NULL, NULL, 'Male', '21.07.2023'),
(702, 3, 'Felicdad', 17, '5,6', 30, NULL, NULL, 'Male', '20.08.2011'),
(703, 3, 'Kippy', 10, '2,9', 61, NULL, NULL, 'Female', '16.04.2010'),
(704, 2, 'Eartha', 5, '1,7', 15, NULL, NULL, 'Female', '10.02.2012'),
(705, 2, 'Dorothea', 5, '3,9', 6, NULL, NULL, 'Female', '22.07.2012'),
(706, 1, 'Hayes', 12, '1', 69, NULL, NULL, 'Female', '26.10.2014'),
(707, 2, 'Gabie', 16, '1,1', 28, NULL, NULL, 'Female', '03.04.2011'),
(708, 2, 'Hinze', 8, '6,2', 49, NULL, NULL, 'Female', '08.10.2014'),
(709, 2, 'Sancho', 12, '0,3', 11, NULL, NULL, 'Male', '09.01.2017'),
(710, 3, 'Cher', 2, '3,7', 69, NULL, NULL, 'Male', '25.02.2019'),
(711, 3, 'Jammie', 17, '3,2', 41, NULL, NULL, 'Female', '04.07.2022'),
(712, 1, 'Kaela', 3, '0,9', 20, NULL, NULL, 'Male', '19.07.2019'),
(713, 2, 'Tirrell', 11, '1,3', 55, NULL, NULL, 'Female', '14.09.2011'),
(714, 3, 'Zorah', 15, '6,9', 26, NULL, NULL, 'Female', '28.09.2019'),
(715, 2, 'Lela', 0, '3,2', 4, NULL, NULL, 'Female', '14.12.2008'),
(716, 1, 'Niall', 4, '1,6', 28, NULL, NULL, 'Female', '26.12.2019'),
(717, 1, 'Reinwald', 11, '6,7', 8, NULL, NULL, 'Female', '22.06.2011'),
(718, 3, 'Morganne', 5, '5,2', 62, NULL, NULL, 'Male', '21.02.2015'),
(719, 1, 'Edyth', 11, '2,1', 62, NULL, NULL, 'Female', '24.10.2015'),
(720, 3, 'Stuart', 15, '5,2', 46, NULL, NULL, 'Male', '05.03.2018'),
(721, 1, 'Eldredge', 5, '4,5', 40, NULL, NULL, 'Male', '27.11.2019'),
(722, 3, 'Herrick', 6, '6,1', 24, NULL, NULL, 'Female', '17.01.2009'),
(723, 1, 'Gustave', 15, '4,1', 8, NULL, NULL, 'Female', '16.07.2011'),
(724, 3, 'Lew', 17, '1,4', 10, NULL, NULL, 'Male', '20.10.2014'),
(725, 3, 'Findlay', 11, '2,8', 63, NULL, NULL, 'Male', '29.01.2024'),
(726, 3, 'Waverley', 11, '4,2', 31, NULL, NULL, 'Female', '20.07.2018'),
(727, 1, 'Dukie', 11, '4,5', 27, NULL, NULL, 'Female', '16.11.2015'),
(728, 1, 'Anna', 8, '1,5', 41, NULL, NULL, 'Male', '23.05.2019'),
(729, 3, 'Elora', 7, '3,8', 34, NULL, NULL, 'Male', '25.05.2020'),
(730, 2, 'Fawn', 15, '3,7', 31, NULL, NULL, 'Male', '20.10.2020'),
(731, 2, 'Gordan', 5, '2', 50, NULL, NULL, 'Male', '20.08.2017'),
(732, 1, 'Halli', 17, '3,5', 3, NULL, NULL, 'Female', '22.06.2009'),
(733, 2, 'Stormy', 18, '3,9', 34, NULL, NULL, 'Female', '17.07.2020'),
(734, 1, 'Alene', 8, '4,6', 67, NULL, NULL, 'Female', '01.09.2016'),
(735, 3, 'Willdon', 17, '5,8', 53, NULL, NULL, 'Female', '26.01.2023'),
(736, 3, 'Koralle', 16, '0,8', 11, NULL, NULL, 'Female', '26.02.2022'),
(737, 2, 'Dorothee', 3, '1,5', 65, NULL, NULL, 'Male', '18.07.2018'),
(738, 3, 'Boone', 13, '1,9', 64, NULL, NULL, 'Male', '10.11.2011'),
(739, 2, 'Pernell', 17, '1,9', 54, NULL, NULL, 'Male', '26.12.2016'),
(740, 3, 'Dannel', 17, '1,3', 7, NULL, NULL, 'Male', '02.04.2009'),
(741, 2, 'Warden', 0, '3,5', 39, NULL, NULL, 'Male', '26.03.2015'),
(742, 2, 'Erskine', 2, '4', 35, NULL, NULL, 'Male', '08.10.2022'),
(743, 2, 'Wain', 12, '2,7', 11, NULL, NULL, 'Female', '25.10.2015'),
(744, 3, 'Barbara-an', 17, '6,8', 20, NULL, NULL, 'Female', '24.06.2022'),
(745, 1, 'Blondie', 2, '1,3', 48, NULL, NULL, 'Male', '11.11.2008'),
(746, 3, 'Dag', 17, '0,8', 43, NULL, NULL, 'Male', '02.09.2021'),
(747, 1, 'Lettie', 10, '5,3', 41, NULL, NULL, 'Female', '25.11.2019'),
(748, 2, 'Belva', 4, '3,7', 18, NULL, NULL, 'Male', '09.06.2022'),
(749, 3, 'Vito', 4, '3,5', 55, NULL, NULL, 'Male', '02.10.2012'),
(750, 2, 'Alena', 10, '5,7', 10, NULL, NULL, 'Female', '18.11.2022'),
(751, 1, 'Izzy', 10, '1,6', 8, NULL, NULL, 'Male', '17.03.2020'),
(752, 3, 'Kariotta', 7, '4', 14, NULL, NULL, 'Female', '03.07.2022'),
(753, 3, 'Onfroi', 7, '5,2', 69, NULL, NULL, 'Male', '25.01.2009'),
(754, 3, 'Vidovic', 14, '6,1', 33, NULL, NULL, 'Female', '22.07.2016'),
(755, 2, 'Yasmin', 12, '2,9', 11, NULL, NULL, 'Female', '22.06.2017'),
(756, 1, 'Danya', 17, '4,6', 46, NULL, NULL, 'Male', '09.11.2008'),
(757, 3, 'Elfreda', 12, '1,4', 12, NULL, NULL, 'Female', '18.05.2020'),
(758, 1, 'Delmer', 12, '4,9', 57, NULL, NULL, 'Female', '29.10.2009'),
(759, 2, 'Arlyne', 13, '6,1', 48, NULL, NULL, 'Male', '10.12.2009'),
(760, 1, 'Aretha', 13, '5,5', 70, NULL, NULL, 'Male', '12.12.2009'),
(761, 3, 'Gretta', 5, '3,5', 48, NULL, NULL, 'Male', '07.07.2015'),
(762, 2, 'Basilius', 0, '2,5', 66, NULL, NULL, 'Male', '08.06.2018'),
(763, 1, 'Madelaine', 12, '2,8', 59, NULL, NULL, 'Male', '23.11.2016'),
(764, 2, 'Dallas', 7, '2,2', 44, NULL, NULL, 'Male', '25.11.2010'),
(765, 2, 'Chadwick', 9, '3,7', 46, NULL, NULL, 'Female', '08.02.2012'),
(766, 3, 'Karel', 0, '2,3', 16, NULL, NULL, 'Female', '25.09.2017'),
(767, 1, 'Gennie', 2, '3,8', 30, NULL, NULL, 'Female', '17.05.2012'),
(768, 3, 'Sean', 3, '1,7', 28, NULL, NULL, 'Male', '27.02.2017'),
(769, 1, 'Gussy', 11, '5,6', 27, NULL, NULL, 'Female', '26.07.2013'),
(770, 1, 'Honor', 2, '5,9', 2, NULL, NULL, 'Female', '31.12.2013'),
(771, 2, 'Kessiah', 15, '1,9', 4, NULL, NULL, 'Female', '03.07.2009'),
(772, 3, 'Raoul', 5, '1', 29, NULL, NULL, 'Male', '18.01.2021'),
(773, 1, 'Joyce', 11, '3,8', 39, NULL, NULL, 'Female', '24.12.2017'),
(774, 3, 'Kellen', 4, '5,7', 22, NULL, NULL, 'Male', '30.12.2013'),
(775, 3, 'Addie', 3, '5,5', 13, NULL, NULL, 'Female', '25.02.2018'),
(776, 2, 'Guido', 5, '1,5', 12, NULL, NULL, 'Male', '16.08.2023'),
(777, 2, 'Odo', 9, '1,7', 68, NULL, NULL, 'Female', '11.02.2020'),
(778, 3, 'Alexio', 14, '4,6', 42, NULL, NULL, 'Male', '01.02.2019'),
(779, 3, 'Timmie', 8, '0,2', 23, NULL, NULL, 'Female', '30.01.2013'),
(780, 2, 'Locke', 15, '5,8', 37, NULL, NULL, 'Male', '10.09.2012'),
(781, 2, 'Em', 8, '3,2', 1, NULL, NULL, 'Male', '11.03.2015'),
(782, 2, 'Molli', 10, '5', 18, NULL, NULL, 'Female', '10.03.2013'),
(783, 2, 'Joelynn', 8, '1,6', 65, NULL, NULL, 'Female', '07.12.2015'),
(784, 3, 'Domeniga', 10, '6,2', 42, NULL, NULL, 'Female', '24.02.2013'),
(785, 2, 'Artus', 17, '5,4', 57, NULL, NULL, 'Female', '20.01.2023'),
(786, 3, 'Marcile', 1, '3,5', 35, NULL, NULL, 'Male', '18.09.2012'),
(787, 2, 'Cybill', 9, '6,2', 45, NULL, NULL, 'Female', '21.09.2012'),
(788, 1, 'Cherrita', 9, '2,8', 37, NULL, NULL, 'Female', '29.06.2020'),
(789, 2, 'Cassie', 5, '4,4', 43, NULL, NULL, 'Female', '08.10.2011'),
(790, 1, 'Boone', 8, '5,8', 36, NULL, NULL, 'Male', '24.10.2014'),
(791, 1, 'Grover', 5, '4,3', 37, NULL, NULL, 'Male', '07.01.2021'),
(792, 3, 'Thurstan', 15, '5,1', 23, NULL, NULL, 'Female', '20.05.2009'),
(793, 3, 'June', 4, '3', 62, NULL, NULL, 'Female', '14.09.2023'),
(794, 1, 'Evie', 9, '5,6', 14, NULL, NULL, 'Female', '04.12.2014'),
(795, 1, 'Chelsy', 2, '4,3', 55, NULL, NULL, 'Female', '06.12.2019'),
(796, 3, 'Micheil', 4, '2,8', 15, NULL, NULL, 'Female', '05.07.2021'),
(797, 2, 'Marcelo', 17, '3,9', 59, NULL, NULL, 'Male', '09.03.2021'),
(798, 2, 'Tamqrah', 16, '4,8', 24, NULL, NULL, 'Male', '19.06.2015'),
(799, 3, 'Loydie', 2, '5,9', 10, NULL, NULL, 'Male', '04.12.2018'),
(800, 3, 'Amerigo', 1, '5', 36, NULL, NULL, 'Female', '10.08.2013'),
(801, 3, 'Luis', 9, '5,4', 67, NULL, NULL, 'Female', '05.03.2023'),
(802, 3, 'Rebbecca', 13, '4,9', 10, NULL, NULL, 'Male', '07.02.2013'),
(803, 3, 'Mara', 9, '0,4', 44, NULL, NULL, 'Male', '18.05.2010'),
(804, 1, 'Federico', 7, '3,8', 27, NULL, NULL, 'Male', '15.06.2022'),
(805, 1, 'Royce', 1, '5,3', 36, NULL, NULL, 'Female', '14.11.2009'),
(806, 1, 'Lonnard', 16, '6,1', 28, NULL, NULL, 'Male', '12.01.2012'),
(807, 2, 'Fredek', 5, '6', 24, NULL, NULL, 'Male', '07.04.2010'),
(808, 3, 'Ermengarde', 8, '5,6', 8, NULL, NULL, 'Male', '29.10.2022'),
(809, 3, 'Gordan', 12, '3,7', 16, NULL, NULL, 'Female', '21.04.2011'),
(810, 1, 'Seymour', 11, '2,3', 32, NULL, NULL, 'Male', '21.02.2014'),
(811, 1, 'Allen', 6, '2', 30, NULL, NULL, 'Male', '27.07.2021'),
(812, 3, 'Billie', 1, '1,9', 41, NULL, NULL, 'Male', '29.10.2017'),
(813, 2, 'Shem', 17, '4,6', 15, NULL, NULL, 'Female', '23.01.2011'),
(814, 1, 'Matteo', 10, '2', 9, NULL, NULL, 'Male', '22.06.2014'),
(815, 2, 'Enrica', 6, '4,2', 3, NULL, NULL, 'Female', '29.11.2017'),
(816, 1, 'Tailor', 18, '2,3', 67, NULL, NULL, 'Female', '24.09.2019'),
(817, 3, 'Grier', 16, '4,5', 56, NULL, NULL, 'Female', '26.07.2021'),
(818, 3, 'Norry', 14, '3,3', 8, NULL, NULL, 'Female', '28.12.2023'),
(819, 3, 'Ase', 5, '3,5', 52, NULL, NULL, 'Female', '14.10.2022'),
(820, 1, 'Jerry', 13, '6,5', 61, NULL, NULL, 'Male', '17.06.2013'),
(821, 1, 'Yorgo', 17, '0,9', 47, NULL, NULL, 'Female', '14.11.2014'),
(822, 2, 'Marjie', 6, '6,4', 37, NULL, NULL, 'Male', '17.05.2012'),
(823, 3, 'Magdaia', 15, '4,1', 66, NULL, NULL, 'Female', '14.09.2010'),
(824, 2, 'Herbert', 8, '0,7', 1, NULL, NULL, 'Male', '21.10.2015'),
(825, 3, 'Borden', 9, '4,6', 39, NULL, NULL, 'Male', '28.07.2014'),
(826, 3, 'Igor', 0, '0,2', 53, NULL, NULL, 'Male', '17.06.2009'),
(827, 2, 'Mercie', 14, '3,7', 23, NULL, NULL, 'Female', '22.12.2020'),
(828, 3, 'Arabella', 2, '5', 54, NULL, NULL, 'Male', '23.03.2010'),
(829, 1, 'Ulick', 12, '6,8', 69, NULL, NULL, 'Female', '04.06.2009'),
(830, 2, 'Rudiger', 5, '4,9', 40, NULL, NULL, 'Female', '06.05.2017'),
(831, 2, 'Gilburt', 7, '6,7', 1, NULL, NULL, 'Male', '14.10.2011'),
(832, 3, 'Paten', 15, '2', 22, NULL, NULL, 'Female', '11.05.2017'),
(833, 1, 'Roselle', 12, '1,9', 58, NULL, NULL, 'Male', '20.09.2015'),
(834, 1, 'Lotta', 1, '5', 13, NULL, NULL, 'Male', '09.02.2017'),
(835, 1, 'Roland', 17, '3,1', 17, NULL, NULL, 'Female', '16.11.2015'),
(836, 2, 'Martainn', 7, '6,6', 21, NULL, NULL, 'Female', '16.05.2019'),
(837, 1, 'Tatum', 5, '0,3', 43, NULL, NULL, 'Female', '03.02.2018'),
(838, 1, 'Fredi', 7, '2,1', 64, NULL, NULL, 'Female', '20.03.2013'),
(839, 2, 'Adan', 1, '5,3', 61, NULL, NULL, 'Female', '10.08.2013'),
(840, 2, 'Randall', 18, '2,2', 1, NULL, NULL, 'Male', '12.11.2015'),
(841, 1, 'Minnnie', 3, '5,4', 9, NULL, NULL, 'Male', '30.03.2016'),
(842, 3, 'Joellen', 7, '6,7', 68, NULL, NULL, 'Male', '20.12.2019'),
(843, 1, 'Guillaume', 3, '2,5', 33, NULL, NULL, 'Male', '11.04.2013'),
(844, 1, 'Erny', 6, '3', 4, NULL, NULL, 'Male', '02.07.2019'),
(845, 2, 'Ramsey', 17, '3,3', 20, NULL, NULL, 'Male', '03.07.2015'),
(846, 1, 'Gerald', 9, '1', 2, NULL, NULL, 'Female', '18.11.2016'),
(847, 2, 'Sallyann', 13, '3,1', 49, NULL, NULL, 'Male', '12.07.2022'),
(848, 3, 'Goddart', 1, '5,8', 36, NULL, NULL, 'Male', '19.12.2008'),
(849, 1, 'Rock', 1, '5,6', 39, NULL, NULL, 'Female', '29.09.2023'),
(850, 3, 'Abeu', 16, '3,3', 26, NULL, NULL, 'Female', '28.04.2015'),
(851, 3, 'Keith', 12, '2,3', 18, NULL, NULL, 'Female', '05.09.2011'),
(852, 1, 'Magdalena', 8, '7', 25, NULL, NULL, 'Female', '29.09.2023'),
(853, 1, 'Gayle', 2, '6,9', 10, NULL, NULL, 'Female', '05.07.2022'),
(854, 2, 'Winny', 17, '6,1', 36, NULL, NULL, 'Female', '13.09.2011'),
(855, 3, 'Dorey', 6, '6,7', 20, NULL, NULL, 'Male', '16.01.2018'),
(856, 3, 'Roberto', 3, '5,2', 19, NULL, NULL, 'Male', '12.02.2010'),
(857, 3, 'Garik', 0, '6,6', 44, NULL, NULL, 'Female', '26.10.2017'),
(858, 3, 'Lani', 2, '0,3', 64, NULL, NULL, 'Male', '25.01.2020'),
(859, 1, 'Abeu', 9, '4', 20, NULL, NULL, 'Female', '10.10.2012'),
(860, 3, 'Mureil', 17, '1,5', 27, NULL, NULL, 'Female', '28.07.2011'),
(861, 3, 'Gilburt', 10, '6,5', 41, NULL, NULL, 'Female', '05.07.2010'),
(862, 3, 'Phyllida', 12, '0,7', 3, NULL, NULL, 'Female', '10.11.2022'),
(863, 1, 'Kellia', 17, '6,2', 30, NULL, NULL, 'Female', '27.11.2019'),
(864, 1, 'Heda', 10, '0,2', 55, NULL, NULL, 'Male', '17.01.2009'),
(865, 3, 'Adelle', 1, '3,8', 70, NULL, NULL, 'Female', '16.07.2011'),
(866, 2, 'Aluino', 17, '6,2', 34, NULL, NULL, 'Male', '20.10.2014'),
(867, 2, 'Purcell', 12, '2,3', 65, NULL, NULL, 'Male', '29.01.2024'),
(868, 3, 'Kaylee', 6, '6,9', 2, NULL, NULL, 'Female', '20.07.2018'),
(869, 1, 'Xavier', 9, '0,3', 28, NULL, NULL, 'Female', '16.11.2015'),
(870, 3, 'Cole', 13, '1,2', 36, NULL, NULL, 'Male', '23.05.2019'),
(871, 2, 'Abbie', 14, '4,3', 34, NULL, NULL, 'Male', '25.05.2020'),
(872, 3, 'Kittie', 6, '3,8', 38, NULL, NULL, 'Female', '20.10.2020'),
(873, 3, 'Benedikta', 12, '0,3', 18, NULL, NULL, 'Female', '20.08.2017'),
(874, 3, 'Wynne', 6, '5,9', 60, NULL, NULL, 'Male', '22.06.2009'),
(875, 1, 'Cleo', 9, '1,7', 59, NULL, NULL, 'Male', '17.07.2020'),
(876, 1, 'Terrel', 18, '4,8', 57, NULL, NULL, 'Male', '01.09.2016'),
(877, 2, 'Amalia', 1, '2,5', 11, NULL, NULL, 'Male', '26.01.2023'),
(878, 2, 'Cyril', 10, '3,6', 19, NULL, NULL, 'Female', '26.02.2022'),
(879, 2, 'Townie', 14, '6,4', 67, NULL, NULL, 'Female', '18.07.2018'),
(880, 1, 'Penrod', 9, '1,7', 26, NULL, NULL, 'Female', '10.11.2011'),
(881, 2, 'Anatollo', 1, '2,2', 21, NULL, NULL, 'Female', '26.12.2016'),
(882, 1, 'Jo', 0, '3,9', 69, NULL, NULL, 'Female', '02.04.2009'),
(883, 2, 'Yulma', 10, '1,4', 68, NULL, NULL, 'Male', '26.03.2015'),
(884, 2, 'Curtis', 9, '0,5', 63, NULL, NULL, 'Male', '08.10.2022'),
(885, 1, 'Craggie', 13, '1', 18, NULL, NULL, 'Male', '25.10.2015'),
(886, 3, 'Kathi', 3, '2,3', 63, NULL, NULL, 'Male', '24.06.2022'),
(887, 1, 'Thom', 11, '6,8', 17, NULL, NULL, 'Male', '11.11.2008'),
(888, 2, 'Allix', 5, '0,6', 48, NULL, NULL, 'Male', '02.09.2021'),
(889, 2, 'Gonzales', 0, '1,7', 52, NULL, NULL, 'Female', '25.11.2019'),
(890, 2, 'Wolfy', 16, '3,6', 70, NULL, NULL, 'Female', '09.06.2022'),
(891, 1, 'Libby', 15, '5,1', 70, NULL, NULL, 'Male', '02.10.2012'),
(892, 2, 'Roxane', 8, '0,2', 46, NULL, NULL, 'Male', '18.11.2022'),
(893, 3, 'Gifford', 13, '1,6', 36, NULL, NULL, 'Female', '17.03.2020'),
(894, 2, 'Gray', 16, '0,8', 68, NULL, NULL, 'Male', '03.07.2022'),
(895, 2, 'Trstram', 16, '1,9', 58, NULL, NULL, 'Male', '25.01.2009'),
(896, 1, 'Crystal', 4, '4,7', 60, NULL, NULL, 'Female', '22.07.2016'),
(897, 3, 'Richart', 7, '6,4', 28, NULL, NULL, 'Male', '22.06.2017'),
(898, 2, 'Gasparo', 11, '3', 42, NULL, NULL, 'Female', '09.11.2008'),
(899, 2, 'Burt', 12, '2,7', 12, NULL, NULL, 'Male', '18.05.2020'),
(900, 2, 'Jae', 10, '5,3', 17, NULL, NULL, 'Female', '29.10.2009'),
(901, 2, 'Fee', 13, '4,9', 69, NULL, NULL, 'Female', '10.12.2009'),
(902, 1, 'Rhody', 18, '0,2', 47, NULL, NULL, 'Male', '12.12.2009'),
(903, 3, 'Marie', 11, '3,9', 2, NULL, NULL, 'Female', '07.07.2015'),
(904, 1, 'Blayne', 3, '6,6', 40, NULL, NULL, 'Female', '08.06.2018'),
(905, 3, 'Elston', 16, '3,1', 25, NULL, NULL, 'Male', '23.11.2016'),
(906, 2, 'Consuelo', 0, '6', 38, NULL, NULL, 'Male', '25.11.2010'),
(907, 1, 'Dyane', 12, '1,1', 3, NULL, NULL, 'Male', '08.02.2012'),
(908, 1, 'Carlina', 15, '2,6', 14, NULL, NULL, 'Male', '25.09.2017'),
(909, 2, 'Tootsie', 1, '1,5', 43, NULL, NULL, 'Male', '17.05.2012'),
(910, 2, 'Cynthea', 5, '5,3', 49, NULL, NULL, 'Male', '27.02.2017'),
(911, 3, 'Marylou', 3, '5', 26, NULL, NULL, 'Female', '26.07.2013'),
(912, 3, 'Laurene', 5, '3', 60, NULL, NULL, 'Female', '31.12.2013'),
(913, 3, 'Aleksandr', 6, '0,7', 54, NULL, NULL, 'Female', '03.07.2009'),
(914, 2, 'Coretta', 6, '2,8', 56, NULL, NULL, 'Male', '18.01.2021'),
(915, 3, 'Wilburt', 10, '3,4', 48, NULL, NULL, 'Female', '24.12.2017'),
(916, 2, 'Peggy', 14, '7', 48, NULL, NULL, 'Female', '30.12.2013'),
(917, 2, 'Gwen', 4, '3,5', 60, NULL, NULL, 'Female', '25.02.2018'),
(918, 2, 'Bertrand', 17, '4,1', 4, NULL, NULL, 'Male', '16.08.2023'),
(919, 2, 'Brennen', 9, '5,6', 12, NULL, NULL, 'Female', '11.02.2020'),
(920, 2, 'Laughton', 16, '2', 60, NULL, NULL, 'Male', '01.02.2019'),
(921, 2, 'Lethia', 0, '3,6', 19, NULL, NULL, 'Female', '30.01.2013'),
(922, 2, 'Caldwell', 16, '6,3', 15, NULL, NULL, 'Male', '10.09.2012'),
(923, 1, 'Jodi', 13, '5,8', 14, NULL, NULL, 'Female', '11.03.2015'),
(924, 2, 'Belinda', 9, '5,7', 42, NULL, NULL, 'Male', '10.03.2013'),
(925, 1, 'Burgess', 2, '4,6', 58, NULL, NULL, 'Female', '07.12.2015'),
(926, 1, 'Izak', 13, '5,7', 13, NULL, NULL, 'Male', '24.02.2013'),
(927, 2, 'Davine', 14, '2,4', 28, NULL, NULL, 'Male', '20.01.2023'),
(928, 3, 'Giuseppe', 18, '5,8', 43, NULL, NULL, 'Female', '18.09.2012'),
(929, 3, 'Gavin', 0, '3,3', 56, NULL, NULL, 'Female', '21.09.2012'),
(930, 3, 'Freddy', 2, '4,3', 68, NULL, NULL, 'Female', '29.06.2020'),
(931, 3, 'Orelle', 11, '5', 1, NULL, NULL, 'Female', '08.10.2011'),
(932, 2, 'Danyette', 10, '6,7', 36, NULL, NULL, 'Male', '24.10.2014'),
(933, 3, 'Janeta', 8, '4,7', 67, NULL, NULL, 'Female', '07.01.2021'),
(934, 2, 'Becca', 8, '5,2', 52, NULL, NULL, 'Female', '20.05.2009'),
(935, 3, 'Dniren', 9, '6,4', 8, NULL, NULL, 'Female', '14.09.2023'),
(936, 2, 'Kaylee', 13, '0,4', 67, NULL, NULL, 'Male', '04.12.2014'),
(937, 2, 'Spenser', 6, '1', 15, NULL, NULL, 'Male', '06.12.2019'),
(938, 2, 'Kipp', 9, '6,1', 56, NULL, NULL, 'Female', '05.07.2021'),
(939, 1, 'Robers', 4, '2,4', 36, NULL, NULL, 'Female', '09.03.2021'),
(940, 2, 'Billy', 11, '5,7', 10, NULL, NULL, 'Female', '19.06.2015'),
(941, 3, 'Eliza', 16, '2,1', 24, NULL, NULL, 'Female', '04.12.2018'),
(942, 2, 'Franny', 14, '0,5', 12, NULL, NULL, 'Female', '10.08.2013'),
(943, 1, 'Dorisa', 4, '1,3', 12, NULL, NULL, 'Male', '05.03.2023'),
(944, 2, 'Jae', 10, '6,5', 40, NULL, NULL, 'Male', '07.02.2013'),
(945, 3, 'Billi', 3, '4,1', 44, NULL, NULL, 'Male', '18.05.2010'),
(946, 1, 'Carie', 16, '2,7', 5, NULL, NULL, 'Female', '15.06.2022'),
(947, 1, 'Patrizia', 2, '4,1', 32, NULL, NULL, 'Female', '14.11.2009'),
(948, 2, 'Kristofer', 2, '0,8', 29, NULL, NULL, 'Male', '12.01.2012'),
(949, 2, 'Leonanie', 6, '6,3', 8, NULL, NULL, 'Male', '07.04.2010'),
(950, 1, 'Georgy', 11, '6,7', 21, NULL, NULL, 'Male', '29.10.2022'),
(951, 1, 'Chloette', 6, '6,5', 2, NULL, NULL, 'Female', '21.04.2011'),
(952, 2, 'Frances', 11, '1,2', 27, NULL, NULL, 'Male', '21.02.2014'),
(953, 3, 'Reinold', 13, '4,7', 10, NULL, NULL, 'Male', '27.07.2021'),
(954, 3, 'Fitzgerald', 2, '0,2', 43, NULL, NULL, 'Male', '29.10.2017'),
(955, 3, 'Clovis', 18, '2,5', 49, NULL, NULL, 'Female', '23.01.2011'),
(956, 2, 'Dasi', 8, '4,4', 7, NULL, NULL, 'Male', '22.06.2014'),
(957, 2, 'Reeba', 17, '0,6', 30, NULL, NULL, 'Male', '29.11.2017'),
(958, 3, 'Lurlene', 1, '1,3', 42, NULL, NULL, 'Male', '24.09.2019'),
(959, 3, 'Daffy', 2, '2,8', 5, NULL, NULL, 'Female', '26.07.2021'),
(960, 2, 'Esra', 4, '5,1', 53, NULL, NULL, 'Male', '28.12.2023'),
(961, 3, 'Drusilla', 3, '5,2', 42, NULL, NULL, 'Female', '14.10.2022'),
(962, 2, 'Frederick', 14, '5,6', 52, NULL, NULL, 'Female', '17.06.2013'),
(963, 2, 'Arri', 15, '2,7', 19, NULL, NULL, 'Female', '14.11.2014'),
(964, 3, 'Pace', 9, '1,8', 38, NULL, NULL, 'Female', '17.05.2012'),
(965, 2, 'Waite', 7, '2', 55, NULL, NULL, 'Female', '14.09.2010'),
(966, 2, 'Norah', 3, '2,3', 3, NULL, NULL, 'Male', '21.10.2015'),
(967, 1, 'Catriona', 16, '2,3', 31, NULL, NULL, 'Female', '28.07.2014'),
(968, 3, 'Willy', 7, '6,1', 10, NULL, NULL, 'Male', '17.06.2009'),
(969, 3, 'Orelle', 8, '2,2', 55, NULL, NULL, 'Female', '22.12.2020'),
(970, 1, 'Ring', 12, '0,7', 52, NULL, NULL, 'Male', '23.03.2010'),
(971, 2, 'Terrill', 10, '2,9', 13, NULL, NULL, 'Male', '04.06.2009'),
(972, 3, 'Cecilio', 11, '5,1', 22, NULL, NULL, 'Male', '06.05.2017'),
(973, 1, 'Corabella', 14, '4', 31, NULL, NULL, 'Female', '14.10.2011'),
(974, 3, 'Abby', 3, '1,9', 18, NULL, NULL, 'Male', '11.05.2017'),
(975, 2, 'Bald', 18, '2,1', 48, NULL, NULL, 'Female', '20.09.2015'),
(976, 1, 'Brian', 18, '4,9', 70, NULL, NULL, 'Female', '09.02.2017'),
(977, 1, 'Hy', 10, '3,9', 35, NULL, NULL, 'Male', '16.11.2015'),
(978, 2, 'Morganica', 17, '6,6', 16, NULL, NULL, 'Female', '16.05.2019'),
(979, 2, 'Grayce', 7, '4,8', 25, NULL, NULL, 'Male', '03.02.2018'),
(980, 3, 'Barnaby', 5, '3,9', 54, NULL, NULL, 'Male', '20.03.2013'),
(981, 2, 'Domenic', 10, '3,9', 28, NULL, NULL, 'Female', '10.08.2013'),
(982, 1, 'Cindy', 2, '4,1', 47, NULL, NULL, 'Female', '12.11.2015'),
(983, 1, 'Rolando', 10, '2,4', 29, NULL, NULL, 'Female', '30.03.2016'),
(984, 2, 'Yardley', 3, '4,3', 23, NULL, NULL, 'Female', '20.12.2019'),
(985, 3, 'Tressa', 4, '4', 61, NULL, NULL, 'Female', '11.04.2013'),
(986, 2, 'Adria', 15, '1,7', 26, NULL, NULL, 'Male', '02.07.2019'),
(987, 1, 'Drugi', 15, '1', 12, NULL, NULL, 'Male', '03.07.2015'),
(988, 2, 'Roxanne', 15, '5,7', 41, NULL, NULL, 'Male', '18.11.2016'),
(989, 1, 'Gwendolyn', 18, '4,1', 45, NULL, NULL, 'Male', '12.07.2022'),
(990, 2, 'Clem', 4, '2', 21, NULL, NULL, 'Male', '19.12.2008'),
(991, 2, 'Chevy', 1, '0,6', 63, NULL, NULL, 'Male', '29.09.2023'),
(992, 3, 'Luciano', 10, '3,6', 37, NULL, NULL, 'Female', '28.04.2015'),
(993, 3, 'Lind', 0, '5,4', 62, NULL, NULL, 'Male', '05.09.2011'),
(994, 2, 'Noellyn', 9, '6,8', 63, NULL, NULL, 'Male', '29.09.2023'),
(995, 1, 'Phedra', 14, '3,7', 7, NULL, NULL, 'Female', '20.09.2013'),
(996, 1, 'Vivia', 7, '2,7', 2, NULL, NULL, 'Female', '24.06.2011'),
(997, 1, 'Ilise', 4, '5,7', 45, NULL, NULL, 'Female', '12.08.2012'),
(998, 3, 'Jada', 7, '4,7', 63, NULL, NULL, 'Female', '24.09.2013'),
(999, 1, 'Darelle', 4, '5,8', 20, NULL, NULL, 'Female', '24.09.2015'),
(1000, 1, 'Cele', 4, '5,7', 45, NULL, NULL, 'Female', '29.11.2013'),
(1001, 1, 'Diarmid', 14, '5,6', 54, NULL, NULL, 'Male', '01.08.2020'),
(1002, 3, 'Nettle', 2, '1', 1, NULL, NULL, 'Male', '12.11.2010'),
(1003, 3, 'Shirlene', 9, '4,5', 32, NULL, NULL, 'Female', '26.10.2021'),
(1004, 3, 'Courtney', 16, '5,7', 45, NULL, NULL, 'Male', '14.08.2010'),
(1005, 1, 'Liza', 1, '5,8', 42, NULL, NULL, 'Female', '10.01.2013'),
(1006, 2, 'Sallee', 7, '2', 61, NULL, NULL, 'Female', '28.05.2016'),
(1007, 1, 'Gabriellia', 6, '0,8', 20, NULL, NULL, 'Female', '10.08.2010'),
(1008, 1, 'Matthaeus', 2, '3,6', 19, NULL, NULL, 'Female', '16.04.2013'),
(1009, 2, 'Joey', 17, '6', 27, NULL, NULL, 'Female', '13.02.2024'),
(1010, 3, 'Sile', 6, '4,2', 32, NULL, NULL, 'Male', '29.10.2013'),
(1011, 2, 'Crista', 13, '4,9', 2, NULL, NULL, 'Female', '20.11.2017'),
(1012, 3, 'Simeon', 17, '4', 66, NULL, NULL, 'Male', '29.05.2022'),
(1013, 2, 'Ag', 1, '3,4', 11, NULL, NULL, 'Male', '08.06.2013'),
(1014, 2, 'Prudi', 18, '1,9', 59, NULL, NULL, 'Female', '23.10.2012'),
(1015, 3, 'Fidela', 14, '6,3', 10, NULL, NULL, 'Female', '27.03.2015'),
(1016, 2, 'Gerry', 4, '2,4', 57, NULL, NULL, 'Male', '09.05.2010'),
(1017, 2, 'Paulo', 0, '2,9', 12, NULL, NULL, 'Male', '04.09.2023'),
(1018, 3, 'Johan', 11, '3', 1, NULL, NULL, 'Female', '24.07.2016'),
(1019, 1, 'Gav', 13, '0,8', 26, NULL, NULL, 'Female', '12.10.2010'),
(1020, 2, 'Evangeline', 14, '6,6', 4, NULL, NULL, 'Male', '22.12.2019'),
(1021, 3, 'Penny', 11, '1,2', 43, NULL, NULL, 'Male', '16.12.2009'),
(1022, 2, 'Marna', 15, '3,3', 52, NULL, NULL, 'Male', '01.04.2024'),
(1023, 3, 'Dedie', 11, '6,8', 1, NULL, NULL, 'Male', '29.05.2021'),
(1024, 1, 'Bastien', 4, '1,3', 24, NULL, NULL, 'Female', '26.04.2013'),
(1025, 3, 'Kathryne', 14, '6', 59, NULL, NULL, 'Female', '10.02.2018'),
(1026, 3, 'Hank', 7, '6', 67, NULL, NULL, 'Female', '19.07.2020'),
(1027, 1, 'Garret', 1, '0,7', 40, NULL, NULL, 'Female', '13.08.2018'),
(1028, 2, 'Marianne', 4, '1,1', 17, NULL, NULL, 'Female', '19.03.2022'),
(1029, 1, 'Darsie', 10, '6,3', 69, NULL, NULL, 'Male', '10.04.2011'),
(1030, 2, 'Etti', 16, '3,1', 58, NULL, NULL, 'Male', '01.11.2021'),
(1031, 1, 'Lindie', 1, '5,3', 2, NULL, NULL, 'Male', '28.06.2012'),
(1032, 1, 'Monty', 8, '0,3', 22, NULL, NULL, 'Male', '21.07.2023'),
(1033, 3, 'Franni', 8, '2,7', 40, NULL, NULL, 'Male', '20.08.2011'),
(1034, 2, 'Jolene', 4, '6,3', 53, NULL, NULL, 'Male', '16.04.2010'),
(1035, 3, 'Babs', 1, '2,1', 44, NULL, NULL, 'Female', '10.02.2012'),
(1036, 2, 'Torry', 15, '4,2', 10, NULL, NULL, 'Female', '22.07.2012'),
(1037, 3, 'Fremont', 6, '5,5', 63, NULL, NULL, 'Male', '26.10.2014'),
(1038, 3, 'Cassandre', 12, '2,6', 42, NULL, NULL, 'Male', '03.04.2011'),
(1039, 2, 'Alfreda', 14, '4,1', 50, NULL, NULL, 'Female', '08.10.2014'),
(1040, 2, 'Collete', 17, '4,5', 18, NULL, NULL, 'Male', '09.01.2017'),
(1041, 3, 'Michell', 12, '5,7', 39, NULL, NULL, 'Male', '25.02.2019'),
(1042, 2, 'Corissa', 17, '6,7', 14, NULL, NULL, 'Female', '04.07.2022'),
(1043, 3, 'Adamo', 8, '2,8', 22, NULL, NULL, 'Male', '19.07.2019'),
(1044, 2, 'Boyd', 8, '6,8', 13, NULL, NULL, 'Female', '14.09.2011'),
(1045, 2, 'Earl', 0, '6,1', 24, NULL, NULL, 'Male', '28.09.2019'),
(1046, 2, 'Mallissa', 2, '4,8', 1, NULL, NULL, 'Female', '14.12.2008'),
(1047, 3, 'Lark', 18, '5,4', 41, NULL, NULL, 'Female', '26.12.2019'),
(1048, 3, 'Mohandis', 17, '7', 3, NULL, NULL, 'Male', '22.06.2011'),
(1049, 1, 'Graehme', 9, '4,8', 13, NULL, NULL, 'Female', '21.02.2015'),
(1050, 3, 'Gerik', 8, '0,1', 62, NULL, NULL, 'Female', '24.10.2015'),
(1051, 1, 'Lettie', 9, '2,6', 42, NULL, NULL, 'Male', '05.03.2018'),
(1052, 2, 'Isa', 12, '2,4', 50, NULL, NULL, 'Male', '27.11.2019'),
(1053, 1, 'Bat', 0, '6,8', 27, NULL, NULL, 'Male', '17.01.2009'),
(1054, 1, 'Rollie', 17, '1,2', 35, NULL, NULL, 'Male', '16.07.2011'),
(1055, 2, 'Maribelle', 3, '3,5', 42, NULL, NULL, 'Male', '20.10.2014'),
(1056, 3, 'Corbie', 12, '6,2', 15, NULL, NULL, 'Male', '29.01.2024'),
(1057, 2, 'Franz', 8, '1,5', 19, NULL, NULL, 'Female', '20.07.2018'),
(1058, 3, 'Vinnie', 12, '0,9', 59, NULL, NULL, 'Female', '16.11.2015'),
(1059, 3, 'Geralda', 16, '5,4', 70, NULL, NULL, 'Female', '23.05.2019'),
(1060, 1, 'Cozmo', 0, '6,5', 54, NULL, NULL, 'Male', '25.05.2020'),
(1061, 3, 'Megan', 9, '2', 5, NULL, NULL, 'Female', '20.10.2020'),
(1062, 1, 'Zorine', 0, '5,2', 30, NULL, NULL, 'Female', '20.08.2017'),
(1063, 3, 'Doralia', 0, '2,6', 22, NULL, NULL, 'Female', '22.06.2009'),
(1064, 2, 'Meridel', 9, '6,7', 10, NULL, NULL, 'Male', '17.07.2020'),
(1065, 1, 'Florinda', 15, '2,6', 31, NULL, NULL, 'Female', '01.09.2016'),
(1066, 2, 'Gabby', 14, '3,5', 15, NULL, NULL, 'Male', '26.01.2023'),
(1067, 1, 'Amandy', 6, '3,7', 29, NULL, NULL, 'Female', '26.02.2022'),
(1068, 2, 'Rufe', 14, '2,4', 31, NULL, NULL, 'Male', '18.07.2018'),
(1069, 3, 'Sharlene', 3, '6,4', 44, NULL, NULL, 'Female', '10.11.2011'),
(1070, 3, 'Boot', 5, '5,4', 20, NULL, NULL, 'Male', '26.12.2016'),
(1071, 1, 'Aron', 5, '5,1', 18, NULL, NULL, 'Female', '02.04.2009'),
(1072, 2, 'Wake', 0, '6,9', 31, NULL, NULL, 'Male', '26.03.2015'),
(1073, 2, 'Rahal', 13, '1,9', 59, NULL, NULL, 'Male', '08.10.2022'),
(1074, 1, 'Patrice', 4, '4,9', 19, NULL, NULL, 'Female', '25.10.2015'),
(1075, 2, 'Kynthia', 3, '6,2', 1, NULL, NULL, 'Female', '24.06.2022'),
(1076, 3, 'Donnie', 4, '5,1', 70, NULL, NULL, 'Male', '11.11.2008'),
(1077, 2, 'Pinchas', 6, '0,9', 57, NULL, NULL, 'Female', '02.09.2021'),
(1078, 2, 'Evangelia', 6, '5,7', 26, NULL, NULL, 'Female', '25.11.2019'),
(1079, 1, 'Fitz', 15, '1,9', 66, NULL, NULL, 'Female', '09.06.2022'),
(1080, 1, 'Kilian', 14, '0,9', 8, NULL, NULL, 'Female', '02.10.2012'),
(1081, 3, 'Milissent', 0, '6,6', 21, NULL, NULL, 'Female', '18.11.2022'),
(1082, 3, 'Emeline', 14, '5,5', 56, NULL, NULL, 'Male', '17.03.2020'),
(1083, 2, 'Rafa', 12, '4,1', 25, NULL, NULL, 'Female', '03.07.2022'),
(1084, 1, 'Sarine', 12, '1,7', 53, NULL, NULL, 'Male', '25.01.2009'),
(1085, 3, 'Babita', 2, '6,9', 62, NULL, NULL, 'Male', '22.07.2016'),
(1086, 3, 'Conan', 17, '0,6', 25, NULL, NULL, 'Female', '22.06.2017'),
(1087, 3, 'Briggs', 8, '4,1', 24, NULL, NULL, 'Female', '09.11.2008'),
(1088, 1, 'Emmerich', 13, '1,3', 44, NULL, NULL, 'Male', '18.05.2020'),
(1089, 2, 'Wang', 9, '4,4', 55, NULL, NULL, 'Male', '29.10.2009'),
(1090, 1, 'Korey', 8, '6,5', 15, NULL, NULL, 'Female', '10.12.2009'),
(1091, 2, 'Bradford', 13, '1', 36, NULL, NULL, 'Female', '12.12.2009'),
(1092, 2, 'Riki', 15, '5,8', 31, NULL, NULL, 'Male', '07.07.2015'),
(1093, 3, 'Temp', 7, '3,7', 38, NULL, NULL, 'Male', '08.06.2018'),
(1094, 2, 'Yorker', 3, '5,9', 35, NULL, NULL, 'Male', '23.11.2016'),
(1095, 2, 'Shalna', 10, '1,2', 49, NULL, NULL, 'Male', '25.11.2010'),
(1096, 3, 'Imojean', 5, '6,4', 20, NULL, NULL, 'Female', '08.02.2012'),
(1097, 1, 'Meggy', 10, '5,5', 51, NULL, NULL, 'Female', '25.09.2017'),
(1098, 3, 'Holli', 15, '6,7', 31, NULL, NULL, 'Female', '17.05.2012'),
(1099, 1, 'Joceline', 18, '4', 38, NULL, NULL, 'Female', '27.02.2017'),
(1100, 1, 'Annaliese', 18, '4,7', 67, NULL, NULL, 'Female', '26.07.2013'),
(1101, 2, 'Gram', 5, '2,3', 17, NULL, NULL, 'Male', '31.12.2013'),
(1102, 1, 'Gustave', 6, '3,2', 30, NULL, NULL, 'Male', '03.07.2009'),
(1103, 2, 'Lily', 8, '1,7', 12, NULL, NULL, 'Male', '18.01.2021'),
(1104, 1, 'Ignacio', 17, '4,3', 65, NULL, NULL, 'Male', '24.12.2017'),
(1105, 3, 'Tiphani', 9, '1,8', 48, NULL, NULL, 'Male', '30.12.2013'),
(1106, 2, 'Darcy', 1, '5,6', 46, NULL, NULL, 'Male', '25.02.2018'),
(1107, 2, 'Emilie', 0, '5,2', 21, NULL, NULL, 'Female', '16.08.2023'),
(1108, 1, 'Kati', 10, '2,9', 58, NULL, NULL, 'Female', '11.02.2020'),
(1109, 3, 'Adara', 3, '5,7', 51, NULL, NULL, 'Male', '01.02.2019'),
(1110, 2, 'Roberto', 0, '1,3', 55, NULL, NULL, 'Male', '30.01.2013'),
(1111, 1, 'Willyt', 5, '3,6', 42, NULL, NULL, 'Female', '10.09.2012'),
(1112, 1, 'Bradley', 18, '2', 4, NULL, NULL, 'Male', '11.03.2015'),
(1113, 1, 'Elmo', 1, '5', 38, NULL, NULL, 'Male', '10.03.2013'),
(1114, 2, 'Emalia', 3, '5,9', 30, NULL, NULL, 'Female', '07.12.2015'),
(1115, 2, 'Jacinthe', 15, '4,2', 6, NULL, NULL, 'Male', '24.02.2013'),
(1116, 3, 'Yurik', 1, '4,4', 29, NULL, NULL, 'Female', '20.01.2023'),
(1117, 1, 'Jens', 12, '2,4', 34, NULL, NULL, 'Male', '18.09.2012'),
(1118, 3, 'Dareen', 0, '5,6', 44, NULL, NULL, 'Female', '21.09.2012'),
(1119, 3, 'Kirstyn', 2, '0,4', 61, NULL, NULL, 'Female', '29.06.2020'),
(1120, 2, 'Skell', 10, '2,1', 22, NULL, NULL, 'Male', '08.10.2011'),
(1121, 1, 'Elias', 11, '3,1', 12, NULL, NULL, 'Female', '24.10.2014'),
(1122, 1, 'Brice', 4, '6,8', 54, NULL, NULL, 'Female', '07.01.2021'),
(1123, 3, 'Bartel', 17, '1,7', 29, NULL, NULL, 'Male', '20.05.2009'),
(1124, 3, 'Giustina', 4, '4,6', 32, NULL, NULL, 'Male', '14.09.2023'),
(1125, 2, 'Lavena', 7, '2,6', 7, NULL, NULL, 'Male', '04.12.2014'),
(1126, 1, 'Aili', 10, '4', 61, NULL, NULL, 'Male', '06.12.2019'),
(1127, 2, 'Pen', 6, '6,6', 5, NULL, NULL, 'Male', '05.07.2021'),
(1128, 3, 'Reine', 0, '0,3', 31, NULL, NULL, 'Male', '09.03.2021'),
(1129, 2, 'Reynold', 5, '6,9', 52, NULL, NULL, 'Female', '19.06.2015'),
(1130, 2, 'Kain', 16, '5,6', 53, NULL, NULL, 'Female', '04.12.2018'),
(1131, 3, 'Arron', 14, '0,8', 17, NULL, NULL, 'Female', '10.08.2013'),
(1132, 3, 'Alonso', 5, '4,4', 38, NULL, NULL, 'Male', '05.03.2023'),
(1133, 3, 'Zachery', 9, '1,8', 12, NULL, NULL, 'Female', '07.02.2013'),
(1134, 2, 'Carver', 8, '2,6', 34, NULL, NULL, 'Female', '18.05.2010'),
(1135, 3, 'Wilhelmina', 11, '2,2', 36, NULL, NULL, 'Female', '15.06.2022'),
(1136, 2, 'Elsie', 17, '6', 28, NULL, NULL, 'Male', '14.11.2009'),
(1137, 3, 'Pepillo', 18, '2,1', 65, NULL, NULL, 'Female', '12.01.2012'),
(1138, 3, 'Lemar', 3, '6,3', 41, NULL, NULL, 'Male', '07.04.2010'),
(1139, 3, 'Rafaelita', 7, '6,2', 38, NULL, NULL, 'Female', '29.10.2022'),
(1140, 2, 'Ashby', 2, '5,2', 24, NULL, NULL, 'Male', '21.04.2011'),
(1141, 2, 'Marcos', 0, '4', 46, NULL, NULL, 'Female', '21.02.2014'),
(1142, 2, 'Fulvia', 10, '0,5', 24, NULL, NULL, 'Male', '27.07.2021'),
(1143, 2, 'Raimund', 5, '6,3', 3, NULL, NULL, 'Female', '29.10.2017'),
(1144, 1, 'Carey', 15, '3,4', 69, NULL, NULL, 'Male', '23.01.2011'),
(1145, 1, 'Elvin', 9, '1,6', 2, NULL, NULL, 'Male', '22.06.2014'),
(1146, 1, 'Felice', 15, '4,4', 55, NULL, NULL, 'Female', '29.11.2017'),
(1147, 1, 'Felipa', 4, '4,7', 23, NULL, NULL, 'Female', '24.09.2019'),
(1148, 1, 'Nathanael', 2, '0,2', 21, NULL, NULL, 'Female', '26.07.2021'),
(1149, 3, 'Selestina', 18, '2,7', 63, NULL, NULL, 'Female', '28.12.2023'),
(1150, 2, 'Arleyne', 4, '6,5', 39, NULL, NULL, 'Male', '14.10.2022'),
(1151, 2, 'Giustino', 15, '3,2', 38, NULL, NULL, 'Female', '17.06.2013'),
(1152, 3, 'Rodge', 4, '1,9', 26, NULL, NULL, 'Female', '14.11.2014'),
(1153, 3, 'Ed', 15, '2,4', 14, NULL, NULL, 'Female', '17.05.2012'),
(1154, 3, 'Haslett', 11, '2,3', 30, NULL, NULL, 'Male', '14.09.2010'),
(1155, 3, 'Cecilio', 9, '2,4', 34, NULL, NULL, 'Male', '21.10.2015'),
(1156, 2, 'Edsel', 10, '5,1', 48, NULL, NULL, 'Female', '28.07.2014'),
(1157, 3, 'Lavena', 0, '5,5', 64, NULL, NULL, 'Female', '17.06.2009'),
(1158, 1, 'Carole', 3, '5', 17, NULL, NULL, 'Female', '22.12.2020'),
(1159, 1, 'Rosanna', 6, '6,4', 8, NULL, NULL, 'Female', '23.03.2010'),
(1160, 3, 'Otis', 14, '3,1', 13, NULL, NULL, 'Female', '04.06.2009'),
(1161, 3, 'Jobey', 12, '2,8', 47, NULL, NULL, 'Male', '06.05.2017'),
(1162, 2, 'Natalie', 16, '2', 46, NULL, NULL, 'Male', '14.10.2011'),
(1163, 3, 'Cyndy', 11, '1,4', 42, NULL, NULL, 'Male', '11.05.2017'),
(1164, 2, 'Dunstan', 8, '0,9', 41, NULL, NULL, 'Female', '20.09.2015'),
(1165, 1, 'Sidonia', 2, '2,8', 32, NULL, NULL, 'Female', '09.02.2017'),
(1166, 3, 'Richardo', 10, '6,2', 70, NULL, NULL, 'Male', '16.11.2015'),
(1167, 1, 'Sallyanne', 9, '3,9', 21, NULL, NULL, 'Male', '16.05.2019'),
(1168, 3, 'Rinaldo', 5, '0,3', 3, NULL, NULL, 'Male', '03.02.2018'),
(1169, 2, 'Tim', 7, '6,9', 35, NULL, NULL, 'Female', '20.03.2013'),
(1170, 1, 'Bryon', 1, '1,8', 22, NULL, NULL, 'Male', '10.08.2013'),
(1171, 1, 'Paule', 14, '5,5', 21, NULL, NULL, 'Male', '12.11.2015'),
(1172, 1, 'Leigh', 7, '7', 26, NULL, NULL, 'Male', '30.03.2016'),
(1173, 3, 'Carolus', 4, '0,3', 69, NULL, NULL, 'Female', '20.12.2019'),
(1174, 2, 'Nellie', 14, '4,6', 49, NULL, NULL, 'Male', '11.04.2013'),
(1175, 3, 'Delila', 16, '3', 61, NULL, NULL, 'Male', '02.07.2019'),
(1176, 1, 'Gloriana', 12, '4', 45, NULL, NULL, 'Male', '03.07.2015'),
(1177, 1, 'Glyn', 4, '5,4', 38, NULL, NULL, 'Female', '18.11.2016'),
(1178, 1, 'Elfreda', 12, '0,7', 19, NULL, NULL, 'Male', '12.07.2022'),
(1179, 1, 'Kippy', 14, '6,1', 65, NULL, NULL, 'Female', '19.12.2008'),
(1180, 3, 'Russ', 13, '6,7', 17, NULL, NULL, 'Female', '29.09.2023'),
(1181, 1, 'Asa', 0, '2,1', 21, NULL, NULL, 'Female', '28.04.2015'),
(1182, 3, 'Sam', 14, '5,1', 27, NULL, NULL, 'Female', '05.09.2011'),
(1183, 1, 'Hebert', 12, '4,1', 23, NULL, NULL, 'Female', '29.09.2023'),
(1184, 1, 'Ogdon', 14, '6,4', 45, NULL, NULL, 'Male', '05.07.2022'),
(1185, 3, 'Cordy', 10, '3', 50, NULL, NULL, 'Female', '13.09.2011'),
(1186, 2, 'Jeniece', 8, '2', 51, NULL, NULL, 'Male', '16.01.2018'),
(1187, 1, 'Caldwell', 13, '0,2', 46, NULL, NULL, 'Female', '12.02.2010'),
(1188, 1, 'Arnold', 15, '1,9', 13, NULL, NULL, 'Male', '26.10.2017'),
(1189, 1, 'Grethel', 10, '0,3', 9, NULL, NULL, 'Male', '25.01.2020'),
(1190, 3, 'Maisie', 0, '4,1', 9, NULL, NULL, 'Male', '10.10.2012'),
(1191, 1, 'Robinson', 14, '3,5', 42, NULL, NULL, 'Female', '28.07.2011'),
(1192, 1, 'Ynes', 12, '0,5', 51, NULL, NULL, 'Male', '05.07.2010'),
(1193, 1, 'Homer', 16, '3,9', 3, NULL, NULL, 'Female', '10.11.2022'),
(1194, 2, 'Kirbie', 12, '4,2', 25, NULL, NULL, 'Female', '27.11.2019'),
(1195, 3, 'Dominica', 12, '4,2', 55, NULL, NULL, 'Male', '17.01.2009'),
(1196, 1, 'Ricard', 18, '6,1', 28, NULL, NULL, 'Female', '16.07.2011'),
(1197, 1, 'Dur', 18, '4,7', 68, NULL, NULL, 'Male', '20.10.2014'),
(1198, 3, 'Ailyn', 4, '5,5', 44, NULL, NULL, 'Male', '29.01.2024'),
(1199, 1, 'Lothaire', 6, '1', 50, NULL, NULL, 'Female', '20.07.2018'),
(1200, 3, 'Mandie', 12, '5,8', 22, NULL, NULL, 'Female', '16.11.2015'),
(1201, 1, 'Roda', 1, '1,5', 7, NULL, NULL, 'Female', '23.05.2019'),
(1202, 3, 'Cher', 18, '6,2', 8, NULL, NULL, 'Female', '25.05.2020'),
(1203, 2, 'Jenny', 7, '1,1', 48, NULL, NULL, 'Female', '20.10.2020'),
(1204, 3, 'Marv', 8, '6,1', 34, NULL, NULL, 'Male', '20.08.2017'),
(1205, 3, 'Bernie', 16, '5,6', 60, NULL, NULL, 'Male', '22.06.2009'),
(1206, 3, 'Leroy', 5, '2,2', 61, NULL, NULL, 'Male', '17.07.2020'),
(1207, 3, 'Morly', 7, '4,3', 50, NULL, NULL, 'Male', '01.09.2016'),
(1208, 2, 'Olivette', 18, '1,3', 39, NULL, NULL, 'Male', '26.01.2023'),
(1209, 1, 'Shell', 6, '5', 55, NULL, NULL, 'Male', '26.02.2022');
INSERT INTO `ut_kocka` (`id_kocka`, `status`, `jmeno`, `vek`, `vaha`, `plemeno_id`, `popis`, `fotografie`, `pohlavi`, `narozeni`) VALUES
(1210, 1, 'Bryon', 14, '6,4', 61, NULL, NULL, 'Female', '18.07.2018'),
(1211, 1, 'Clayton', 7, '1,6', 47, NULL, NULL, 'Male', '10.11.2011'),
(1212, 1, 'Kiel', 13, '6,1', 38, NULL, NULL, 'Male', '26.12.2016'),
(1213, 3, 'Ruby', 12, '6,8', 16, NULL, NULL, 'Female', '02.04.2009'),
(1214, 1, 'Shamus', 5, '0,7', 51, NULL, NULL, 'Female', '26.03.2015'),
(1215, 2, 'Hillie', 16, '2', 38, NULL, NULL, 'Female', '08.10.2022'),
(1216, 1, 'Bale', 8, '4,2', 23, NULL, NULL, 'Female', '25.10.2015'),
(1217, 1, 'Marcellus', 5, '2,4', 52, NULL, NULL, 'Female', '24.06.2022'),
(1218, 1, 'Cathlene', 6, '5,6', 8, NULL, NULL, 'Female', '11.11.2008'),
(1219, 1, 'Bowie', 18, '4,8', 24, NULL, NULL, 'Male', '02.09.2021'),
(1220, 1, 'Emeline', 18, '0,7', 14, NULL, NULL, 'Male', '25.11.2019'),
(1221, 3, 'Gael', 9, '3,2', 30, NULL, NULL, 'Female', '09.06.2022'),
(1222, 2, 'Shaun', 7, '4,7', 61, NULL, NULL, 'Male', '02.10.2012'),
(1223, 3, 'Violante', 1, '2,6', 58, NULL, NULL, 'Female', '18.11.2022'),
(1224, 2, 'Wes', 4, '1,3', 11, NULL, NULL, 'Female', '17.03.2020'),
(1225, 1, 'West', 7, '3', 8, NULL, NULL, 'Female', '03.07.2022'),
(1226, 3, 'Paige', 8, '5,3', 46, NULL, NULL, 'Female', '25.01.2009'),
(1227, 3, 'Giles', 10, '5,1', 70, NULL, NULL, 'Female', '22.07.2016'),
(1228, 3, 'Janeva', 12, '6,1', 12, NULL, NULL, 'Male', '22.06.2017'),
(1229, 2, 'Giselle', 5, '5,8', 1, NULL, NULL, 'Female', '09.11.2008'),
(1230, 2, 'Dru', 4, '5,2', 44, NULL, NULL, 'Male', '18.05.2020'),
(1231, 2, 'Carlin', 15, '0,5', 59, NULL, NULL, 'Male', '29.10.2009'),
(1232, 2, 'Amil', 8, '4,9', 52, NULL, NULL, 'Female', '10.12.2009'),
(1233, 1, 'Leia', 1, '5,5', 59, NULL, NULL, 'Female', '12.12.2009'),
(1234, 3, 'Konrad', 6, '0,5', 25, NULL, NULL, 'Male', '07.07.2015'),
(1235, 1, 'Woody', 17, '5,9', 43, NULL, NULL, 'Male', '08.06.2018'),
(1236, 3, 'Ilario', 4, '2,5', 35, NULL, NULL, 'Female', '23.11.2016'),
(1237, 1, 'Jerrine', 17, '3', 17, NULL, NULL, 'Female', '25.11.2010'),
(1238, 2, 'Timmie', 3, '4,5', 14, NULL, NULL, 'Male', '08.02.2012'),
(1239, 2, 'Dave', 7, '0,6', 66, NULL, NULL, 'Male', '25.09.2017'),
(1240, 3, 'Adolphus', 0, '5,2', 2, NULL, NULL, 'Male', '17.05.2012'),
(1241, 2, 'Shellyshel', 12, '2,3', 47, NULL, NULL, 'Male', '27.02.2017'),
(1242, 1, 'Helaina', 14, '4,5', 53, NULL, NULL, 'Female', '26.07.2013'),
(1243, 1, 'Lolita', 8, '1,1', 66, NULL, NULL, 'Female', '31.12.2013'),
(1244, 2, 'Berkley', 5, '3,3', 44, NULL, NULL, 'Female', '03.07.2009'),
(1245, 1, 'Sidoney', 6, '5,4', 26, NULL, NULL, 'Female', '18.01.2021'),
(1246, 3, 'Mark', 17, '0,8', 58, NULL, NULL, 'Female', '24.12.2017'),
(1247, 1, 'Alethea', 0, '3,8', 67, NULL, NULL, 'Male', '30.12.2013'),
(1248, 1, 'Bennie', 8, '5,3', 65, NULL, NULL, 'Male', '25.02.2018'),
(1249, 3, 'Merrily', 12, '2,1', 59, NULL, NULL, 'Male', '16.08.2023'),
(1250, 3, 'Emogene', 5, '6,4', 10, NULL, NULL, 'Male', '11.02.2020'),
(1251, 2, 'Gaylor', 7, '1,6', 10, NULL, NULL, 'Male', '01.02.2019'),
(1252, 1, 'Bonnee', 15, '5,4', 31, NULL, NULL, 'Male', '30.01.2013'),
(1253, 3, 'Barri', 5, '1,7', 25, NULL, NULL, 'Female', '10.09.2012'),
(1254, 2, 'Ariella', 17, '3,4', 54, NULL, NULL, 'Female', '11.03.2015'),
(1255, 1, 'Mikey', 6, '6,8', 29, NULL, NULL, 'Male', '10.03.2013'),
(1256, 2, 'Berke', 15, '0,4', 27, NULL, NULL, 'Male', '07.12.2015'),
(1257, 1, 'Kennith', 9, '5,1', 57, NULL, NULL, 'Female', '24.02.2013'),
(1258, 2, 'Moise', 17, '2', 26, NULL, NULL, 'Male', '20.01.2023'),
(1259, 1, 'Thornie', 0, '3,8', 47, NULL, NULL, 'Male', '18.09.2012'),
(1260, 1, 'Rosaline', 4, '5,1', 58, NULL, NULL, 'Female', '21.09.2012'),
(1261, 3, 'Jaclin', 1, '4,9', 3, NULL, NULL, 'Male', '29.06.2020'),
(1262, 1, 'Leonidas', 18, '1,2', 67, NULL, NULL, 'Female', '08.10.2011'),
(1263, 1, 'Leshia', 0, '4,1', 67, NULL, NULL, 'Male', '24.10.2014'),
(1264, 1, 'Horst', 12, '1,3', 35, NULL, NULL, 'Female', '07.01.2021'),
(1265, 2, 'Hyman', 0, '6,9', 24, NULL, NULL, 'Female', '20.05.2009'),
(1266, 2, 'Willamina', 5, '4,8', 10, NULL, NULL, 'Male', '14.09.2023'),
(1267, 2, 'Euphemia', 5, '6,7', 67, NULL, NULL, 'Female', '04.12.2014'),
(1268, 1, 'Annora', 0, '3,4', 40, NULL, NULL, 'Female', '06.12.2019'),
(1269, 1, 'Willy', 14, '6,2', 38, NULL, NULL, 'Male', '05.07.2021'),
(1270, 1, 'Lizabeth', 17, '6,9', 59, NULL, NULL, 'Male', '09.03.2021'),
(1271, 3, 'Quincy', 12, '1,2', 30, NULL, NULL, 'Male', '19.06.2015'),
(1272, 2, 'Timothea', 11, '1,1', 70, NULL, NULL, 'Male', '04.12.2018'),
(1273, 1, 'Darren', 11, '4,4', 23, NULL, NULL, 'Male', '10.08.2013'),
(1274, 3, 'Margarete', 8, '3,2', 1, NULL, NULL, 'Male', '05.03.2023'),
(1275, 1, 'Beryl', 10, '2,9', 49, NULL, NULL, 'Female', '07.02.2013'),
(1276, 1, 'Esme', 12, '2,3', 60, NULL, NULL, 'Female', '18.05.2010'),
(1277, 2, 'Lita', 5, '6,6', 26, NULL, NULL, 'Female', '15.06.2022'),
(1278, 2, 'Sinclair', 0, '1,6', 12, NULL, NULL, 'Male', '14.11.2009'),
(1279, 2, 'Ardene', 16, '3', 45, NULL, NULL, 'Female', '12.01.2012'),
(1280, 3, 'Delila', 9, '6,3', 5, NULL, NULL, 'Female', '07.04.2010'),
(1281, 2, 'Meryl', 15, '3', 26, NULL, NULL, 'Female', '29.10.2022'),
(1282, 2, 'Jaymee', 11, '0,5', 51, NULL, NULL, 'Male', '21.04.2011'),
(1283, 1, 'Roland', 9, '5,8', 26, NULL, NULL, 'Female', '21.02.2014'),
(1284, 3, 'Yorker', 0, '2,9', 18, NULL, NULL, 'Male', '27.07.2021'),
(1285, 1, 'Norman', 3, '0,6', 29, NULL, NULL, 'Female', '29.10.2017'),
(1286, 2, 'Lauretta', 11, '1,7', 32, NULL, NULL, 'Male', '23.01.2011'),
(1287, 3, 'Blythe', 0, '1,3', 15, NULL, NULL, 'Female', '22.06.2014'),
(1288, 3, 'Armin', 4, '5,2', 57, NULL, NULL, 'Male', '29.11.2017'),
(1289, 2, 'Kermit', 4, '1,5', 10, NULL, NULL, 'Female', '24.09.2019'),
(1290, 3, 'Georgeanne', 10, '1,1', 50, NULL, NULL, 'Male', '26.07.2021'),
(1291, 2, 'Roze', 18, '4,6', 65, NULL, NULL, 'Male', '28.12.2023'),
(1292, 1, 'Lazarus', 17, '0,9', 20, NULL, NULL, 'Female', '14.10.2022'),
(1293, 3, 'Christie', 11, '4,9', 68, NULL, NULL, 'Female', '17.06.2013'),
(1294, 3, 'Kellen', 2, '3', 30, NULL, NULL, 'Female', '14.11.2014'),
(1295, 1, 'Lammond', 17, '6,3', 57, NULL, NULL, 'Female', '17.05.2012'),
(1296, 2, 'Emyle', 7, '4,2', 59, NULL, NULL, 'Male', '14.09.2010'),
(1297, 2, 'Francyne', 12, '5', 52, NULL, NULL, 'Female', '21.10.2015'),
(1298, 2, 'Doralyn', 2, '5,3', 38, NULL, NULL, 'Female', '28.07.2014'),
(1299, 3, 'Kellina', 6, '1,6', 60, NULL, NULL, 'Female', '17.06.2009'),
(1300, 2, 'Griselda', 16, '1', 54, NULL, NULL, 'Male', '22.12.2020'),
(1301, 1, 'Dannie', 0, '2,5', 45, NULL, NULL, 'Male', '23.03.2010'),
(1302, 2, 'Meridel', 17, '4,4', 34, NULL, NULL, 'Female', '04.06.2009'),
(1303, 2, 'Nanon', 3, '3,8', 51, NULL, NULL, 'Female', '06.05.2017'),
(1304, 3, 'Hector', 5, '5,3', 25, NULL, NULL, 'Female', '14.10.2011'),
(1305, 1, 'Antons', 3, '1,1', 65, NULL, NULL, 'Female', '11.05.2017'),
(1306, 1, 'Cordey', 1, '1', 32, NULL, NULL, 'Female', '20.09.2015'),
(1307, 2, 'Ariel', 0, '0,9', 24, NULL, NULL, 'Male', '09.02.2017'),
(1308, 3, 'Nobie', 6, '6,4', 17, NULL, NULL, 'Male', '16.11.2015'),
(1309, 3, 'Maxine', 6, '4', 27, NULL, NULL, 'Male', '16.05.2019'),
(1310, 1, 'Lisetta', 9, '4,3', 47, NULL, NULL, 'Female', '03.02.2018'),
(1311, 2, 'Ruthy', 5, '5,9', 2, NULL, NULL, 'Female', '20.03.2013'),
(1312, 2, 'Wilfrid', 0, '2,8', 29, NULL, NULL, 'Male', '10.08.2013'),
(1313, 3, 'Vidovik', 4, '1', 45, NULL, NULL, 'Male', '12.11.2015'),
(1314, 2, 'Margeaux', 0, '2,5', 66, NULL, NULL, 'Male', '30.03.2016'),
(1315, 2, 'Johannes', 3, '3,4', 30, NULL, NULL, 'Female', '20.12.2019'),
(1316, 3, 'Suzette', 12, '2,2', 45, NULL, NULL, 'Male', '11.04.2013'),
(1317, 2, 'Sinclare', 15, '5,4', 25, NULL, NULL, 'Male', '02.07.2019'),
(1318, 1, 'Brear', 2, '2,5', 4, NULL, NULL, 'Male', '03.07.2015'),
(1319, 3, 'Jordan', 9, '6,3', 3, NULL, NULL, 'Female', '18.11.2016'),
(1320, 1, 'Tiffie', 10, '0,5', 34, NULL, NULL, 'Male', '12.07.2022'),
(1321, 2, 'Paulo', 0, '0,4', 26, NULL, NULL, 'Male', '19.12.2008'),
(1322, 1, 'Tootsie', 16, '6,9', 14, NULL, NULL, 'Male', '29.09.2023'),
(1323, 3, 'Fannie', 14, '2,4', 22, NULL, NULL, 'Female', '28.04.2015'),
(1324, 1, 'Adelle', 2, '6,2', 26, NULL, NULL, 'Male', '05.09.2011'),
(1325, 3, 'Martie', 18, '3,5', 49, NULL, NULL, 'Female', '29.09.2023'),
(1326, 3, 'Byron', 5, '0,4', 24, NULL, NULL, 'Female', '05.07.2022'),
(1327, 1, 'Arlan', 17, '2', 1, NULL, NULL, 'Female', '20.09.2013'),
(1328, 3, 'Ulises', 18, '6,2', 26, NULL, NULL, 'Female', '24.06.2011'),
(1329, 1, 'Davie', 6, '1,3', 43, NULL, NULL, 'Female', '12.08.2012'),
(1330, 2, 'Lutero', 17, '6,8', 3, NULL, NULL, 'Male', '24.09.2013'),
(1331, 1, 'Pierson', 6, '1,6', 42, NULL, NULL, 'Female', '24.09.2015'),
(1332, 3, 'Bibby', 14, '6,1', 22, NULL, NULL, 'Male', '29.11.2013'),
(1333, 1, 'Shepard', 9, '5,2', 46, NULL, NULL, 'Female', '01.08.2020'),
(1334, 1, 'Ramona', 9, '5,8', 59, NULL, NULL, 'Male', '12.11.2010'),
(1335, 2, 'Nedi', 0, '4,1', 67, NULL, NULL, 'Male', '26.10.2021'),
(1336, 3, 'Laurens', 14, '5,3', 32, NULL, NULL, 'Male', '14.08.2010'),
(1337, 2, 'Genevra', 14, '5,7', 65, NULL, NULL, 'Female', '10.01.2013'),
(1338, 2, 'Ag', 9, '1', 2, NULL, NULL, 'Male', '28.05.2016'),
(1339, 1, 'Merilyn', 9, '3', 2, NULL, NULL, 'Female', '10.08.2010'),
(1340, 3, 'Eveleen', 8, '4,8', 38, NULL, NULL, 'Female', '16.04.2013'),
(1341, 2, 'Dara', 0, '3,1', 58, NULL, NULL, 'Male', '13.02.2024'),
(1342, 1, 'Carmel', 12, '1,3', 3, NULL, NULL, 'Female', '29.10.2013'),
(1343, 1, 'Reine', 2, '3,1', 70, NULL, NULL, 'Male', '20.11.2017'),
(1344, 2, 'Sharyl', 9, '0,7', 14, NULL, NULL, 'Male', '29.05.2022'),
(1345, 3, 'Lauritz', 7, '2,1', 22, NULL, NULL, 'Female', '08.06.2013'),
(1346, 3, 'Tatiania', 1, '6,7', 49, NULL, NULL, 'Female', '23.10.2012'),
(1347, 3, 'Sammie', 17, '4,7', 46, NULL, NULL, 'Female', '27.03.2015'),
(1348, 2, 'Bridget', 10, '5,3', 63, NULL, NULL, 'Female', '09.05.2010'),
(1349, 3, 'Deva', 14, '0,7', 55, NULL, NULL, 'Female', '04.09.2023'),
(1350, 2, 'Emogene', 7, '0,8', 16, NULL, NULL, 'Male', '24.07.2016'),
(1351, 3, 'Garland', 5, '2,5', 10, NULL, NULL, 'Male', '12.10.2010'),
(1352, 3, 'Iseabal', 4, '4,2', 22, NULL, NULL, 'Male', '22.12.2019'),
(1353, 1, 'Zorina', 2, '4', 17, NULL, NULL, 'Male', '16.12.2009'),
(1354, 1, 'Harrison', 0, '6,6', 14, NULL, NULL, 'Male', '01.04.2024'),
(1355, 3, 'Angie', 0, '1,6', 44, NULL, NULL, 'Male', '29.05.2021'),
(1356, 2, 'Chryste', 7, '3,5', 38, NULL, NULL, 'Female', '26.04.2013'),
(1357, 2, 'Lee', 13, '3,3', 17, NULL, NULL, 'Male', '10.02.2018'),
(1358, 1, 'Buck', 18, '0,5', 14, NULL, NULL, 'Male', '19.07.2020'),
(1359, 1, 'Pete', 15, '6,8', 36, NULL, NULL, 'Female', '13.08.2018'),
(1360, 2, 'Steffen', 18, '5,8', 51, NULL, NULL, 'Female', '19.03.2022'),
(1361, 2, 'Roscoe', 14, '5,6', 30, NULL, NULL, 'Female', '10.04.2011'),
(1362, 1, 'Bear', 12, '5,3', 7, NULL, NULL, 'Female', '01.11.2021'),
(1363, 1, 'Tandie', 3, '0,9', 47, NULL, NULL, 'Female', '28.06.2012'),
(1364, 1, 'Alexander', 1, '0,8', 62, NULL, NULL, 'Female', '21.07.2023'),
(1365, 3, 'Boothe', 17, '6,1', 27, NULL, NULL, 'Male', '20.08.2011'),
(1366, 2, 'Henrie', 14, '3,8', 49, NULL, NULL, 'Male', '16.04.2010'),
(1367, 3, 'Di', 13, '1,2', 58, NULL, NULL, 'Female', '10.02.2012'),
(1368, 1, 'Timi', 11, '4,7', 60, NULL, NULL, 'Male', '22.07.2012'),
(1369, 1, 'Ripley', 9, '2,5', 61, NULL, NULL, 'Female', '26.10.2014'),
(1370, 2, 'Emlynn', 1, '2,5', 50, NULL, NULL, 'Female', '03.04.2011'),
(1371, 2, 'Deeyn', 16, '1,7', 58, NULL, NULL, 'Female', '08.10.2014'),
(1372, 2, 'Wald', 16, '1,5', 12, NULL, NULL, 'Female', '09.01.2017'),
(1373, 3, 'Alaine', 7, '3,8', 31, NULL, NULL, 'Female', '25.02.2019'),
(1374, 2, 'Marris', 1, '4,8', 64, NULL, NULL, 'Male', '04.07.2022'),
(1375, 1, 'Cary', 8, '1,6', 2, NULL, NULL, 'Female', '19.07.2019'),
(1376, 2, 'Flss', 15, '1,2', 44, NULL, NULL, 'Male', '14.09.2011'),
(1377, 3, 'Catherine', 14, '2,6', 37, NULL, NULL, 'Male', '28.09.2019'),
(1378, 2, 'Tawnya', 12, '6,1', 50, NULL, NULL, 'Female', '14.12.2008'),
(1379, 3, 'Marcile', 14, '4,1', 24, NULL, NULL, 'Female', '26.12.2019'),
(1380, 1, 'Sawyere', 17, '4,7', 23, NULL, NULL, 'Male', '22.06.2011'),
(1381, 3, 'Sholom', 11, '0,4', 17, NULL, NULL, 'Male', '21.02.2015'),
(1382, 3, 'Juan', 14, '2,3', 64, NULL, NULL, 'Female', '24.10.2015'),
(1383, 3, 'Dulcea', 0, '2,1', 70, NULL, NULL, 'Female', '05.03.2018'),
(1384, 1, 'Reese', 6, '7', 22, NULL, NULL, 'Male', '27.11.2019'),
(1385, 1, 'Ximenes', 9, '1,4', 9, NULL, NULL, 'Male', '17.01.2009'),
(1386, 2, 'Mauricio', 12, '2,3', 7, NULL, NULL, 'Male', '16.07.2011'),
(1387, 2, 'Erl', 17, '4,5', 3, NULL, NULL, 'Male', '20.10.2014'),
(1388, 2, 'Dena', 4, '6,8', 7, NULL, NULL, 'Female', '29.01.2024'),
(1389, 2, 'Brion', 1, '1,7', 21, NULL, NULL, 'Female', '20.07.2018'),
(1390, 1, 'Freddy', 4, '3,8', 70, NULL, NULL, 'Female', '16.11.2015'),
(1391, 1, 'Gilbertina', 6, '2,6', 4, NULL, NULL, 'Female', '23.05.2019'),
(1392, 2, 'Oriana', 4, '5,6', 18, NULL, NULL, 'Female', '25.05.2020'),
(1393, 1, 'Emiline', 8, '6,6', 45, NULL, NULL, 'Male', '20.10.2020'),
(1394, 2, 'Shirl', 14, '5,3', 2, NULL, NULL, 'Male', '20.08.2017'),
(1395, 1, 'Otho', 0, '4,8', 26, NULL, NULL, 'Male', '22.06.2009'),
(1396, 1, 'Maia', 17, '4,5', 51, NULL, NULL, 'Male', '17.07.2020'),
(1397, 2, 'Izak', 17, '0,6', 63, NULL, NULL, 'Male', '01.09.2016'),
(1398, 3, 'Eal', 17, '0,8', 28, NULL, NULL, 'Male', '26.01.2023'),
(1399, 2, 'Adolphus', 4, '4,7', 25, NULL, NULL, 'Female', '26.02.2022'),
(1400, 3, 'Hastings', 0, '1,2', 26, NULL, NULL, 'Female', '18.07.2018'),
(1401, 1, 'Pammy', 9, '1,1', 59, NULL, NULL, 'Male', '10.11.2011'),
(1402, 1, 'Lenka', 15, '3,5', 10, NULL, NULL, 'Male', '26.12.2016'),
(1403, 1, 'Cati', 4, '4,3', 40, NULL, NULL, 'Female', '02.04.2009'),
(1404, 1, 'Cecily', 2, '0,6', 19, NULL, NULL, 'Male', '26.03.2015'),
(1405, 3, 'Malena', 14, '6,8', 46, NULL, NULL, 'Male', '08.10.2022'),
(1406, 3, 'Holden', 8, '6,7', 11, NULL, NULL, 'Female', '25.10.2015'),
(1407, 1, 'Lloyd', 7, '4,7', 3, NULL, NULL, 'Male', '24.06.2022'),
(1408, 3, 'Tiffany', 11, '4,6', 1, NULL, NULL, 'Female', '11.11.2008'),
(1409, 3, 'Lois', 2, '3,9', 35, NULL, NULL, 'Male', '02.09.2021'),
(1410, 1, 'Michel', 10, '3,1', 36, NULL, NULL, 'Female', '25.11.2019'),
(1411, 1, 'Onofredo', 8, '2,7', 11, NULL, NULL, 'Female', '09.06.2022'),
(1412, 1, 'Faustina', 16, '5,6', 47, NULL, NULL, 'Male', '02.10.2012'),
(1413, 2, 'Amil', 13, '2,4', 62, NULL, NULL, 'Female', '18.11.2022'),
(1414, 3, 'Christofor', 5, '4,1', 15, NULL, NULL, 'Female', '17.03.2020'),
(1415, 1, 'Mordecai', 15, '3,9', 62, NULL, NULL, 'Male', '03.07.2022'),
(1416, 1, 'Robbie', 2, '3,4', 44, NULL, NULL, 'Male', '25.01.2009'),
(1417, 2, 'Curtice', 3, '2,3', 43, NULL, NULL, 'Male', '22.07.2016'),
(1418, 2, 'Kaila', 11, '6,1', 67, NULL, NULL, 'Male', '22.06.2017'),
(1419, 2, 'Sasha', 11, '0,5', 65, NULL, NULL, 'Male', '09.11.2008'),
(1420, 3, 'Dita', 5, '3', 48, NULL, NULL, 'Male', '18.05.2020'),
(1421, 3, 'Yehudi', 17, '2', 68, NULL, NULL, 'Female', '29.10.2009'),
(1422, 2, 'Rosabel', 16, '4,6', 52, NULL, NULL, 'Female', '10.12.2009'),
(1423, 3, 'Marijn', 0, '6,2', 63, NULL, NULL, 'Female', '12.12.2009'),
(1424, 1, 'Wendy', 18, '5,7', 15, NULL, NULL, 'Male', '07.07.2015'),
(1425, 1, 'Georgeanna', 6, '5', 7, NULL, NULL, 'Female', '08.06.2018'),
(1426, 1, 'Paulita', 10, '0,3', 55, NULL, NULL, 'Female', '23.11.2016'),
(1427, 2, 'Liam', 8, '6,3', 69, NULL, NULL, 'Female', '25.11.2010'),
(1428, 2, 'Aleda', 14, '3,5', 62, NULL, NULL, 'Male', '08.02.2012'),
(1429, 1, 'Susie', 0, '0,8', 5, NULL, NULL, 'Female', '25.09.2017'),
(1430, 2, 'Raleigh', 13, '6,8', 11, NULL, NULL, 'Male', '17.05.2012'),
(1431, 3, 'Elsbeth', 8, '3,9', 20, NULL, NULL, 'Female', '27.02.2017'),
(1432, 3, 'Aland', 15, '3,5', 14, NULL, NULL, 'Male', '26.07.2013'),
(1433, 3, 'Sidoney', 0, '5,2', 30, NULL, NULL, 'Female', '31.12.2013'),
(1434, 1, 'Frederique', 6, '1,3', 19, NULL, NULL, 'Male', '03.07.2009'),
(1435, 1, 'Birgitta', 8, '0,5', 1, NULL, NULL, 'Female', '18.01.2021'),
(1436, 2, 'Shurwood', 14, '0,8', 36, NULL, NULL, 'Male', '24.12.2017'),
(1437, 3, 'Cos', 17, '6,5', 24, NULL, NULL, 'Male', '30.12.2013'),
(1438, 1, 'Dione', 2, '0,9', 21, NULL, NULL, 'Female', '25.02.2018'),
(1439, 3, 'Elbert', 17, '5,2', 63, NULL, NULL, 'Female', '16.08.2023'),
(1440, 2, 'Kendal', 0, '5', 30, NULL, NULL, 'Female', '11.02.2020'),
(1441, 1, 'Lisha', 3, '5,6', 66, NULL, NULL, 'Female', '01.02.2019'),
(1442, 2, 'Lucila', 2, '3,7', 62, NULL, NULL, 'Male', '30.01.2013'),
(1443, 1, 'Nadean', 0, '4,5', 17, NULL, NULL, 'Female', '10.09.2012'),
(1444, 3, 'Ikey', 14, '3,3', 8, NULL, NULL, 'Female', '11.03.2015'),
(1445, 1, 'Aurthur', 18, '0,9', 64, NULL, NULL, 'Female', '10.03.2013'),
(1446, 2, 'Nathanil', 18, '1', 39, NULL, NULL, 'Male', '07.12.2015'),
(1447, 1, 'Andie', 2, '4', 33, NULL, NULL, 'Male', '24.02.2013'),
(1448, 1, 'Harris', 5, '1,8', 53, NULL, NULL, 'Female', '20.01.2023'),
(1449, 1, 'Jacki', 9, '2,9', 28, NULL, NULL, 'Female', '18.09.2012'),
(1450, 1, 'Claire', 6, '2,8', 70, NULL, NULL, 'Female', '21.09.2012'),
(1451, 2, 'Aindrea', 1, '6', 48, NULL, NULL, 'Female', '29.06.2020'),
(1452, 3, 'Benyamin', 18, '2,8', 17, NULL, NULL, 'Female', '08.10.2011'),
(1453, 2, 'Nicola', 17, '2,9', 32, NULL, NULL, 'Male', '24.10.2014'),
(1454, 1, 'Sarine', 3, '6,8', 54, NULL, NULL, 'Male', '07.01.2021'),
(1455, 1, 'Lonnie', 12, '2,8', 10, NULL, NULL, 'Male', '20.05.2009'),
(1456, 3, 'Abner', 17, '2,9', 23, NULL, NULL, 'Female', '14.09.2023'),
(1457, 3, 'Abeu', 13, '1,1', 36, NULL, NULL, 'Female', '04.12.2014'),
(1458, 3, 'Kennie', 7, '2', 50, NULL, NULL, 'Male', '06.12.2019'),
(1459, 1, 'Olivier', 14, '3,3', 45, NULL, NULL, 'Male', '05.07.2021'),
(1460, 2, 'Pieter', 0, '0,8', 3, NULL, NULL, 'Male', '09.03.2021'),
(1461, 3, 'Isis', 6, '4,4', 7, NULL, NULL, 'Female', '19.06.2015'),
(1462, 1, 'Tadeas', 8, '6,3', 33, NULL, NULL, 'Male', '04.12.2018'),
(1463, 3, 'Rahal', 17, '3,5', 39, NULL, NULL, 'Male', '10.08.2013'),
(1464, 2, 'Tabina', 6, '6,4', 38, NULL, NULL, 'Male', '05.03.2023'),
(1465, 2, 'Atalanta', 4, '6,3', 13, NULL, NULL, 'Female', '07.02.2013'),
(1466, 3, 'Dorian', 4, '1,5', 10, NULL, NULL, 'Male', '18.05.2010'),
(1467, 2, 'Clemmie', 7, '5,2', 39, NULL, NULL, 'Male', '15.06.2022'),
(1468, 2, 'Wilfred', 14, '1,2', 20, NULL, NULL, 'Male', '14.11.2009'),
(1469, 1, 'Hedda', 5, '3,8', 15, NULL, NULL, 'Female', '12.01.2012'),
(1470, 2, 'Nita', 8, '3,2', 44, NULL, NULL, 'Male', '07.04.2010'),
(1471, 2, 'Tiphani', 1, '3,5', 63, NULL, NULL, 'Female', '29.10.2022'),
(1472, 1, 'Sayres', 7, '3,2', 45, NULL, NULL, 'Female', '21.04.2011'),
(1473, 3, 'Galina', 15, '4,3', 65, NULL, NULL, 'Female', '21.02.2014'),
(1474, 1, 'Nicol', 15, '3', 63, NULL, NULL, 'Female', '27.07.2021'),
(1475, 3, 'Bendick', 12, '1,5', 61, NULL, NULL, 'Female', '29.10.2017'),
(1476, 2, 'Gregoor', 3, '6,7', 6, NULL, NULL, 'Male', '23.01.2011'),
(1477, 2, 'Yasmin', 16, '5,9', 31, NULL, NULL, 'Female', '22.06.2014'),
(1478, 2, 'Edsel', 1, '7', 16, NULL, NULL, 'Male', '29.11.2017'),
(1479, 1, 'Igor', 8, '3,2', 4, NULL, NULL, 'Female', '24.09.2019'),
(1480, 2, 'Susi', 5, '1,9', 58, NULL, NULL, 'Male', '26.07.2021'),
(1481, 3, 'Dorian', 3, '0,7', 33, NULL, NULL, 'Male', '28.12.2023'),
(1482, 3, 'Evita', 17, '1,1', 54, NULL, NULL, 'Male', '14.10.2022'),
(1483, 1, 'Pietro', 1, '6,1', 25, NULL, NULL, 'Female', '17.06.2013'),
(1484, 1, 'Anna', 3, '1,9', 32, NULL, NULL, 'Male', '14.11.2014'),
(1485, 2, 'Oren', 5, '3,3', 26, NULL, NULL, 'Female', '17.05.2012'),
(1486, 1, 'Alisander', 10, '2,3', 37, NULL, NULL, 'Female', '14.09.2010'),
(1487, 3, 'Karim', 2, '3', 33, NULL, NULL, 'Male', '21.10.2015'),
(1488, 2, 'Langston', 10, '6,6', 19, NULL, NULL, 'Female', '28.07.2014'),
(1489, 2, 'Carie', 15, '5,4', 30, NULL, NULL, 'Male', '17.06.2009'),
(1490, 2, 'Jennilee', 1, '4,7', 43, NULL, NULL, 'Male', '22.12.2020'),
(1491, 2, 'Cornelle', 5, '6,2', 60, NULL, NULL, 'Female', '23.03.2010'),
(1492, 1, 'Haskel', 9, '2,1', 5, NULL, NULL, 'Female', '04.06.2009'),
(1493, 2, 'Claudell', 6, '1,3', 63, NULL, NULL, 'Female', '06.05.2017'),
(1494, 1, 'Redd', 5, '5,3', 21, NULL, NULL, 'Female', '14.10.2011'),
(1495, 3, 'Friedrick', 17, '4,6', 16, NULL, NULL, 'Female', '11.05.2017'),
(1496, 3, 'Page', 17, '5,6', 40, NULL, NULL, 'Male', '20.09.2015'),
(1497, 3, 'Eugen', 10, '3,1', 3, NULL, NULL, 'Male', '09.02.2017'),
(1498, 3, 'Fan', 6, '5,8', 16, NULL, NULL, 'Male', '16.11.2015'),
(1499, 1, 'Opalina', 14, '6,8', 40, NULL, NULL, 'Male', '16.05.2019'),
(1500, 2, 'Janina', 16, '6,9', 56, NULL, NULL, 'Male', '03.02.2018'),
(1501, 3, 'Erin', 9, '1,5', 38, NULL, NULL, 'Male', '20.03.2013'),
(1502, 3, 'Robby', 9, '4,8', 28, NULL, NULL, 'Female', '10.08.2013'),
(1503, 2, 'Perrine', 13, '2', 19, NULL, NULL, 'Male', '12.11.2015'),
(1504, 2, 'Randene', 3, '3,8', 9, NULL, NULL, 'Male', '30.03.2016'),
(1505, 2, 'Sidonia', 10, '0,9', 6, NULL, NULL, 'Female', '20.12.2019'),
(1506, 2, 'Mignon', 9, '1,3', 5, NULL, NULL, 'Female', '11.04.2013'),
(1507, 1, 'Greggory', 7, '4,9', 62, NULL, NULL, 'Female', '02.07.2019'),
(1508, 1, 'Cecilla', 14, '3,6', 63, NULL, NULL, 'Female', '03.07.2015'),
(1509, 3, 'Sydney', 2, '4,8', 11, NULL, NULL, 'Female', '18.11.2016'),
(1510, 3, 'Sacha', 8, '1,9', 32, NULL, NULL, 'Female', '12.07.2022'),
(1511, 1, 'Giustina', 12, '2', 9, NULL, NULL, 'Male', '19.12.2008'),
(1512, 1, 'Yurik', 4, '4,2', 21, NULL, NULL, 'Male', '29.09.2023'),
(1513, 1, 'Zita', 18, '4,1', 9, NULL, NULL, 'Female', '28.04.2015'),
(1514, 1, 'Worthy', 4, '5,2', 42, NULL, NULL, 'Male', '05.09.2011'),
(1515, 1, 'Thebault', 18, '4,8', 67, NULL, NULL, 'Female', '29.09.2023'),
(1516, 2, 'Antoine', 5, '0,8', 6, NULL, NULL, 'Female', '05.07.2022'),
(1517, 1, 'Paolo', 10, '5,8', 25, NULL, NULL, 'Female', '13.09.2011'),
(1518, 3, 'Westley', 5, '6,4', 43, NULL, NULL, 'Female', '16.01.2018'),
(1519, 1, 'Connie', 11, '3,6', 52, NULL, NULL, 'Female', '12.02.2010'),
(1520, 2, 'Shaine', 7, '0,3', 21, NULL, NULL, 'Male', '26.10.2017'),
(1521, 3, 'Yoshiko', 3, '0,7', 65, NULL, NULL, 'Female', '25.01.2020'),
(1522, 1, 'Jorie', 14, '3,7', 58, NULL, NULL, 'Male', '10.10.2012'),
(1523, 1, 'Jaquelin', 4, '6', 38, NULL, NULL, 'Male', '28.07.2011'),
(1524, 1, 'Missy', 8, '3,1', 60, NULL, NULL, 'Female', '05.07.2010'),
(1525, 1, 'Cammi', 13, '4', 15, NULL, NULL, 'Female', '10.11.2022'),
(1526, 1, 'Keane', 1, '3,4', 12, NULL, NULL, 'Male', '27.11.2019'),
(1527, 3, 'Erastus', 9, '2,9', 37, NULL, NULL, 'Male', '17.01.2009'),
(1528, 2, 'Travus', 18, '4', 25, NULL, NULL, 'Female', '16.07.2011'),
(1529, 3, 'Brunhilda', 2, '6,9', 49, NULL, NULL, 'Female', '20.10.2014'),
(1530, 3, 'Nance', 15, '1,5', 29, NULL, NULL, 'Male', '29.01.2024'),
(1531, 2, 'Ryon', 6, '6,2', 22, NULL, NULL, 'Male', '20.07.2018'),
(1532, 2, 'Myles', 9, '6,3', 31, NULL, NULL, 'Male', '16.11.2015'),
(1533, 3, 'Cedric', 8, '7', 61, NULL, NULL, 'Male', '23.05.2019'),
(1534, 3, 'Roarke', 9, '4,9', 69, NULL, NULL, 'Female', '25.05.2020'),
(1535, 1, 'Euell', 6, '4,1', 58, NULL, NULL, 'Female', '20.10.2020'),
(1536, 3, 'Meaghan', 17, '5,6', 5, NULL, NULL, 'Female', '20.08.2017'),
(1537, 1, 'Kennith', 14, '3', 20, NULL, NULL, 'Female', '22.06.2009'),
(1538, 2, 'Lenna', 14, '6,1', 17, NULL, NULL, 'Female', '17.07.2020'),
(1539, 2, 'Gretal', 12, '2,1', 20, NULL, NULL, 'Male', '01.09.2016'),
(1540, 3, 'Trudi', 9, '3,7', 58, NULL, NULL, 'Male', '26.01.2023'),
(1541, 1, 'Lanae', 7, '2', 34, NULL, NULL, 'Male', '26.02.2022'),
(1542, 2, 'Annissa', 8, '1,7', 42, NULL, NULL, 'Male', '18.07.2018'),
(1543, 3, 'Odey', 18, '5,3', 60, NULL, NULL, 'Male', '10.11.2011'),
(1544, 1, 'Maure', 3, '4,3', 26, NULL, NULL, 'Male', '26.12.2016'),
(1545, 3, 'Gaston', 0, '6,9', 19, NULL, NULL, 'Female', '02.04.2009'),
(1546, 3, 'Dew', 8, '2,4', 20, NULL, NULL, 'Female', '26.03.2015'),
(1547, 1, 'Diahann', 5, '0,8', 14, NULL, NULL, 'Male', '08.10.2022'),
(1548, 3, 'Giraldo', 5, '5,7', 45, NULL, NULL, 'Male', '25.10.2015'),
(1549, 1, 'Godfry', 1, '5,5', 24, NULL, NULL, 'Female', '24.06.2022'),
(1550, 2, 'Patric', 11, '5,2', 25, NULL, NULL, 'Male', '11.11.2008'),
(1551, 2, 'Constantin', 1, '3,8', 8, NULL, NULL, 'Male', '02.09.2021'),
(1552, 3, 'Carolyn', 1, '3,7', 52, NULL, NULL, 'Female', '25.11.2019'),
(1553, 2, 'Irena', 15, '3,4', 48, NULL, NULL, 'Male', '09.06.2022'),
(1554, 3, 'Benyamin', 17, '3,1', 52, NULL, NULL, 'Female', '02.10.2012'),
(1555, 1, 'Almeria', 13, '6,4', 45, NULL, NULL, 'Male', '18.11.2022'),
(1556, 3, 'Shel', 5, '3,3', 22, NULL, NULL, 'Female', '17.03.2020'),
(1557, 1, 'Darcee', 14, '2,7', 31, NULL, NULL, 'Female', '03.07.2022'),
(1558, 1, 'Keary', 6, '0,3', 25, NULL, NULL, 'Male', '25.01.2009'),
(1559, 3, 'Lissi', 18, '1,4', 65, NULL, NULL, 'Female', '22.07.2016'),
(1560, 2, 'Steffane', 12, '0,5', 67, NULL, NULL, 'Female', '22.06.2017'),
(1561, 3, 'Nanette', 12, '4,8', 18, NULL, NULL, 'Male', '09.11.2008'),
(1562, 3, 'Kevon', 14, '3,6', 70, NULL, NULL, 'Male', '18.05.2020'),
(1563, 2, 'Moira', 17, '6,5', 13, NULL, NULL, 'Male', '29.10.2009'),
(1564, 3, 'Wesley', 8, '4,7', 66, NULL, NULL, 'Male', '10.12.2009'),
(1565, 2, 'Nonie', 11, '4,4', 18, NULL, NULL, 'Male', '12.12.2009'),
(1566, 1, 'Augy', 9, '5', 60, NULL, NULL, 'Male', '07.07.2015'),
(1567, 3, 'Wilmette', 4, '3,9', 67, NULL, NULL, 'Female', '08.06.2018'),
(1568, 1, 'Liam', 7, '1,9', 36, NULL, NULL, 'Female', '23.11.2016'),
(1569, 2, 'Constantin', 2, '6,5', 49, NULL, NULL, 'Female', '25.11.2010'),
(1570, 2, 'Ermanno', 5, '1,3', 3, NULL, NULL, 'Male', '08.02.2012'),
(1571, 1, 'Ave', 8, '4,7', 4, NULL, NULL, 'Female', '25.09.2017'),
(1572, 1, 'Chloris', 8, '5,2', 58, NULL, NULL, 'Female', '17.05.2012'),
(1573, 3, 'Jard', 14, '6,2', 27, NULL, NULL, 'Female', '27.02.2017'),
(1574, 3, 'Alvan', 11, '1,5', 37, NULL, NULL, 'Male', '26.07.2013'),
(1575, 2, 'Jennine', 9, '0,1', 50, NULL, NULL, 'Female', '31.12.2013'),
(1576, 2, 'Jannelle', 7, '3,5', 15, NULL, NULL, 'Male', '03.07.2009'),
(1577, 1, 'Odilia', 9, '2,8', 26, NULL, NULL, 'Female', '18.01.2021'),
(1578, 2, 'Shay', 12, '4,3', 50, NULL, NULL, 'Male', '24.12.2017'),
(1579, 2, 'Monte', 10, '6,5', 27, NULL, NULL, 'Female', '30.12.2013'),
(1580, 3, 'Demeter', 13, '0,2', 18, NULL, NULL, 'Male', '25.02.2018'),
(1581, 3, 'Keary', 13, '5,5', 55, NULL, NULL, 'Female', '16.08.2023'),
(1582, 1, 'Maggee', 18, '1,6', 37, NULL, NULL, 'Male', '11.02.2020'),
(1583, 3, 'Marillin', 5, '4,4', 30, NULL, NULL, 'Male', '01.02.2019'),
(1584, 2, 'Erick', 10, '6,5', 31, NULL, NULL, 'Female', '30.01.2013'),
(1585, 1, 'Worthingto', 10, '5,3', 43, NULL, NULL, 'Female', '10.09.2012'),
(1586, 1, 'Mandel', 16, '0,8', 37, NULL, NULL, 'Male', '11.03.2015'),
(1587, 1, 'Nicolette', 10, '0,1', 51, NULL, NULL, 'Female', '10.03.2013'),
(1588, 2, 'Adoree', 1, '4', 64, NULL, NULL, 'Female', '07.12.2015'),
(1589, 2, 'Garey', 17, '0,5', 26, NULL, NULL, 'Female', '24.02.2013'),
(1590, 2, 'Saunderson', 9, '3,8', 61, NULL, NULL, 'Female', '20.01.2023'),
(1591, 1, 'Matti', 4, '4,1', 67, NULL, NULL, 'Female', '18.09.2012'),
(1592, 1, 'Abagail', 12, '6,3', 48, NULL, NULL, 'Male', '21.09.2012'),
(1593, 3, 'Sharity', 0, '0,3', 5, NULL, NULL, 'Female', '29.06.2020'),
(1594, 2, 'Jenica', 0, '4,2', 48, NULL, NULL, 'Male', '08.10.2011'),
(1595, 2, 'Gwenni', 16, '0,7', 3, NULL, NULL, 'Male', '24.10.2014'),
(1596, 1, 'Heriberto', 1, '2,9', 25, NULL, NULL, 'Female', '07.01.2021'),
(1597, 1, 'Arlyne', 0, '5,9', 12, NULL, NULL, 'Female', '20.05.2009'),
(1598, 2, 'Jan', 6, '2,2', 31, NULL, NULL, 'Male', '14.09.2023'),
(1599, 3, 'Nicolas', 2, '0,5', 54, NULL, NULL, 'Male', '04.12.2014'),
(1600, 1, 'Antonetta', 13, '5,2', 48, NULL, NULL, 'Female', '06.12.2019'),
(1601, 3, 'Elizabeth', 4, '5,7', 28, NULL, NULL, 'Female', '05.07.2021'),
(1602, 3, 'Mattie', 7, '1,4', 33, NULL, NULL, 'Male', '09.03.2021'),
(1603, 1, 'Brew', 5, '5,7', 46, NULL, NULL, 'Male', '19.06.2015'),
(1604, 3, 'Stern', 16, '1,5', 54, NULL, NULL, 'Male', '04.12.2018'),
(1605, 2, 'Thadeus', 18, '5,3', 18, NULL, NULL, 'Male', '10.08.2013'),
(1606, 3, 'Ronda', 0, '5,1', 22, NULL, NULL, 'Female', '05.03.2023'),
(1607, 1, 'Dawna', 7, '4,3', 28, NULL, NULL, 'Female', '07.02.2013'),
(1608, 2, 'Darrick', 2, '1,4', 22, NULL, NULL, 'Female', '18.05.2010'),
(1609, 3, 'Creigh', 1, '3,2', 60, NULL, NULL, 'Female', '15.06.2022'),
(1610, 3, 'Carter', 16, '3,8', 14, NULL, NULL, 'Female', '14.11.2009'),
(1611, 3, 'Ellissa', 5, '2,6', 32, NULL, NULL, 'Male', '12.01.2012'),
(1612, 3, 'Beniamino', 4, '0,7', 31, NULL, NULL, 'Male', '07.04.2010'),
(1613, 1, 'Tyler', 4, '1,7', 1, NULL, NULL, 'Male', '29.10.2022'),
(1614, 2, 'Jerome', 0, '1,5', 15, NULL, NULL, 'Male', '21.04.2011'),
(1615, 2, 'Culley', 8, '0,8', 60, NULL, NULL, 'Male', '21.02.2014'),
(1616, 3, 'Maximilien', 17, '3,1', 65, NULL, NULL, 'Male', '27.07.2021'),
(1617, 3, 'Terza', 3, '3,7', 42, NULL, NULL, 'Female', '29.10.2017'),
(1618, 3, 'Candi', 0, '5,5', 7, NULL, NULL, 'Female', '23.01.2011'),
(1619, 3, 'Maison', 4, '2,1', 45, NULL, NULL, 'Male', '22.06.2014'),
(1620, 1, 'Rutter', 7, '4,2', 50, NULL, NULL, 'Male', '29.11.2017'),
(1621, 3, 'Boonie', 15, '2,1', 1, NULL, NULL, 'Female', '24.09.2019'),
(1622, 3, 'Jolyn', 10, '4,9', 6, NULL, NULL, 'Male', '26.07.2021'),
(1623, 2, 'Engracia', 14, '2,9', 67, NULL, NULL, 'Male', '28.12.2023'),
(1624, 1, 'Tiertza', 14, '5,5', 22, NULL, NULL, 'Female', '14.10.2022'),
(1625, 1, 'Lynnea', 14, '1,6', 50, NULL, NULL, 'Male', '17.06.2013'),
(1626, 3, 'Lane', 16, '5,4', 2, NULL, NULL, 'Female', '14.11.2014'),
(1627, 3, 'Cyrillus', 18, '0,2', 16, NULL, NULL, 'Male', '17.05.2012'),
(1628, 1, 'Tulley', 17, '3,1', 9, NULL, NULL, 'Female', '14.09.2010'),
(1629, 1, 'Wallace', 13, '1,4', 8, NULL, NULL, 'Female', '21.10.2015'),
(1630, 1, 'Oliviero', 7, '4,3', 38, NULL, NULL, 'Male', '28.07.2014'),
(1631, 3, 'Tessy', 17, '4,4', 2, NULL, NULL, 'Female', '17.06.2009'),
(1632, 2, 'Ysabel', 3, '0,1', 45, NULL, NULL, 'Female', '22.12.2020'),
(1633, 2, 'Hammad', 16, '4,2', 50, NULL, NULL, 'Male', '23.03.2010'),
(1634, 1, 'Marget', 10, '5,1', 40, NULL, NULL, 'Male', '04.06.2009'),
(1635, 3, 'Dayle', 5, '4,5', 42, NULL, NULL, 'Male', '06.05.2017'),
(1636, 3, 'Claretta', 5, '2,4', 51, NULL, NULL, 'Male', '14.10.2011'),
(1637, 2, 'Emmott', 6, '6,4', 68, NULL, NULL, 'Male', '11.05.2017'),
(1638, 3, 'Ramon', 17, '1,6', 47, NULL, NULL, 'Male', '20.09.2015'),
(1639, 2, 'Stanley', 11, '2,6', 24, NULL, NULL, 'Female', '09.02.2017'),
(1640, 2, 'Zorina', 14, '0,7', 19, NULL, NULL, 'Female', '16.11.2015'),
(1641, 2, 'Antonietta', 0, '5,9', 47, NULL, NULL, 'Female', '16.05.2019'),
(1642, 3, 'Emelita', 17, '0,3', 5, NULL, NULL, 'Male', '03.02.2018'),
(1643, 2, 'Ana', 3, '3,3', 35, NULL, NULL, 'Female', '20.03.2013'),
(1644, 1, 'Nonah', 10, '0,4', 43, NULL, NULL, 'Female', '10.08.2013'),
(1645, 2, 'Jill', 1, '3,1', 47, NULL, NULL, 'Female', '12.11.2015'),
(1646, 3, 'Valerye', 4, '1,2', 17, NULL, NULL, 'Male', '30.03.2016'),
(1647, 1, 'Conroy', 1, '3,7', 8, NULL, NULL, 'Female', '20.12.2019'),
(1648, 2, 'Hollis', 2, '2,5', 24, NULL, NULL, 'Male', '11.04.2013'),
(1649, 1, 'Vito', 4, '4', 6, NULL, NULL, 'Female', '02.07.2019'),
(1650, 1, 'De', 16, '2', 31, NULL, NULL, 'Male', '03.07.2015'),
(1651, 2, 'Maggy', 10, '1,7', 40, NULL, NULL, 'Female', '18.11.2016'),
(1652, 2, 'Alberta', 9, '1', 56, NULL, NULL, 'Male', '12.07.2022'),
(1653, 2, 'Vincent', 11, '0,5', 24, NULL, NULL, 'Female', '19.12.2008'),
(1654, 1, 'Vinni', 17, '3,1', 38, NULL, NULL, 'Male', '29.09.2023'),
(1655, 2, 'Angelita', 7, '6,1', 37, NULL, NULL, 'Male', '28.04.2015'),
(1656, 3, 'Darius', 17, '1,7', 31, NULL, NULL, 'Female', '05.09.2011'),
(1657, 1, 'Chester', 12, '1,7', 38, NULL, NULL, 'Female', '29.09.2023'),
(1658, 1, 'Katha', 8, '3,1', 63, NULL, NULL, 'Female', '20.09.2013'),
(1659, 1, 'Kaylil', 9, '3', 57, NULL, NULL, 'Female', '24.06.2011'),
(1660, 2, 'Susi', 13, '4,6', 11, NULL, NULL, 'Male', '12.08.2012'),
(1661, 1, 'Paxon', 18, '3,2', 1, NULL, NULL, 'Female', '24.09.2013'),
(1662, 2, 'Lorena', 10, '2,5', 20, NULL, NULL, 'Female', '24.09.2015'),
(1663, 1, 'Lynsey', 18, '1,1', 28, NULL, NULL, 'Female', '29.11.2013'),
(1664, 3, 'Ophelie', 2, '5', 7, NULL, NULL, 'Male', '01.08.2020'),
(1665, 3, 'Daron', 17, '1,2', 8, NULL, NULL, 'Male', '12.11.2010'),
(1666, 1, 'Flinn', 10, '1,9', 17, NULL, NULL, 'Female', '26.10.2021'),
(1667, 1, 'Evangelin', 16, '3,1', 40, NULL, NULL, 'Female', '14.08.2010'),
(1668, 3, 'Marcela', 7, '4,4', 27, NULL, NULL, 'Female', '10.01.2013'),
(1669, 1, 'Shantee', 18, '5,9', 45, NULL, NULL, 'Female', '28.05.2016'),
(1670, 1, 'Fonsie', 7, '0,8', 38, NULL, NULL, 'Female', '10.08.2010'),
(1671, 1, 'Ingrid', 9, '5,6', 61, NULL, NULL, 'Male', '16.04.2013'),
(1672, 2, 'Mirella', 10, '1,1', 50, NULL, NULL, 'Male', '13.02.2024'),
(1673, 2, 'Rochell', 17, '0,7', 27, NULL, NULL, 'Male', '29.10.2013'),
(1674, 3, 'Bernardina', 11, '2,8', 31, NULL, NULL, 'Female', '20.11.2017'),
(1675, 1, 'Marlo', 17, '6', 27, NULL, NULL, 'Female', '29.05.2022'),
(1676, 1, 'Laurie', 18, '2,6', 64, NULL, NULL, 'Male', '08.06.2013'),
(1677, 2, 'Engracia', 18, '4,6', 63, NULL, NULL, 'Male', '23.10.2012'),
(1678, 2, 'Milo', 9, '0,9', 22, NULL, NULL, 'Male', '27.03.2015'),
(1679, 3, 'Brantley', 9, '1', 54, NULL, NULL, 'Female', '09.05.2010'),
(1680, 1, 'Adi', 12, '0,4', 33, NULL, NULL, 'Male', '04.09.2023'),
(1681, 3, 'Netty', 18, '6,9', 56, NULL, NULL, 'Male', '24.07.2016'),
(1682, 1, 'Jorgan', 4, '0,1', 38, NULL, NULL, 'Male', '12.10.2010'),
(1683, 3, 'Gabriel', 1, '0,4', 59, NULL, NULL, 'Female', '22.12.2019'),
(1684, 1, 'Patrica', 5, '1,8', 41, NULL, NULL, 'Male', '16.12.2009'),
(1685, 1, 'Jeri', 6, '0,7', 68, NULL, NULL, 'Male', '01.04.2024'),
(1686, 3, 'Terencio', 7, '5,4', 45, NULL, NULL, 'Male', '29.05.2021'),
(1687, 1, 'Aimil', 17, '1,3', 58, NULL, NULL, 'Female', '26.04.2013'),
(1688, 3, 'Bellina', 12, '4,6', 58, NULL, NULL, 'Male', '10.02.2018'),
(1689, 3, 'Geneva', 16, '5,6', 38, NULL, NULL, 'Female', '19.07.2020'),
(1690, 1, 'Bride', 6, '4,3', 13, NULL, NULL, 'Female', '13.08.2018'),
(1691, 1, 'Giffie', 15, '5,1', 43, NULL, NULL, 'Female', '19.03.2022'),
(1692, 1, 'Kristien', 2, '6,2', 49, NULL, NULL, 'Female', '10.04.2011'),
(1693, 2, 'Hertha', 16, '1,6', 29, NULL, NULL, 'Female', '01.11.2021'),
(1694, 1, 'Madalyn', 10, '2,4', 57, NULL, NULL, 'Male', '28.06.2012'),
(1695, 1, 'Teodoro', 2, '2,9', 66, NULL, NULL, 'Female', '21.07.2023'),
(1696, 3, 'Kirsti', 11, '6,7', 2, NULL, NULL, 'Male', '20.08.2011'),
(1697, 2, 'Donalt', 18, '2,1', 14, NULL, NULL, 'Female', '16.04.2010'),
(1698, 1, 'Ammamaria', 9, '6', 2, NULL, NULL, 'Male', '10.02.2012'),
(1699, 2, 'Dorris', 16, '6,8', 10, NULL, NULL, 'Male', '22.07.2012'),
(1700, 1, 'Trever', 6, '6,3', 25, NULL, NULL, 'Male', '26.10.2014'),
(1701, 2, 'Evered', 4, '2,9', 35, NULL, NULL, 'Female', '03.04.2011'),
(1702, 3, 'Shanie', 7, '5,6', 53, NULL, NULL, 'Male', '08.10.2014'),
(1703, 3, 'Arlyne', 6, '2,9', 18, NULL, NULL, 'Female', '09.01.2017'),
(1704, 2, 'Cissy', 10, '1,7', 14, NULL, NULL, 'Female', '25.02.2019'),
(1705, 2, 'Delmor', 4, '3,9', 15, NULL, NULL, 'Male', '04.07.2022'),
(1706, 1, 'Adamo', 14, '1', 3, NULL, NULL, 'Female', '19.07.2019'),
(1707, 2, 'Dillie', 9, '1,1', 60, NULL, NULL, 'Male', '14.09.2011'),
(1708, 2, 'Tanner', 9, '6,2', 44, NULL, NULL, 'Male', '28.09.2019'),
(1709, 2, 'Marline', 8, '0,3', 19, NULL, NULL, 'Female', '14.12.2008'),
(1710, 3, 'Phillipp', 5, '3,7', 5, NULL, NULL, 'Female', '26.12.2019'),
(1711, 3, 'Liz', 10, '3,2', 64, NULL, NULL, 'Female', '22.06.2011'),
(1712, 1, 'Clywd', 14, '0,9', 8, NULL, NULL, 'Female', '21.02.2015'),
(1713, 2, 'Dorie', 5, '1,3', 66, NULL, NULL, 'Female', '24.10.2015'),
(1714, 3, 'Isac', 12, '6,9', 50, NULL, NULL, 'Male', '05.03.2018'),
(1715, 2, 'Tressa', 4, '3,2', 41, NULL, NULL, 'Male', '27.11.2019'),
(1716, 1, 'Dianne', 11, '1,6', 52, NULL, NULL, 'Male', '17.01.2009'),
(1717, 1, 'Bartolomeo', 15, '6,7', 19, NULL, NULL, 'Male', '16.07.2011'),
(1718, 3, 'Dorris', 11, '5,2', 48, NULL, NULL, 'Male', '20.10.2014'),
(1719, 1, 'Filippa', 3, '2,1', 23, NULL, NULL, 'Male', '29.01.2024'),
(1720, 3, 'Ange', 5, '5,2', 40, NULL, NULL, 'Female', '20.07.2018'),
(1721, 1, 'Adora', 2, '4,5', 56, NULL, NULL, 'Male', '16.11.2015'),
(1722, 3, 'Sara', 8, '6,1', 19, NULL, NULL, 'Male', '23.05.2019'),
(1723, 1, 'Daisy', 16, '4,1', 15, NULL, NULL, 'Female', '25.05.2020'),
(1724, 3, 'Hettie', 7, '1,4', 36, NULL, NULL, 'Female', '20.10.2020'),
(1725, 3, 'Waly', 13, '2,8', 20, NULL, NULL, 'Female', '20.08.2017'),
(1726, 3, 'Ursuline', 7, '4,2', 35, NULL, NULL, 'Female', '22.06.2009'),
(1727, 1, 'Tome', 18, '4,5', 56, NULL, NULL, 'Female', '17.07.2020'),
(1728, 1, 'Jorgan', 13, '1,5', 23, NULL, NULL, 'Female', '01.09.2016'),
(1729, 3, 'Theadora', 17, '3,8', 20, NULL, NULL, 'Male', '26.01.2023'),
(1730, 2, 'Clem', 15, '3,7', 23, NULL, NULL, 'Male', '26.02.2022'),
(1731, 2, 'Georg', 6, '2', 69, NULL, NULL, 'Female', '18.07.2018'),
(1732, 1, 'Ebeneser', 6, '3,5', 5, NULL, NULL, 'Male', '10.11.2011'),
(1733, 2, 'Tobias', 13, '3,9', 24, NULL, NULL, 'Female', '26.12.2016'),
(1734, 1, 'Barnett', 14, '4,6', 52, NULL, NULL, 'Female', '02.04.2009'),
(1735, 3, 'Martyn', 0, '5,8', 58, NULL, NULL, 'Female', '26.03.2015'),
(1736, 3, 'Jolynn', 1, '0,8', 54, NULL, NULL, 'Female', '08.10.2022'),
(1737, 2, 'Jerrie', 14, '1,5', 64, NULL, NULL, 'Female', '25.10.2015'),
(1738, 3, 'Ingram', 8, '1,9', 52, NULL, NULL, 'Male', '24.06.2022'),
(1739, 2, 'Peirce', 2, '1,9', 62, NULL, NULL, 'Female', '11.11.2008'),
(1740, 3, 'Jerrylee', 13, '1,3', 50, NULL, NULL, 'Male', '02.09.2021'),
(1741, 2, 'Gardy', 16, '3,5', 16, NULL, NULL, 'Male', '25.11.2019'),
(1742, 2, 'Jaymee', 8, '4', 8, NULL, NULL, 'Female', '09.06.2022'),
(1743, 2, 'Sax', 0, '2,7', 38, NULL, NULL, 'Female', '02.10.2012'),
(1744, 3, 'Aymer', 11, '6,8', 9, NULL, NULL, 'Male', '18.11.2022'),
(1745, 1, 'Ruby', 2, '1,3', 12, NULL, NULL, 'Male', '17.03.2020'),
(1746, 3, 'Cacilia', 17, '0,8', 68, NULL, NULL, 'Female', '03.07.2022'),
(1747, 1, 'Laraine', 15, '5,3', 28, NULL, NULL, 'Female', '25.01.2009'),
(1748, 2, 'Dorry', 6, '3,7', 22, NULL, NULL, 'Male', '22.07.2016'),
(1749, 3, 'Estrella', 1, '3,5', 7, NULL, NULL, 'Male', '22.06.2017'),
(1750, 2, 'Vaughan', 0, '5,7', 33, NULL, NULL, 'Male', '09.11.2008'),
(1751, 1, 'Che', 11, '1,6', 65, NULL, NULL, 'Male', '18.05.2020'),
(1752, 3, 'Pieter', 6, '4', 39, NULL, NULL, 'Female', '29.10.2009'),
(1753, 3, 'Amos', 2, '5,2', 6, NULL, NULL, 'Female', '10.12.2009'),
(1754, 3, 'Fraser', 13, '6,1', 10, NULL, NULL, 'Female', '12.12.2009'),
(1755, 2, 'Padriac', 13, '2,9', 36, NULL, NULL, 'Female', '07.07.2015'),
(1756, 1, 'Ashby', 12, '4,6', 21, NULL, NULL, 'Female', '08.06.2018'),
(1757, 3, 'Clareta', 3, '1,4', 69, NULL, NULL, 'Male', '23.11.2016'),
(1758, 1, 'Idalia', 18, '4,9', 69, NULL, NULL, 'Male', '25.11.2010'),
(1759, 2, 'Doyle', 2, '6,1', 32, NULL, NULL, 'Male', '08.02.2012'),
(1760, 1, 'Joscelin', 5, '5,5', 2, NULL, NULL, 'Male', '25.09.2017'),
(1761, 3, 'Angelina', 13, '3,5', 56, NULL, NULL, 'Male', '17.05.2012'),
(1762, 2, 'Damaris', 4, '2,5', 47, NULL, NULL, 'Male', '27.02.2017'),
(1763, 1, 'Camala', 10, '2,8', 52, NULL, NULL, 'Female', '26.07.2013'),
(1764, 2, 'Renee', 9, '2,2', 69, NULL, NULL, 'Female', '31.12.2013'),
(1765, 2, 'Kit', 11, '3,7', 10, NULL, NULL, 'Male', '03.07.2009'),
(1766, 3, 'Tully', 16, '2,3', 65, NULL, NULL, 'Male', '18.01.2021'),
(1767, 1, 'Karney', 3, '3,8', 2, NULL, NULL, 'Female', '24.12.2017'),
(1768, 3, 'Alane', 9, '1,7', 19, NULL, NULL, 'Male', '30.12.2013'),
(1769, 1, 'Juline', 14, '5,6', 15, NULL, NULL, 'Male', '25.02.2018'),
(1770, 1, 'Miranda', 4, '5,9', 35, NULL, NULL, 'Female', '16.08.2023'),
(1771, 2, 'Guss', 6, '1,9', 9, NULL, NULL, 'Male', '11.02.2020'),
(1772, 3, 'Candice', 18, '1', 47, NULL, NULL, 'Female', '01.02.2019'),
(1773, 1, 'Gearalt', 7, '3,8', 40, NULL, NULL, 'Male', '30.01.2013'),
(1774, 3, 'Becky', 13, '5,7', 40, NULL, NULL, 'Female', '10.09.2012'),
(1775, 3, 'Rance', 8, '5,5', 19, NULL, NULL, 'Female', '11.03.2015'),
(1776, 2, 'Cherice', 0, '1,5', 2, NULL, NULL, 'Male', '10.03.2013'),
(1777, 2, 'Manya', 12, '1,7', 51, NULL, NULL, 'Female', '07.12.2015'),
(1778, 3, 'Rhiamon', 13, '4,6', 60, NULL, NULL, 'Female', '24.02.2013'),
(1779, 3, 'Mair', 9, '0,2', 16, NULL, NULL, 'Male', '20.01.2023'),
(1780, 2, 'Collette', 9, '5,8', 16, NULL, NULL, 'Male', '18.09.2012'),
(1781, 2, 'Rene', 2, '3,2', 38, NULL, NULL, 'Male', '21.09.2012'),
(1782, 2, 'Natal', 1, '5', 7, NULL, NULL, 'Male', '29.06.2020'),
(1783, 2, 'Babette', 18, '1,6', 10, NULL, NULL, 'Male', '08.10.2011'),
(1784, 3, 'Raynell', 15, '6,2', 40, NULL, NULL, 'Male', '24.10.2014'),
(1785, 2, 'Osbourn', 3, '5,4', 28, NULL, NULL, 'Female', '07.01.2021'),
(1786, 3, 'Kimble', 4, '3,5', 38, NULL, NULL, 'Female', '20.05.2009'),
(1787, 2, 'Elinor', 17, '6,2', 39, NULL, NULL, 'Female', '14.09.2023'),
(1788, 1, 'Katlin', 0, '2,8', 2, NULL, NULL, 'Male', '04.12.2014'),
(1789, 2, 'Hinda', 3, '4,4', 1, NULL, NULL, 'Female', '06.12.2019'),
(1790, 1, 'Birgit', 12, '5,8', 14, NULL, NULL, 'Female', '05.07.2021'),
(1791, 1, 'Maximo', 6, '4,3', 2, NULL, NULL, 'Female', '09.03.2021'),
(1792, 3, 'Candy', 7, '5,1', 45, NULL, NULL, 'Male', '19.06.2015'),
(1793, 3, 'Phillis', 0, '3', 8, NULL, NULL, 'Female', '04.12.2018'),
(1794, 1, 'Davina', 14, '5,6', 1, NULL, NULL, 'Male', '10.08.2013'),
(1795, 1, 'Johan', 13, '4,3', 65, NULL, NULL, 'Female', '05.03.2023'),
(1796, 3, 'Portia', 1, '2,8', 9, NULL, NULL, 'Male', '07.02.2013'),
(1797, 2, 'Archibold', 12, '3,9', 70, NULL, NULL, 'Female', '18.05.2010'),
(1798, 2, 'Delly', 13, '4,8', 17, NULL, NULL, 'Male', '15.06.2022'),
(1799, 3, 'Fina', 1, '5,9', 58, NULL, NULL, 'Female', '14.11.2009'),
(1800, 3, 'Denney', 5, '5', 37, NULL, NULL, 'Male', '12.01.2012'),
(1801, 3, 'Arabelle', 15, '5,4', 21, NULL, NULL, 'Male', '07.04.2010'),
(1802, 3, 'Tony', 9, '4,9', 26, NULL, NULL, 'Female', '29.10.2022'),
(1803, 3, 'Daryn', 11, '0,4', 44, NULL, NULL, 'Female', '21.04.2011'),
(1804, 1, 'Christos', 10, '3,8', 64, NULL, NULL, 'Female', '21.02.2014'),
(1805, 1, 'Salim', 7, '5,3', 10, NULL, NULL, 'Female', '27.07.2021'),
(1806, 1, 'Augy', 10, '6,1', 5, NULL, NULL, 'Male', '29.10.2017'),
(1807, 2, 'Tedman', 2, '6', 61, NULL, NULL, 'Female', '23.01.2011'),
(1808, 3, 'Vanda', 15, '5,6', 14, NULL, NULL, 'Female', '22.06.2014'),
(1809, 3, 'Irina', 6, '3,7', 43, NULL, NULL, 'Female', '29.11.2017'),
(1810, 1, 'Zorah', 8, '2,3', 25, NULL, NULL, 'Male', '24.09.2019'),
(1811, 1, 'Nikola', 10, '2', 32, NULL, NULL, 'Male', '26.07.2021'),
(1812, 3, 'Verge', 18, '1,9', 28, NULL, NULL, 'Female', '28.12.2023'),
(1813, 2, 'Kaleb', 16, '4,6', 46, NULL, NULL, 'Female', '14.10.2022'),
(1814, 1, 'Nappie', 12, '2', 61, NULL, NULL, 'Female', '17.06.2013'),
(1815, 2, 'Merola', 16, '4,2', 53, NULL, NULL, 'Female', '14.11.2014'),
(1816, 1, 'Malva', 0, '2,3', 34, NULL, NULL, 'Female', '17.05.2012'),
(1817, 3, 'Dell', 15, '4,5', 45, NULL, NULL, 'Male', '14.09.2010'),
(1818, 3, 'Norene', 6, '3,3', 23, NULL, NULL, 'Male', '21.10.2015'),
(1819, 3, 'Sayre', 9, '3,5', 52, NULL, NULL, 'Male', '28.07.2014'),
(1820, 1, 'Lucian', 7, '6,5', 21, NULL, NULL, 'Female', '17.06.2009'),
(1821, 1, 'Gunter', 18, '0,9', 54, NULL, NULL, 'Female', '22.12.2020'),
(1822, 2, 'Tera', 5, '6,4', 53, NULL, NULL, 'Male', '23.03.2010'),
(1823, 3, 'Bartolomeo', 17, '4,1', 7, NULL, NULL, 'Male', '04.06.2009'),
(1824, 2, 'Leighton', 15, '0,7', 23, NULL, NULL, 'Male', '06.05.2017'),
(1825, 3, 'Ashil', 18, '4,6', 7, NULL, NULL, 'Female', '14.10.2011'),
(1826, 3, 'Padriac', 17, '0,2', 33, NULL, NULL, 'Male', '11.05.2017'),
(1827, 2, 'Merrick', 1, '3,7', 55, NULL, NULL, 'Male', '20.09.2015'),
(1828, 3, 'Yorker', 0, '5', 45, NULL, NULL, 'Male', '09.02.2017'),
(1829, 1, 'Tabbi', 16, '6,8', 44, NULL, NULL, 'Female', '16.11.2015'),
(1830, 2, 'Seymour', 0, '4,9', 55, NULL, NULL, 'Male', '16.05.2019'),
(1831, 2, 'Kimberli', 4, '6,7', 27, NULL, NULL, 'Male', '03.02.2018'),
(1832, 3, 'Ode', 6, '2', 30, NULL, NULL, 'Male', '20.03.2013'),
(1833, 1, 'Loleta', 9, '1,9', 21, NULL, NULL, 'Female', '10.08.2013'),
(1834, 1, 'Staffard', 16, '5', 22, NULL, NULL, 'Male', '12.11.2015'),
(1835, 1, 'Agneta', 2, '3,1', 39, NULL, NULL, 'Female', '30.03.2016'),
(1836, 2, 'Adolph', 14, '6,6', 59, NULL, NULL, 'Female', '20.12.2019'),
(1837, 1, 'Sibilla', 9, '0,3', 49, NULL, NULL, 'Female', '11.04.2013'),
(1838, 1, 'Denver', 3, '2,1', 22, NULL, NULL, 'Female', '02.07.2019'),
(1839, 2, 'Ambrosio', 2, '5,3', 6, NULL, NULL, 'Female', '03.07.2015'),
(1840, 2, 'Hanson', 12, '2,2', 7, NULL, NULL, 'Male', '18.11.2016'),
(1841, 1, 'Melodee', 6, '5,4', 55, NULL, NULL, 'Female', '12.07.2022'),
(1842, 3, 'Coletta', 7, '6,7', 22, NULL, NULL, 'Male', '19.12.2008'),
(1843, 1, 'Chiquita', 13, '2,5', 29, NULL, NULL, 'Female', '29.09.2023'),
(1844, 1, 'Eilis', 15, '3', 20, NULL, NULL, 'Male', '28.04.2015'),
(1845, 2, 'Cyrill', 16, '3,3', 33, NULL, NULL, 'Male', '05.09.2011'),
(1846, 1, 'Truman', 5, '1', 68, NULL, NULL, 'Male', '29.09.2023'),
(1847, 2, 'Sim', 5, '3,1', 61, NULL, NULL, 'Female', '05.07.2022'),
(1848, 3, 'Evelyn', 2, '5,8', 61, NULL, NULL, 'Male', '13.09.2011'),
(1849, 1, 'Ciro', 8, '5,6', 62, NULL, NULL, 'Female', '16.01.2018'),
(1850, 3, 'Reggie', 12, '3,3', 37, NULL, NULL, 'Female', '12.02.2010'),
(1851, 3, 'Jobi', 16, '2,3', 14, NULL, NULL, 'Male', '26.10.2017'),
(1852, 1, 'Kingsly', 1, '7', 24, NULL, NULL, 'Female', '25.01.2020'),
(1853, 1, 'Rodrigo', 5, '6,9', 39, NULL, NULL, 'Male', '10.10.2012'),
(1854, 2, 'Hewet', 5, '6,1', 64, NULL, NULL, 'Male', '28.07.2011'),
(1855, 3, 'Stormy', 9, '6,7', 61, NULL, NULL, 'Female', '05.07.2010'),
(1856, 3, 'Ilyssa', 5, '5,2', 34, NULL, NULL, 'Female', '10.11.2022'),
(1857, 3, 'Josephine', 0, '6,6', 55, NULL, NULL, 'Female', '27.11.2019'),
(1858, 3, 'Kale', 10, '0,3', 33, NULL, NULL, 'Female', '17.01.2009'),
(1859, 1, 'Reg', 0, '4', 15, NULL, NULL, 'Female', '16.07.2011'),
(1860, 3, 'Anica', 5, '1,5', 23, NULL, NULL, 'Male', '20.10.2014'),
(1861, 3, 'Gina', 4, '6,5', 64, NULL, NULL, 'Male', '29.01.2024'),
(1862, 3, 'Vivyanne', 9, '0,7', 20, NULL, NULL, 'Male', '20.07.2018'),
(1863, 1, 'Tull', 0, '6,2', 3, NULL, NULL, 'Male', '16.11.2015'),
(1864, 1, 'Lorilee', 9, '0,2', 49, NULL, NULL, 'Male', '23.05.2019'),
(1865, 3, 'Roderic', 6, '3,8', 49, NULL, NULL, 'Male', '25.05.2020'),
(1866, 2, 'Tersina', 6, '6,2', 65, NULL, NULL, 'Female', '20.10.2020'),
(1867, 2, 'Theobald', 8, '2,3', 39, NULL, NULL, 'Male', '20.08.2017'),
(1868, 3, 'Darcy', 14, '6,9', 8, NULL, NULL, 'Male', '22.06.2009'),
(1869, 1, 'Valentina', 4, '0,3', 54, NULL, NULL, 'Female', '17.07.2020'),
(1870, 3, 'Ira', 12, '1,2', 70, NULL, NULL, 'Female', '01.09.2016'),
(1871, 2, 'Timi', 15, '4,3', 20, NULL, NULL, 'Female', '26.01.2023'),
(1872, 3, 'Gardiner', 5, '3,8', 4, NULL, NULL, 'Female', '26.02.2022'),
(1873, 3, 'Agneta', 16, '0,3', 70, NULL, NULL, 'Female', '18.07.2018'),
(1874, 3, 'Jeni', 8, '5,9', 3, NULL, NULL, 'Female', '10.11.2011'),
(1875, 1, 'Frederick', 7, '1,7', 66, NULL, NULL, 'Male', '26.12.2016'),
(1876, 1, 'Benn', 16, '4,8', 27, NULL, NULL, 'Male', '02.04.2009'),
(1877, 2, 'Giorgio', 15, '2,5', 52, NULL, NULL, 'Female', '26.03.2015'),
(1878, 2, 'Anthe', 4, '3,6', 30, NULL, NULL, 'Male', '08.10.2022'),
(1879, 2, 'Tim', 17, '6,4', 41, NULL, NULL, 'Female', '25.10.2015'),
(1880, 1, 'Royall', 7, '1,7', 69, NULL, NULL, 'Female', '24.06.2022'),
(1881, 2, 'Rouvin', 4, '2,2', 61, NULL, NULL, 'Female', '11.11.2008'),
(1882, 1, 'Tildie', 4, '3,9', 51, NULL, NULL, 'Female', '02.09.2021'),
(1883, 2, 'Rebekkah', 16, '1,4', 61, NULL, NULL, 'Female', '25.11.2019'),
(1884, 2, 'Rochelle', 10, '0,5', 34, NULL, NULL, 'Male', '09.06.2022'),
(1885, 1, 'Gail', 4, '1', 21, NULL, NULL, 'Female', '02.10.2012'),
(1886, 3, 'Emilio', 2, '2,3', 68, NULL, NULL, 'Male', '18.11.2022'),
(1887, 1, 'Philomena', 5, '6,8', 14, NULL, NULL, 'Male', '17.03.2020'),
(1888, 2, 'Gerri', 0, '0,6', 17, NULL, NULL, 'Female', '03.07.2022'),
(1889, 2, 'Arden', 16, '1,7', 21, NULL, NULL, 'Female', '25.01.2009'),
(1890, 2, 'Rori', 12, '3,6', 62, NULL, NULL, 'Male', '22.07.2016'),
(1891, 1, 'Reid', 5, '5,1', 40, NULL, NULL, 'Male', '22.06.2017'),
(1892, 2, 'Ira', 6, '0,2', 16, NULL, NULL, 'Female', '09.11.2008'),
(1893, 3, 'Ilario', 11, '1,6', 5, NULL, NULL, 'Female', '18.05.2020'),
(1894, 2, 'Christoffe', 10, '0,8', 37, NULL, NULL, 'Male', '29.10.2009'),
(1895, 2, 'Lin', 11, '1,9', 43, NULL, NULL, 'Male', '10.12.2009'),
(1896, 1, 'Guinevere', 1, '4,7', 52, NULL, NULL, 'Male', '12.12.2009'),
(1897, 3, 'Virgina', 8, '6,4', 64, NULL, NULL, 'Male', '07.07.2015'),
(1898, 2, 'Sascha', 12, '3', 51, NULL, NULL, 'Female', '08.06.2018'),
(1899, 2, 'Llywellyn', 7, '2,7', 14, NULL, NULL, 'Female', '23.11.2016'),
(1900, 2, 'Melinda', 12, '5,3', 64, NULL, NULL, 'Female', '25.11.2010'),
(1901, 2, 'Kathryne', 6, '4,9', 6, NULL, NULL, 'Female', '08.02.2012'),
(1902, 1, 'Retha', 15, '0,2', 65, NULL, NULL, 'Female', '25.09.2017'),
(1903, 3, 'Killian', 3, '3,9', 2, NULL, NULL, 'Male', '17.05.2012'),
(1904, 1, 'Reade', 6, '6,6', 14, NULL, NULL, 'Male', '27.02.2017'),
(1905, 3, 'Rachael', 7, '3,1', 66, NULL, NULL, 'Male', '26.07.2013'),
(1906, 2, 'Ernesto', 7, '6', 8, NULL, NULL, 'Male', '31.12.2013'),
(1907, 1, 'Jethro', 16, '1,1', 15, NULL, NULL, 'Male', '03.07.2009'),
(1908, 1, 'Gerry', 6, '2,6', 62, NULL, NULL, 'Male', '18.01.2021'),
(1909, 2, 'Konstantin', 14, '1,5', 47, NULL, NULL, 'Female', '24.12.2017'),
(1910, 2, 'Anastassia', 15, '5,3', 19, NULL, NULL, 'Female', '30.12.2013'),
(1911, 3, 'Elsworth', 6, '5', 32, NULL, NULL, 'Male', '25.02.2018'),
(1912, 3, 'Emlynn', 8, '3', 63, NULL, NULL, 'Male', '16.08.2023'),
(1913, 3, 'Bryanty', 0, '0,7', 65, NULL, NULL, 'Female', '11.02.2020'),
(1914, 2, 'Cesare', 18, '2,8', 25, NULL, NULL, 'Male', '01.02.2019'),
(1915, 3, 'Tanny', 6, '3,4', 45, NULL, NULL, 'Male', '30.01.2013'),
(1916, 2, 'Nettie', 4, '7', 46, NULL, NULL, 'Female', '10.09.2012'),
(1917, 2, 'Freda', 1, '3,5', 67, NULL, NULL, 'Male', '11.03.2015'),
(1918, 2, 'Jaimie', 6, '4,1', 23, NULL, NULL, 'Female', '10.03.2013'),
(1919, 2, 'Davida', 16, '5,6', 12, NULL, NULL, 'Male', '07.12.2015'),
(1920, 2, 'Rey', 16, '2', 58, NULL, NULL, 'Female', '24.02.2013'),
(1921, 2, 'Roddie', 17, '3,6', 65, NULL, NULL, 'Female', '20.01.2023'),
(1922, 2, 'Walker', 13, '6,3', 65, NULL, NULL, 'Male', '18.09.2012'),
(1923, 1, 'Olympie', 2, '5,8', 34, NULL, NULL, 'Female', '21.09.2012'),
(1924, 2, 'Northrop', 4, '5,7', 59, NULL, NULL, 'Female', '29.06.2020'),
(1925, 1, 'Balduin', 3, '4,6', 46, NULL, NULL, 'Male', '08.10.2011'),
(1926, 1, 'Tobias', 14, '5,7', 51, NULL, NULL, 'Male', '24.10.2014'),
(1927, 2, 'Dicky', 3, '2,4', 61, NULL, NULL, 'Male', '07.01.2021'),
(1928, 3, 'Hakim', 3, '5,8', 47, NULL, NULL, 'Male', '20.05.2009'),
(1929, 3, 'Bridie', 1, '3,3', 47, NULL, NULL, 'Male', '14.09.2023'),
(1930, 3, 'Thatch', 3, '4,3', 10, NULL, NULL, 'Male', '04.12.2014'),
(1931, 3, 'Marthena', 0, '5', 39, NULL, NULL, 'Female', '06.12.2019'),
(1932, 2, 'Pippo', 12, '6,7', 29, NULL, NULL, 'Female', '05.07.2021'),
(1933, 3, 'Maude', 16, '4,7', 25, NULL, NULL, 'Female', '09.03.2021'),
(1934, 2, 'Modestia', 0, '5,2', 61, NULL, NULL, 'Male', '19.06.2015'),
(1935, 3, 'Theo', 5, '6,4', 25, NULL, NULL, 'Female', '04.12.2018'),
(1936, 2, 'Gaspar', 1, '0,4', 3, NULL, NULL, 'Female', '10.08.2013'),
(1937, 2, 'Boris', 11, '1', 33, NULL, NULL, 'Female', '05.03.2023'),
(1938, 2, 'Mord', 1, '6,1', 9, NULL, NULL, 'Male', '07.02.2013'),
(1939, 1, 'Alden', 4, '2,4', 63, NULL, NULL, 'Female', '18.05.2010'),
(1940, 2, 'Jannelle', 9, '5,7', 51, NULL, NULL, 'Male', '15.06.2022');
INSERT INTO `ut_kocka` (`id_kocka`, `status`, `jmeno`, `vek`, `vaha`, `plemeno_id`, `popis`, `fotografie`, `pohlavi`, `narozeni`) VALUES
(1941, 3, 'Tobit', 14, '2,1', 4, NULL, NULL, 'Female', '14.11.2009'),
(1942, 2, 'Willdon', 18, '0,5', 34, NULL, NULL, 'Male', '12.01.2012'),
(1943, 1, 'Willetta', 18, '1,3', 55, NULL, NULL, 'Female', '07.04.2010'),
(1944, 2, 'Ailey', 8, '6,5', 41, NULL, NULL, 'Male', '29.10.2022'),
(1945, 3, 'Rube', 3, '4,1', 55, NULL, NULL, 'Female', '21.04.2011'),
(1946, 1, 'Pattie', 16, '2,7', 54, NULL, NULL, 'Male', '21.02.2014'),
(1947, 1, 'Wynnie', 4, '4,1', 20, NULL, NULL, 'Male', '27.07.2021'),
(1948, 2, 'Harmon', 0, '0,8', 39, NULL, NULL, 'Female', '29.10.2017'),
(1949, 2, 'Rosaline', 11, '6,3', 24, NULL, NULL, 'Female', '23.01.2011'),
(1950, 1, 'Corette', 7, '6,7', 44, NULL, NULL, 'Female', '22.06.2014'),
(1951, 1, 'Wiley', 6, '6,5', 11, NULL, NULL, 'Female', '29.11.2017'),
(1952, 2, 'Glyn', 0, '1,2', 22, NULL, NULL, 'Male', '24.09.2019'),
(1953, 3, 'Janice', 1, '4,7', 12, NULL, NULL, 'Female', '26.07.2021'),
(1954, 3, 'Genia', 2, '0,2', 4, NULL, NULL, 'Female', '28.12.2023'),
(1955, 3, 'Meredith', 16, '2,5', 64, NULL, NULL, 'Female', '14.10.2022'),
(1956, 2, 'Meredith', 0, '4,4', 21, NULL, NULL, 'Male', '17.06.2013'),
(1957, 2, 'Emelia', 9, '0,6', 49, NULL, NULL, 'Male', '14.11.2014'),
(1958, 3, 'Bliss', 3, '1,3', 32, NULL, NULL, 'Female', '17.05.2012'),
(1959, 3, 'Clemmy', 13, '2,8', 40, NULL, NULL, 'Female', '14.09.2010'),
(1960, 2, 'Bethany', 5, '5,1', 45, NULL, NULL, 'Female', '21.10.2015'),
(1961, 3, 'Carlin', 12, '5,2', 37, NULL, NULL, 'Female', '28.07.2014'),
(1962, 2, 'Herman', 8, '5,6', 68, NULL, NULL, 'Female', '17.06.2009'),
(1963, 2, 'Orlan', 1, '2,7', 11, NULL, NULL, 'Male', '22.12.2020'),
(1964, 3, 'Reggy', 5, '1,8', 48, NULL, NULL, 'Male', '23.03.2010'),
(1965, 2, 'Berton', 11, '2', 35, NULL, NULL, 'Male', '04.06.2009'),
(1966, 2, 'Verina', 12, '2,3', 56, NULL, NULL, 'Female', '06.05.2017'),
(1967, 1, 'Janeva', 10, '2,3', 5, NULL, NULL, 'Female', '14.10.2011'),
(1968, 3, 'Jesselyn', 12, '6,1', 29, NULL, NULL, 'Male', '11.05.2017'),
(1969, 3, 'Alyson', 8, '2,2', 26, NULL, NULL, 'Male', '20.09.2015'),
(1970, 1, 'Zeb', 14, '0,7', 3, NULL, NULL, 'Male', '09.02.2017'),
(1971, 2, 'Kasper', 11, '2,9', 35, NULL, NULL, 'Female', '16.11.2015'),
(1972, 3, 'Jillene', 3, '5,1', 65, NULL, NULL, 'Male', '16.05.2019'),
(1973, 1, 'Flem', 10, '4', 14, NULL, NULL, 'Male', '03.02.2018'),
(1974, 3, 'Myrah', 4, '1,9', 13, NULL, NULL, 'Male', '20.03.2013'),
(1975, 2, 'Merrie', 3, '2,1', 28, NULL, NULL, 'Female', '10.08.2013'),
(1976, 1, 'Liana', 11, '4,9', 53, NULL, NULL, 'Male', '12.11.2015'),
(1977, 1, 'Ham', 13, '3,9', 54, NULL, NULL, 'Male', '30.03.2016'),
(1978, 2, 'Birgit', 18, '6,6', 69, NULL, NULL, 'Male', '20.12.2019'),
(1979, 2, 'Bjorn', 14, '4,8', 34, NULL, NULL, 'Female', '11.04.2013'),
(1980, 3, 'Martica', 0, '3,9', 26, NULL, NULL, 'Male', '02.07.2019'),
(1981, 2, 'Filippo', 3, '3,9', 38, NULL, NULL, 'Female', '03.07.2015'),
(1982, 1, 'Steffane', 17, '4,1', 45, NULL, NULL, 'Female', '18.11.2016'),
(1983, 1, 'Denis', 8, '2,4', 27, NULL, NULL, 'Female', '12.07.2022'),
(1984, 2, 'Kizzee', 10, '4,3', 49, NULL, NULL, 'Female', '19.12.2008'),
(1985, 3, 'Rennie', 12, '4', 49, NULL, NULL, 'Female', '29.09.2023'),
(1986, 2, 'Marlene', 7, '1,7', 43, NULL, NULL, 'Male', '28.04.2015'),
(1987, 1, 'Gaylord', 18, '1', 32, NULL, NULL, 'Female', '05.09.2011'),
(1988, 2, 'Wilhelm', 8, '5,7', 58, NULL, NULL, 'Male', '29.09.2023'),
(1989, 1, 'Vasilis', 12, '4,1', 36, NULL, NULL, 'Female', '11.04.2013'),
(1990, 2, 'Weylin', 6, '2', 23, NULL, NULL, 'Male', '02.07.2019'),
(1991, 2, 'Magdalen', 6, '0,6', 50, NULL, NULL, 'Male', '03.07.2015'),
(1992, 3, 'Mitchel', 0, '3,6', 4, NULL, NULL, 'Male', '18.11.2016'),
(1993, 3, 'Jane', 6, '5,4', 41, NULL, NULL, 'Female', '12.07.2022'),
(1994, 2, 'Jammie', 15, '6,8', 11, NULL, NULL, 'Male', '19.12.2008'),
(1995, 1, 'Algernon', 8, '3,7', 2, NULL, NULL, 'Female', '29.09.2023'),
(1996, 1, 'Giraldo', 17, '2,7', 23, NULL, NULL, 'Female', '28.07.2014'),
(1997, 1, 'Nickolas', 14, '5,7', 53, NULL, NULL, 'Male', '17.06.2009'),
(1998, 3, 'Law', 14, '4,7', 27, NULL, NULL, 'Female', '22.12.2020'),
(1999, 1, 'Cathryn', 1, '5,8', 52, NULL, NULL, 'Male', '23.03.2010'),
(2000, 1, 'Aylmer', 1, '5,7', 56, NULL, NULL, 'Male', '04.06.2009'),
(NULL, NULL, NULL, NULL, NULL, NULL, NULL, NULL, NULL, NULL);

-- --------------------------------------------------------

--
-- Struktura tabulky `ut_majitel`
--

CREATE TABLE `ut_majitel` (
  `id_majitel` double DEFAULT NULL,
  `jmeno` varchar(10) DEFAULT NULL,
  `vek` double DEFAULT NULL,
  `mesto_id` double DEFAULT NULL,
  `tel_cislo` varchar(10) DEFAULT NULL
) ENGINE=InnoDB DEFAULT CHARSET=utf8mb4 COLLATE=utf8mb4_general_ci;

--
-- Vypisuji data pro tabulku `ut_majitel`
--

INSERT INTO `ut_majitel` (`id_majitel`, `jmeno`, `vek`, `mesto_id`, `tel_cislo`) VALUES
(1, 'Barbee Ber', 82, 756, '175-584-04'),
(2, 'Susie Furp', 60, 320, '139-388-12'),
(3, 'Filia Dare', 62, 559, '627-843-68'),
(4, 'Alex Calve', 67, 93, '305-848-27'),
(5, 'Robinet In', 40, 907, '804-730-76'),
(6, 'Caspar Yui', 63, 600, '369-220-40'),
(7, 'Evin Radba', 40, 445, '941-448-49'),
(8, 'Tammie Leg', 49, 594, '439-183-63'),
(9, 'Vyky Harne', 20, 851, '729-749-11'),
(10, 'Heidie Bea', 38, 395, '613-886-70'),
(11, 'Zonda Wake', 80, 752, '743-948-69'),
(12, 'Heinrick B', 84, 355, '596-997-77'),
(13, 'Wileen Hou', 88, 717, '252-196-87'),
(14, 'Roz Crando', 35, 981, '277-167-26'),
(15, 'Ariana McA', 80, 989, '850-289-87'),
(16, 'Basilio La', 62, 419, '720-951-06'),
(17, 'Chico Andr', 85, 154, '853-610-56'),
(18, 'Thedric Go', 45, 24, '588-399-79'),
(19, 'Chico Thre', 42, 272, '287-152-64'),
(20, 'Vevay Kend', 33, 149, '259-559-49'),
(21, 'Scott Reye', 81, 63, '534-678-82'),
(22, 'Sherlock M', 18, 652, '511-487-53'),
(23, 'Ingeberg C', 82, 225, '397-421-82'),
(24, 'Mae Pashen', 87, 288, '695-893-02'),
(25, 'Maitilde T', 20, 737, '868-888-81'),
(26, 'Muffin Yez', 73, 167, '915-127-50'),
(27, 'Gerti Nast', 24, 961, '867-343-84'),
(28, 'Horace Mai', 59, 592, '372-483-58'),
(29, 'Milton Fol', 43, 958, '788-845-50'),
(30, 'Onfre Link', 52, 863, '812-804-68'),
(31, 'Tonia Tell', 60, 922, '433-479-74'),
(32, 'Cherish De', 60, 605, '749-452-66'),
(33, 'Butch Post', 61, 516, '285-125-86'),
(34, 'Isadore Le', 81, 109, '647-527-70'),
(35, 'Franky Van', 20, 830, '946-562-08'),
(36, 'Olivette O', 39, 12, '633-924-34'),
(37, 'Jereme Ren', 29, 26, '721-547-50'),
(38, 'Agustin Br', 26, 907, '745-353-84'),
(39, 'Denney Bei', 72, 486, '595-344-21'),
(40, 'Niel Heams', 63, 337, '656-779-58'),
(41, 'Joella Hob', 28, 381, '443-141-11'),
(42, 'Zitella Re', 79, 824, '330-101-14'),
(43, 'Ody Beynkn', 61, 734, '720-810-11'),
(44, 'Jilleen Kl', 50, 25, '634-581-83'),
(45, 'Marlin Pit', 69, 189, '848-385-40'),
(46, 'Gussi Beng', 27, 193, '391-757-17'),
(47, 'Hyman Port', 24, 482, '534-884-10'),
(48, 'Rena Itzko', 71, 926, '523-618-19'),
(49, 'Frankie Ki', 72, 461, '783-329-27'),
(50, 'Sidoney Va', 42, 721, '476-444-87'),
(51, 'Cathee Lam', 78, 857, '336-418-87'),
(52, 'Diane Karo', 33, 562, '510-388-46'),
(53, 'Harriett W', 86, 263, '796-787-66'),
(54, 'Rustie Car', 30, 259, '163-333-73'),
(55, 'Brit Manil', 63, 29, '354-473-97'),
(56, 'Alexine Ba', 86, 171, '776-535-83'),
(57, 'Peirce Gre', 88, 21, '892-695-11'),
(58, 'Hussein St', 74, 419, '337-260-99'),
(59, 'Zonnya Nap', 42, 336, '300-616-05'),
(60, 'Claudelle ', 84, 93, '613-754-99'),
(61, 'Sebastiano', 50, 33, '889-202-37'),
(62, 'Edwin Bene', 76, 436, '273-325-29'),
(63, 'Pier Lowth', 19, 946, '442-944-35'),
(64, 'Padget Hei', 67, 371, '940-337-23'),
(65, 'Melodie Ki', 72, 493, '187-839-27'),
(66, 'Constancia', 83, 268, '465-852-19'),
(67, 'Bernardo A', 45, 767, '863-612-58'),
(68, 'Shaun Jess', 39, 714, '378-148-02'),
(69, 'Lorant Now', 24, 324, '592-465-21'),
(70, 'Corey McCa', 85, 827, '450-868-93'),
(71, 'Ancell Man', 72, 477, '439-946-17'),
(72, 'Lorain Too', 24, 334, '589-890-98'),
(73, 'Winona Ohm', 57, 884, '924-714-11'),
(74, 'Carlen Akh', 82, 226, '774-310-80'),
(75, 'Myrlene Ed', 33, 229, '342-597-45'),
(76, 'Glennis Ol', 45, 893, '589-104-64'),
(77, 'Lanette Ot', 63, 930, '127-798-04'),
(78, 'Ula Moodey', 68, 657, '672-446-00'),
(79, 'Lyndsie De', 90, 185, '714-991-64'),
(80, 'Bo Helks', 46, 764, '578-292-38'),
(81, 'Keith O Ha', 53, 120, '415-788-11'),
(82, 'Chalmers S', 89, 831, '103-384-00'),
(83, 'Ethelyn Mo', 61, 779, '304-109-62'),
(84, 'Orbadiah P', 44, 436, '644-418-70'),
(85, 'Aubree Fow', 42, 988, '828-766-11'),
(86, 'Nolly Boic', 67, 107, '732-203-75'),
(87, 'Caesar Mar', 53, 443, '823-394-77'),
(88, 'Karoly Wat', 26, 163, '232-404-39'),
(89, 'Rikki Hizi', 73, 324, '970-670-63'),
(90, 'Helsa Ches', 64, 474, '419-166-22'),
(91, 'Henderson ', 47, 676, '449-113-19'),
(92, 'Barn Bruye', 65, 201, '621-589-89'),
(93, 'Eran Andry', 23, 696, '515-277-10'),
(94, 'Nalani Hav', 21, 144, '682-473-55'),
(95, 'Tiebold Ti', 70, 330, '904-467-31'),
(96, 'Clare Mart', 20, 306, '551-926-90'),
(97, 'Daisi Mart', 71, 615, '183-255-98'),
(98, 'Miquela Sa', 36, 100, '415-420-88'),
(99, 'Valentina ', 79, 787, '627-307-28'),
(100, 'Riane Dach', 20, 184, '658-701-25'),
(101, 'Austin Rut', 50, 291, '951-111-88'),
(102, 'Rafael Gem', 48, 154, '876-779-93'),
(103, 'Marshal Mi', 38, 583, '517-208-88'),
(104, 'Chane Ling', 28, 516, '563-986-89'),
(105, 'Dara Lett', 36, 520, '299-752-10'),
(106, 'Demetrius ', 19, 379, '503-266-94'),
(107, 'Madalena S', 42, 742, '385-957-59'),
(108, 'Blinnie Cr', 54, 479, '932-794-94'),
(109, 'Maurine La', 89, 489, '954-611-84'),
(110, 'Renae Stro', 87, 561, '770-461-63'),
(111, 'Mae Greenl', 50, 759, '571-344-94'),
(112, 'Darline El', 57, 559, '131-815-63'),
(113, 'Sherill Ku', 75, 21, '529-610-10'),
(114, 'Ricard Bot', 61, 571, '429-623-50'),
(115, 'Artair Gre', 89, 656, '946-178-85'),
(116, 'Daisey Poc', 18, 693, '661-693-19'),
(117, 'Carlyn Dud', 68, 644, '484-373-91'),
(118, 'Nancey War', 74, 257, '304-466-04'),
(119, 'Meridith Z', 73, 6, '129-441-42'),
(120, 'Mara Oppie', 25, 572, '599-364-78'),
(121, 'Gertie Jea', 57, 256, '940-363-16'),
(122, 'Renado Bar', 82, 878, '755-572-83'),
(123, 'Jens Ruhbe', 82, 347, '113-964-97'),
(124, 'Carr Le Bl', 65, 656, '784-328-62'),
(125, 'Else Indge', 27, 630, '389-787-40'),
(126, 'Tildi Pell', 66, 381, '186-685-66'),
(127, 'Hyacinth D', 47, 962, '773-909-94'),
(128, 'Sutton Hel', 19, 807, '175-684-74'),
(129, 'Rogerio Da', 69, 646, '707-153-22'),
(130, 'Mikol Holt', 61, 711, '410-794-84'),
(131, 'Nathalie L', 59, 77, '675-117-16'),
(132, 'Honor Cawt', 79, 581, '234-698-00'),
(133, 'Reiko Nass', 45, 995, '954-797-06'),
(134, 'Veronika Y', 28, 491, '410-441-03'),
(135, 'Roberta Ad', 27, 327, '587-459-97'),
(136, 'Rora Girar', 35, 277, '195-700-85'),
(137, 'Mikey Vola', 78, 710, '623-548-27'),
(138, 'Samson Min', 76, 558, '873-124-05'),
(139, 'Phillipp B', 59, 635, '191-893-80'),
(140, 'Darnell Ca', 76, 517, '787-524-06'),
(141, 'Lynnell Sh', 70, 936, '627-555-50'),
(142, 'Marnie Bla', 55, 806, '445-118-85'),
(143, 'Rivalee Ca', 61, 490, '387-192-74'),
(144, 'Fidel Cant', 46, 698, '310-860-89'),
(145, 'Aeriell Co', 46, 395, '630-483-34'),
(146, 'Regine Mol', 57, 662, '363-391-43'),
(147, 'Lem Cupitt', 33, 807, '517-793-00'),
(148, 'Delphinia ', 39, 530, '612-941-06'),
(149, 'Wildon Cha', 62, 657, '623-966-62'),
(150, 'Karlee McG', 73, 441, '265-392-41'),
(151, 'Grover Cus', 60, 715, '569-673-12'),
(152, 'Corabelle ', 77, 482, '496-192-01'),
(153, 'Maegan Gil', 88, 258, '584-289-10'),
(154, 'Felicdad H', 76, 27, '884-334-36'),
(155, 'Rey Collym', 49, 409, '913-641-26'),
(156, 'Sanson Cle', 25, 573, '377-790-89'),
(157, 'Heath Bruy', 89, 85, '290-789-63'),
(158, 'Tallie Out', 32, 347, '452-706-99'),
(159, 'Claiborn C', 72, 171, '504-140-63'),
(160, 'Tiebout Je', 21, 99, '522-476-58'),
(161, 'Jenny Howl', 63, 296, '700-247-46'),
(162, 'Yancy Dust', 78, 572, '829-335-68'),
(163, 'Abe Jenner', 50, 223, '835-230-02'),
(164, 'Ashlen Gor', 55, 143, '620-368-48'),
(165, 'Glendon Bu', 89, 216, '516-457-41'),
(166, 'Zonnya Gel', 48, 286, '551-384-38'),
(167, 'Joell Froo', 76, 786, '384-541-63'),
(168, 'Caroljean ', 42, 156, '936-774-96'),
(169, 'Mellicent ', 37, 646, '860-794-54'),
(170, 'Gypsy Bras', 41, 757, '397-371-91'),
(171, 'Astrid Sad', 58, 890, '811-318-92'),
(172, 'Kari McGra', 24, 139, '366-855-74'),
(173, 'Gan Bonhil', 22, 798, '810-842-77'),
(174, 'Aaren Deve', 78, 239, '291-996-83'),
(175, 'Demetri Mi', 45, 577, '128-799-18'),
(176, 'Carlin Iff', 26, 240, '766-697-09'),
(177, 'Dur Di Bia', 49, 672, '814-688-52'),
(178, 'Alfred Cla', 72, 499, '152-342-35'),
(179, 'Kyrstin Ch', 83, 297, '403-534-92'),
(180, 'Johnathan ', 78, 140, '642-465-78'),
(181, 'Elbertine ', 45, 726, '855-966-24'),
(182, 'Josepha Du', 48, 586, '936-972-74'),
(183, 'Tudor Vond', 71, 150, '522-569-05'),
(184, 'Wait De Gr', 81, 378, '222-689-37'),
(185, 'Lionello T', 83, 300, '500-619-02'),
(186, 'Maynord Al', 20, 810, '854-324-45'),
(187, 'Livvie Ban', 28, 634, '321-623-71'),
(188, 'Bambie Sca', 29, 700, '388-863-26'),
(189, 'Beryl Hitz', 78, 229, '232-726-80'),
(190, 'Adlai Howe', 74, 579, '439-363-03'),
(191, 'Angus Mewb', 84, 409, '474-801-92'),
(192, 'Vergil Sud', 58, 832, '848-108-79'),
(193, 'Trescha St', 27, 357, '195-510-13'),
(194, 'Hayyim Hea', 87, 302, '562-254-24'),
(195, 'Joceline B', 58, 213, '202-427-98'),
(196, 'Renata Fid', 36, 38, '590-703-83'),
(197, 'Ezmeralda ', 55, 777, '411-882-10'),
(198, 'Fernande P', 66, 204, '270-349-24'),
(199, 'Kate Bernh', 63, 259, '395-732-67'),
(200, 'Gleda Enst', 37, 103, '285-886-71'),
(201, 'Merwyn Mon', 37, 922, '916-644-47'),
(202, 'Manfred Ah', 46, 66, '775-815-92'),
(203, 'Mohandis B', 54, 401, '855-466-18'),
(204, 'Arty Krimm', 59, 95, '112-947-64'),
(205, 'Mateo Grou', 49, 580, '772-779-44'),
(206, 'Bastian Wo', 40, 101, '261-778-53'),
(207, 'Ketti Kind', 21, 554, '328-683-11'),
(208, 'Hailey McK', 76, 93, '191-822-04'),
(209, 'Correy Fis', 34, 7, '419-857-12'),
(210, 'Dick Boatw', 62, 289, '719-744-97'),
(211, 'Wendall Co', 76, 665, '223-678-43'),
(212, 'Griselda D', 75, 472, '185-677-71'),
(213, 'Kendricks ', 24, 188, '525-961-56'),
(214, 'Fanya Stum', 76, 853, '264-630-37'),
(215, 'Rutger Woo', 21, 541, '594-817-83'),
(216, 'Nolie Norw', 74, 71, '143-555-28'),
(217, 'Jocko Norv', 63, 281, '408-400-86'),
(218, 'Bernete Cr', 49, 950, '248-496-32'),
(219, 'Channa Whe', 61, 66, '262-803-80'),
(220, 'Darin Tobi', 54, 783, '827-594-88'),
(221, 'Kamila Mow', 83, 910, '823-143-21'),
(222, 'Carlotta M', 78, 421, '358-127-85'),
(223, 'Janna Smel', 90, 360, '938-131-26'),
(224, 'Rakel Chur', 83, 689, '714-890-24'),
(225, 'Cissy Brit', 73, 613, '759-934-29'),
(226, 'Auberon Do', 34, 551, '656-110-27'),
(227, 'Caressa Mc', 25, 807, '709-512-53'),
(228, 'Clea Gossa', 61, 299, '559-379-33'),
(229, 'Averyl Ajs', 43, 457, '121-579-16'),
(230, 'Frannie Ab', 60, 828, '139-203-75'),
(231, 'Adel Runac', 22, 776, '747-438-11'),
(232, 'Rene Varnh', 42, 782, '762-627-27'),
(233, 'Artie Wait', 35, 822, '214-879-13'),
(234, 'Delora Guy', 84, 477, '182-119-18'),
(235, 'Herculie G', 56, 947, '694-377-46'),
(236, 'Britt Clea', 89, 939, '822-833-77'),
(237, 'Prudence G', 25, 75, '975-933-51'),
(238, 'Fransisco ', 72, 821, '943-329-52'),
(239, 'Ignacio Fe', 28, 321, '429-760-57'),
(240, 'Kristofor ', 22, 407, '999-740-69'),
(241, 'Haven Chan', 57, 19, '277-798-45'),
(242, 'Odessa Nas', 74, 44, '438-324-92'),
(243, 'Standford ', 21, 197, '355-857-32'),
(244, 'Gustav Hyn', 61, 768, '930-841-93'),
(245, 'Ferd Sonne', 76, 681, '945-558-68'),
(246, 'Gabriela F', 42, 978, '709-878-72'),
(247, 'Perkin Ell', 66, 868, '406-110-61'),
(248, 'Joya Kuhle', 64, 436, '918-625-84'),
(249, 'Izaak Cuff', 42, 743, '566-106-68'),
(250, 'Fidelio Pr', 42, 325, '544-935-13'),
(251, 'Kelsey Tul', 46, 455, '767-206-67'),
(252, 'Derril Che', 69, 690, '808-499-19'),
(253, 'Tarah Avis', 57, 131, '132-778-34'),
(254, 'Artur Lodo', 70, 953, '649-711-85'),
(255, 'Binky Bede', 39, 246, '439-189-07'),
(256, 'Loree Stol', 84, 440, '801-543-69'),
(257, 'Sollie Pim', 32, 573, '383-861-77'),
(258, 'Monica Ber', 75, 816, '251-282-91'),
(259, 'Corey O He', 64, 249, '757-839-76'),
(260, 'Kattie Ahe', 38, 822, '129-909-71'),
(261, 'Lottie Rei', 36, 635, '346-242-27'),
(262, 'Zerk Webst', 56, 930, '376-510-49'),
(263, 'Silvana Va', 46, 255, '951-647-86'),
(264, 'Brana Meac', 90, 337, '827-251-39'),
(265, 'Abba Emeny', 23, 753, '289-501-58'),
(266, 'Shirlee Ac', 35, 522, '932-397-52'),
(267, 'Salim Epla', 30, 903, '764-160-58'),
(268, 'Laurens Be', 51, 50, '645-765-11'),
(269, 'Marice Bra', 89, 53, '896-691-97'),
(270, 'Egbert Hay', 62, 940, '166-212-55'),
(271, 'Shane Remo', 48, 117, '228-906-24'),
(272, 'Tobin Aube', 37, 259, '141-317-99'),
(273, 'Colas Ivac', 45, 843, '257-901-50'),
(274, 'Zelma Joys', 71, 640, '345-674-97'),
(275, 'Florencia ', 19, 561, '303-700-94'),
(276, 'Garrard Pa', 38, 266, '225-922-63'),
(277, 'Evvie Crat', 69, 614, '983-876-69'),
(278, 'Frasquito ', 83, 84, '484-355-32'),
(279, 'Antin Alli', 67, 414, '784-469-40'),
(280, 'Claudelle ', 71, 63, '477-637-88'),
(281, 'Roze Skarm', 39, 81, '433-394-09'),
(282, 'Jud Gummow', 87, 620, '973-150-36'),
(283, 'Hobey Cham', 39, 219, '729-238-45'),
(284, 'Kennie Bat', 25, 542, '577-936-41'),
(285, 'Humfrey Do', 32, 445, '656-238-23'),
(286, 'Bryn Spear', 31, 560, '160-450-21'),
(287, 'Purcell St', 35, 671, '341-977-83'),
(288, 'Marne Glan', 57, 868, '142-250-41'),
(289, 'Marrilee C', 80, 762, '464-162-71'),
(290, 'Mair Filip', 83, 208, '395-964-13'),
(291, 'Juanita Po', 89, 828, '643-504-62'),
(292, 'Averill Fr', 58, 140, '219-937-27'),
(293, 'Irene Duke', 46, 238, '768-133-37'),
(294, 'Mildrid Le', 41, 712, '847-879-02'),
(295, 'Mozelle Ph', 80, 873, '663-860-73'),
(296, 'Vin Kemmey', 19, 788, '378-319-56'),
(297, 'Lodovico F', 53, 853, '917-642-73'),
(298, 'Tye Gabbot', 60, 736, '667-397-23'),
(299, 'Emyle Bles', 79, 600, '143-655-88'),
(300, 'Kimball Da', 55, 846, '897-667-39'),
(301, 'Kaleena Ca', 72, 309, '736-399-57'),
(302, 'Enrika Map', 22, 83, '217-623-38'),
(303, 'Farand Sco', 53, 364, '123-930-91'),
(304, 'Carlie Kip', 20, 347, '106-556-76'),
(305, 'Letisha Sh', 62, 702, '457-285-44'),
(306, 'Karna Brea', 45, 496, '970-827-35'),
(307, 'Hewe Endic', 41, 217, '101-232-26'),
(308, 'Eachelle P', 46, 628, '417-282-64'),
(309, 'Hestia Ros', 87, 760, '482-189-19'),
(310, 'Christian ', 55, 201, '849-364-28'),
(311, 'Codie Flat', 73, 781, '984-260-43'),
(312, 'Berri Desh', 62, 46, '253-424-74'),
(313, 'Camilla Ra', 55, 605, '211-700-77'),
(314, 'Murdoch Be', 23, 901, '373-295-73'),
(315, 'Dredi De B', 23, 819, '569-915-17'),
(316, 'Kalle Fran', 47, 642, '341-329-22'),
(317, 'Iggy Dough', 82, 199, '455-371-36'),
(318, 'Kevyn Mary', 68, 249, '754-674-51'),
(319, 'Barbabas F', 25, 987, '510-397-15'),
(320, 'Byram Ruth', 41, 335, '401-424-82'),
(321, 'Janie Call', 77, 649, '509-246-48'),
(322, 'Benoit Phi', 72, 494, '886-418-09'),
(323, 'Thom Falve', 28, 197, '861-859-26'),
(324, 'Fran Lakin', 21, 491, '774-196-74'),
(325, 'Elinore Pi', 37, 729, '217-488-08'),
(326, 'Arabella S', 84, 804, '216-112-45'),
(327, 'Alana Shal', 77, 86, '872-667-61'),
(328, 'Cindy Corn', 44, 780, '253-873-30'),
(329, 'Cointon Ke', 57, 547, '307-629-48'),
(330, 'Saraann Mi', 30, 135, '234-549-72'),
(331, 'Bernelle T', 27, 345, '136-137-45'),
(332, 'Hayden Mca', 85, 439, '343-291-59'),
(333, 'Joshuah Fu', 43, 92, '465-769-81'),
(334, 'Winslow Cu', 76, 555, '793-895-36'),
(335, 'Chrissie K', 79, 79, '415-922-91'),
(336, 'Veronika F', 68, 391, '677-876-07'),
(337, 'Brew Whal', 44, 528, '864-480-21'),
(338, 'Tildi Mart', 60, 659, '157-382-91'),
(339, 'Myrtice Ai', 50, 733, '988-516-34'),
(340, 'Gauthier D', 56, 560, '422-536-50'),
(341, 'Ham Bullen', 29, 927, '838-731-82'),
(342, 'Carmella C', 74, 656, '717-785-46'),
(343, 'Ursala Sif', 60, 835, '213-833-55'),
(344, 'Julio Ivas', 57, 190, '975-807-70'),
(345, 'Brina Bets', 28, 144, '756-450-35'),
(346, 'Joachim Du', 45, 563, '171-459-87'),
(347, 'Lutero Som', 87, 42, '303-310-29'),
(348, 'Cordula Fo', 68, 140, '417-720-66'),
(349, 'Emelen Bry', 88, 106, '416-247-21'),
(350, 'Ruprecht C', 89, 445, '846-511-37'),
(351, 'Krishnah S', 82, 945, '740-892-49'),
(352, 'Jennica Br', 34, 747, '763-996-00'),
(353, 'Muire Skat', 24, 159, '724-883-28'),
(354, 'Debor Penr', 51, 87, '764-646-33'),
(355, 'Brenn Daic', 85, 828, '710-119-12'),
(356, 'Kincaid Du', 25, 365, '585-939-08'),
(357, 'Lenore Hil', 24, 450, '109-905-52'),
(358, 'Xever Jane', 85, 973, '629-440-60'),
(359, 'Sarge Task', 62, 685, '652-835-38'),
(360, 'Larine Cas', 73, 275, '754-372-86'),
(361, 'Brandice M', 80, 376, '343-320-12'),
(362, 'Melitta Fl', 29, 378, '545-845-44'),
(363, 'Teresina C', 90, 353, '315-835-10'),
(364, 'Aridatha D', 90, 453, '493-724-24'),
(365, 'Anett Gudg', 88, 992, '960-675-02'),
(366, 'Cassie Ril', 65, 371, '712-950-36'),
(367, 'Corbie Keu', 25, 735, '378-867-54'),
(368, 'Daveta Ren', 86, 271, '329-215-03'),
(369, 'Tomlin Iwa', 43, 137, '536-791-46'),
(370, 'Ignazio He', 43, 952, '632-575-47'),
(371, 'Tobey Daco', 56, 379, '678-260-20'),
(372, 'Sada Unger', 61, 656, '506-195-46'),
(373, 'Nicolea Fu', 67, 572, '272-684-20'),
(374, 'Raddie Bun', 18, 20, '787-715-44'),
(375, 'Vickie Edl', 74, 761, '309-584-99'),
(376, 'Micki Robb', 32, 414, '637-296-80'),
(377, 'Elias Somm', 62, 659, '314-153-27'),
(378, 'Greg Pendl', 56, 456, '614-722-22'),
(379, 'Burty Mega', 18, 294, '630-243-60'),
(380, 'Jessie Bya', 26, 260, '393-370-14'),
(381, 'Thane Broo', 54, 344, '173-663-55'),
(382, 'Alano Coke', 67, 91, '845-395-43'),
(383, 'Lindy McKe', 89, 671, '730-862-49'),
(384, 'Barbee Kie', 72, 911, '868-419-04'),
(385, 'Noak Backs', 18, 86, '166-864-24'),
(386, 'Dreddy Ped', 78, 885, '969-337-17'),
(387, 'Trever Tar', 71, 418, '431-701-63'),
(388, 'Di Baynham', 90, 810, '858-602-31'),
(389, 'Brion Burl', 75, 221, '430-369-62'),
(390, 'Perceval C', 27, 838, '350-476-64'),
(391, 'Kimball Sc', 18, 219, '327-611-52'),
(392, 'Boone Salm', 35, 936, '412-673-27'),
(393, 'Valma Trip', 87, 785, '877-516-36'),
(394, 'Carissa Co', 90, 217, '323-758-01'),
(395, 'Wait Latte', 34, 655, '602-359-48'),
(396, 'Benny O Cr', 39, 426, '734-228-52'),
(397, 'Ryley Catc', 88, 667, '702-637-26'),
(398, 'Alexina Fe', 86, 808, '842-307-93'),
(399, 'Sally Hand', 77, 749, '385-764-73'),
(400, 'Beverly Bo', 52, 727, '233-775-72'),
(401, 'Vania Winc', 61, 51, '155-527-58'),
(402, 'Buckie Ell', 71, 655, '119-723-86'),
(403, 'Rasla MacI', 47, 343, '753-235-88'),
(404, 'Erie Tatte', 45, 581, '825-484-85'),
(405, 'Faber Clar', 87, 965, '246-126-81'),
(406, 'Van Friedl', 37, 524, '605-776-59'),
(407, 'Koenraad C', 90, 179, '760-601-38'),
(408, 'Tuckie Vas', 36, 351, '951-148-85'),
(409, 'Tricia Cro', 22, 178, '480-508-38'),
(410, 'Yetta Chip', 65, 85, '877-678-18'),
(411, 'Noland Paq', 24, 146, '880-681-76'),
(412, 'Heidie Spr', 78, 66, '224-410-97'),
(413, 'Emelyne Pa', 45, 670, '784-673-19'),
(414, 'Marjorie L', 38, 648, '869-844-96'),
(415, 'Dwayne Mac', 43, 940, '730-769-39'),
(416, 'Hope Neesa', 37, 866, '106-767-60'),
(417, 'Caleb Leve', 40, 945, '705-703-63'),
(418, 'Randy holm', 69, 826, '962-120-93'),
(419, 'Ernestine ', 43, 347, '143-273-04'),
(420, 'Herbie Ric', 32, 511, '339-357-55'),
(421, 'Bengt Adam', 78, 717, '552-181-51'),
(422, 'Anetta Lil', 48, 925, '520-709-56'),
(423, 'Camilla Jo', 75, 756, '990-303-05'),
(424, 'Megan McCo', 36, 723, '268-748-53'),
(425, 'Tonie Yter', 78, 177, '946-844-66'),
(426, 'Krystalle ', 28, 552, '208-441-07'),
(427, 'Kariotta L', 30, 382, '516-993-62'),
(428, 'Titos Syde', 73, 986, '645-194-53'),
(429, 'Rita Lared', 40, 53, '966-806-95'),
(430, 'Aimil Whit', 52, 379, '587-897-81'),
(431, 'Shari Vall', 27, 525, '883-949-34'),
(432, 'Curr Shorb', 82, 979, '841-303-96'),
(433, 'Noach Dela', 52, 792, '524-658-80'),
(434, 'Marisa Tea', 33, 178, '531-105-08'),
(435, 'Abbe Allan', 33, 417, '396-428-85'),
(436, 'Asa Cassid', 64, 129, '106-928-43'),
(437, 'Astra Yett', 66, 484, '921-800-30'),
(438, 'Lorettalor', 57, 794, '870-809-09'),
(439, 'Valma Wagg', 76, 659, '690-755-85'),
(440, 'Currie All', 57, 138, '798-645-12'),
(441, 'Jessalin H', 70, 221, '649-215-55'),
(442, 'Rem Rubino', 72, 975, '818-541-11'),
(443, 'Karrah Roo', 32, 244, '374-951-10'),
(444, 'Garwood Sz', 76, 976, '949-112-23'),
(445, 'Coleman Ca', 61, 954, '379-681-67'),
(446, 'Marga Newi', 37, 913, '918-119-84'),
(447, 'Barney Nel', 22, 679, '412-769-75'),
(448, 'Rafaello O', 19, 919, '875-572-88'),
(449, 'Pandora Pa', 87, 665, '906-992-00'),
(450, 'Coriss Dum', 70, 264, '165-441-22'),
(451, 'Andy Burre', 83, 930, '120-100-16'),
(452, 'Regen Plew', 70, 554, '234-197-69'),
(453, 'Aubry West', 53, 183, '956-644-80'),
(454, 'Aharon Gri', 28, 14, '310-650-71'),
(455, 'Gus Spier', 46, 484, '796-794-63'),
(456, 'Merrile We', 22, 20, '796-996-44'),
(457, 'Annadiana ', 40, 72, '627-214-05'),
(458, 'Deirdre Ti', 45, 686, '293-800-53'),
(459, 'Denice O H', 23, 255, '412-946-54'),
(460, 'Wadsworth ', 24, 363, '171-456-46'),
(461, 'Correy Den', 63, 416, '251-847-29'),
(462, 'Bernie Joh', 49, 595, '691-188-59'),
(463, 'Miltie Row', 88, 344, '317-752-75'),
(464, 'Crysta Dob', 18, 617, '689-543-19'),
(465, 'Ninnette F', 79, 97, '333-104-56'),
(466, 'Emmeline K', 51, 720, '429-851-34'),
(467, 'Olympia Sh', 46, 959, '230-994-49'),
(468, 'Erl Phethe', 60, 830, '279-992-06'),
(469, 'Stern Legg', 60, 676, '392-622-58'),
(470, 'Denise Par', 83, 970, '864-140-66'),
(471, 'Meade Bolt', 75, 903, '374-970-31'),
(472, 'Timmi Rube', 69, 350, '617-139-62'),
(473, 'Freeland B', 62, 295, '999-241-12'),
(474, 'Sarina Lea', 75, 720, '491-896-67'),
(475, 'Gennie Bel', 81, 940, '721-694-91'),
(476, 'Olga Scran', 57, 877, '549-242-83'),
(477, 'Jessika Ea', 60, 951, '869-814-06'),
(478, 'Putnam Fai', 31, 436, '899-265-53'),
(479, 'Seth Botwr', 53, 636, '272-867-24'),
(480, 'Celene Fre', 35, 77, '305-584-56'),
(481, 'Vic McGee', 44, 630, '769-922-94'),
(482, 'Abra Phipp', 67, 976, '209-252-97'),
(483, 'Saunder Ch', 41, 917, '109-559-59'),
(484, 'Glenn Balh', 64, 683, '792-885-72'),
(485, 'Mark Gorna', 41, 433, '878-331-09'),
(486, 'Errol Bour', 29, 775, '329-161-56'),
(487, 'Benedikta ', 83, 188, '767-196-47'),
(488, 'Sauncho Fe', 20, 397, '708-913-97'),
(489, 'Aldwin Pri', 68, 431, '936-390-62'),
(490, 'Lorne Toml', 32, 345, '816-921-14'),
(491, 'Jonis Petr', 83, 45, '640-949-31'),
(492, 'Hedvig Ger', 58, 342, '916-262-04'),
(493, 'Goddard Pa', 82, 417, '380-163-47'),
(494, 'Beale Badd', 22, 508, '107-100-06'),
(495, 'Katey Mc I', 78, 418, '304-698-51'),
(496, 'Upton Jear', 62, 816, '283-480-59'),
(497, 'Steward Mo', 18, 938, '308-825-30'),
(498, 'Janot Trea', 49, 49, '847-901-55'),
(499, 'Rory Coysh', 29, 607, '146-282-61'),
(500, 'Jakie Cutt', 59, 829, '247-609-44'),
(501, 'Leonard Mc', 46, 289, '770-711-49'),
(502, 'Kippar Lei', 52, 615, '119-129-09'),
(503, 'Augustine ', 30, 307, '622-917-82'),
(504, 'Fayette De', 18, 810, '890-999-00'),
(505, 'Ronny Reig', 42, 327, '234-395-80'),
(506, 'Cornelius ', 24, 620, '696-571-98'),
(507, 'Mace Caril', 59, 850, '497-644-59'),
(508, 'Frederico ', 69, 448, '150-383-89'),
(509, 'Maggie Rat', 79, 473, '104-324-42'),
(510, 'Callie Net', 77, 371, '328-773-94'),
(511, 'Cicely Kun', 65, 129, '843-462-41'),
(512, 'Carolyn O ', 21, 114, '294-692-42'),
(513, 'Diane-mari', 61, 834, '218-211-72'),
(514, 'Denney Whi', 60, 251, '600-441-82'),
(515, 'Rawley Add', 36, 261, '598-258-81'),
(516, 'Allyce Cam', 56, 752, '944-701-27'),
(517, 'Rena Niblo', 68, 766, '425-407-28'),
(518, 'Vittorio M', 90, 378, '117-928-47'),
(519, 'Corina Tof', 84, 382, '799-537-81'),
(520, 'Mozelle Th', 46, 429, '398-930-65'),
(521, 'Johan Winb', 82, 694, '789-938-35'),
(522, 'Ariel Tear', 67, 15, '859-583-04'),
(523, 'Upton Teal', 67, 658, '819-267-88'),
(524, 'Ignaz Govi', 36, 535, '254-853-34'),
(525, 'Meyer Grig', 72, 665, '308-297-89'),
(526, 'Bernette M', 84, 325, '696-529-62'),
(527, 'Patrice Ba', 42, 652, '652-672-34'),
(528, 'Farrand Gr', 46, 880, '299-839-06'),
(529, 'Benedikta ', 56, 215, '955-931-37'),
(530, 'Nikoletta ', 29, 992, '624-190-26'),
(531, 'Garwood Go', 32, 413, '203-651-46'),
(532, 'Jennie Zan', 33, 252, '326-576-04'),
(533, 'Grantley F', 29, 344, '675-229-79'),
(534, 'Ninnette H', 65, 673, '994-527-73'),
(535, 'Brett Ance', 78, 308, '913-631-93'),
(536, 'Danella St', 87, 523, '715-480-06'),
(537, 'Junette Wo', 70, 48, '317-212-48'),
(538, 'Sebastian ', 65, 168, '243-156-00'),
(539, 'Craggie Pa', 80, 156, '623-895-88'),
(540, 'Steffane F', 55, 762, '959-199-43'),
(541, 'Cy Saintea', 55, 575, '713-831-98'),
(542, 'Katrina Br', 57, 488, '332-902-64'),
(543, 'Rolfe Clym', 67, 307, '835-629-54'),
(544, 'Quinn Griz', 81, 220, '136-364-12'),
(545, 'Marsh Byk', 18, 155, '416-551-94'),
(546, 'Valeria Cr', 79, 151, '874-322-54'),
(547, 'Hillie For', 39, 3, '867-433-35'),
(548, 'Izaak Alfo', 77, 646, '661-985-44'),
(549, 'Dene Breed', 70, 330, '612-277-92'),
(550, 'Graeme Cor', 82, 758, '357-541-62'),
(551, 'Eadie Dowe', 30, 980, '136-740-38'),
(552, 'Aymer Gazz', 26, 463, '776-567-63'),
(553, 'Karney Cor', 87, 956, '573-834-68'),
(554, 'Luis Larci', 24, 705, '326-119-54'),
(555, 'Kamila Til', 20, 200, '741-407-75'),
(556, 'Elli Alder', 54, 958, '235-231-49'),
(557, 'Fulton Wal', 70, 309, '958-385-41'),
(558, 'Kirbie Far', 24, 78, '669-427-55'),
(559, 'Sherry Lig', 24, 875, '954-766-43'),
(560, 'Papagena N', 24, 986, '771-574-81'),
(561, 'Hughie Ans', 63, 705, '225-351-31'),
(562, 'Gay Jenks', 37, 328, '405-125-23'),
(563, 'Carleton B', 41, 532, '767-192-54'),
(564, 'Goran Aube', 19, 169, '517-570-86'),
(565, 'Marcus Zor', 65, 675, '583-231-27'),
(566, 'Heleneliza', 59, 166, '248-358-33'),
(567, 'Yehudit Da', 68, 554, '915-644-54'),
(568, 'Yolanda Se', 68, 101, '563-240-27'),
(569, 'Kendal Han', 81, 972, '138-241-99'),
(570, 'Fidel Parm', 73, 969, '854-537-36'),
(571, 'Othelia Ho', 52, 28, '312-219-05'),
(572, 'Chiarra Eg', 85, 879, '787-334-41'),
(573, 'Julianne M', 48, 945, '118-989-78'),
(574, 'Gisela Shi', 46, 837, '600-753-07'),
(575, 'Kordula Sa', 25, 67, '981-116-88'),
(576, 'Denny McGe', 30, 655, '699-638-13'),
(577, 'Paola Timl', 68, 867, '975-235-08'),
(578, 'Kerstin El', 38, 898, '760-374-96'),
(579, 'Allen Ivan', 44, 63, '758-377-04'),
(580, 'Ferdinande', 21, 638, '660-567-80'),
(581, 'Fabe Meins', 61, 361, '802-852-58'),
(582, 'Caddric Bo', 69, 413, '596-473-13'),
(583, 'Adrianna S', 64, 985, '116-187-54'),
(584, 'Krisha Kle', 59, 706, '795-598-62'),
(585, 'Merv Achro', 49, 155, '389-537-81'),
(586, 'Auberta Pe', 35, 241, '138-205-97'),
(587, 'Cheston Je', 65, 200, '959-521-06'),
(588, 'Adlai Shyr', 52, 585, '660-397-71'),
(589, 'Merrel Rub', 58, 979, '594-487-01'),
(590, 'Rodolphe O', 43, 11, '195-304-78'),
(591, 'Ginger Fen', 25, 559, '397-787-73'),
(592, 'Earle Roos', 50, 864, '463-551-04'),
(593, 'Bert Burle', 77, 803, '793-984-33'),
(594, 'Molly Durn', 63, 836, '861-750-73'),
(595, 'Idalina Mi', 30, 575, '452-143-64'),
(596, 'Dalia Folt', 24, 248, '709-848-49'),
(597, 'Lazare Plu', 47, 893, '388-960-30'),
(598, 'Estelle Bo', 83, 138, '204-970-58'),
(599, 'Heath Janc', 62, 466, '879-654-93'),
(600, 'Lidia Bodo', 61, 945, '585-960-11'),
(601, 'Joan Shurl', 65, 648, '970-130-27'),
(602, 'Preston Bi', 32, 63, '388-500-87'),
(603, 'Bryn Jindr', 40, 404, '508-381-54'),
(604, 'Selena Cat', 58, 251, '251-553-23'),
(605, 'Rudolfo Sh', 34, 464, '339-434-62'),
(606, 'Moyna Ming', 28, 377, '424-943-07'),
(607, 'Beatrix Wa', 26, 306, '499-436-49'),
(608, 'Gal Catter', 82, 128, '988-363-12'),
(609, 'Charisse L', 65, 688, '866-441-88'),
(610, 'Marita Sel', 60, 499, '545-849-81'),
(611, 'Bebe Fouca', 76, 336, '184-151-73'),
(612, 'Lurline Ri', 65, 234, '639-571-49'),
(613, 'Solly Goac', 85, 639, '202-997-87'),
(614, 'Emilio Mes', 27, 832, '444-950-25'),
(615, 'Keary Rogg', 64, 789, '421-499-90'),
(616, 'Torrin Dew', 40, 342, '790-554-07'),
(617, 'Ernestus P', 47, 106, '259-764-43'),
(618, 'Lauri Huls', 57, 780, '842-386-89'),
(619, 'Milka Darr', 76, 943, '323-448-76'),
(620, 'Vincenty P', 89, 720, '408-468-45'),
(621, 'Marketa Lu', 81, 410, '750-622-12'),
(622, 'Nicholas D', 24, 23, '126-183-80'),
(623, 'Heddie Mar', 69, 749, '417-213-29'),
(624, 'Marilin Bu', 38, 220, '323-206-93'),
(625, 'Carroll Lo', 40, 781, '454-866-19'),
(626, 'Renata Sco', 48, 870, '259-767-95'),
(627, 'Burnaby Tr', 71, 785, '273-870-19'),
(628, 'Nikki Klem', 27, 786, '950-129-68'),
(629, 'Lyndsay Ch', 50, 75, '354-178-89'),
(630, 'Frederique', 74, 178, '975-216-70'),
(631, 'Den Creane', 72, 563, '627-992-35'),
(632, 'Corliss Zm', 60, 158, '461-445-47'),
(633, 'Illa Bavri', 54, 991, '809-161-53'),
(634, 'Fulvia Sam', 39, 921, '778-809-95'),
(635, 'Jerome Nov', 88, 752, '913-998-05'),
(636, 'Ivar Elwyn', 31, 463, '578-501-59'),
(637, 'Stacy Eale', 55, 28, '335-467-15'),
(638, 'Reynold So', 52, 943, '268-124-96'),
(639, 'Eleonore B', 48, 483, '440-139-75'),
(640, 'Nada Prows', 53, 56, '725-812-37'),
(641, 'Darby Tins', 68, 761, '618-479-19'),
(642, 'Cheryl Hol', 58, 896, '231-311-41'),
(643, 'Bebe Darce', 70, 26, '421-719-28'),
(644, 'Mortimer B', 54, 571, '869-980-65'),
(645, 'Mark Fold', 69, 40, '849-260-60'),
(646, 'Cece Aleno', 82, 883, '379-472-97'),
(647, 'Ophelia Pe', 32, 173, '472-842-95'),
(648, 'Torrance V', 45, 84, '202-208-24'),
(649, 'Engracia T', 38, 497, '530-749-16'),
(650, 'Tonie Bros', 26, 77, '978-180-10'),
(651, 'Serge Dall', 23, 917, '884-728-34'),
(652, 'Gannie Dam', 26, 234, '431-450-20'),
(653, 'Vern Lympe', 80, 927, '531-737-81'),
(654, 'Martin Vau', 28, 252, '139-407-04'),
(655, 'Cherry Kli', 30, 574, '733-331-20'),
(656, 'Rozamond S', 30, 517, '708-558-86'),
(657, 'Mozes Fedd', 27, 95, '486-159-53'),
(658, 'Zebulon Ni', 31, 271, '626-859-34'),
(659, 'Christos D', 64, 2, '245-784-69'),
(660, 'Brietta Pr', 76, 644, '138-405-84'),
(661, 'Brade Crim', 48, 481, '702-130-59'),
(662, 'Ann-marie ', 56, 932, '314-526-16'),
(663, 'Lucienne I', 66, 505, '490-416-97'),
(664, 'Niels Saps', 42, 398, '919-792-19'),
(665, 'Terri-jo D', 28, 165, '760-333-06'),
(666, 'Sollie Dup', 56, 961, '876-806-97'),
(667, 'Pincas Emm', 68, 744, '682-179-87'),
(668, 'Mikaela Ma', 46, 415, '647-796-86'),
(669, 'Abigael Da', 60, 958, '405-888-15'),
(670, 'Kaine Kiel', 41, 910, '829-907-88'),
(671, 'Florina El', 73, 638, '604-335-88'),
(672, 'Stormy Mou', 65, 821, '217-537-53'),
(673, 'Desi Sembe', 75, 4, '845-671-00'),
(674, 'Fanchette ', 69, 8, '932-987-34'),
(675, 'Meier Good', 24, 995, '143-716-70'),
(676, 'Lexi Feehe', 27, 703, '259-134-88'),
(677, 'Dre Cluett', 53, 52, '788-448-50'),
(678, 'Jarrod Pol', 90, 904, '109-392-57'),
(679, 'Zelda Grov', 74, 233, '108-264-62'),
(680, 'Dalston Ci', 88, 80, '845-262-78'),
(681, 'Giovanna B', 36, 688, '333-959-43'),
(682, 'Terrell Wh', 43, 335, '780-372-50'),
(683, 'Julian Bri', 65, 722, '902-405-89'),
(684, 'Urbanus Bu', 33, 836, '613-784-62'),
(685, 'Osbert Boo', 44, 52, '777-119-26'),
(686, 'Tulley Gus', 86, 424, '153-113-85'),
(687, 'Roby Kello', 42, 898, '792-676-19'),
(688, 'Griz Holli', 89, 719, '399-685-63'),
(689, 'Robinson B', 61, 653, '709-356-72'),
(690, 'Rusty Tann', 73, 12, '688-791-93'),
(691, 'Giraldo Be', 74, 233, '953-638-50'),
(692, 'Dennis Pai', 30, 257, '641-533-31'),
(693, 'Calli Birk', 86, 583, '294-981-75'),
(694, 'Amabelle F', 37, 750, '149-257-75'),
(695, 'Kally Gain', 87, 151, '682-959-48'),
(696, 'Umberto Eg', 67, 256, '261-713-06'),
(697, 'Luz Patel', 62, 847, '490-549-05'),
(698, 'Novelia Br', 89, 549, '254-219-66'),
(699, 'Wyatan Hul', 70, 352, '419-657-71'),
(700, 'Dyana Chad', 62, 107, '571-764-22'),
(701, 'Marni Tand', 90, 123, '616-734-85'),
(702, 'Urbain Lor', 46, 352, '426-225-76'),
(703, 'Otho Hexha', 57, 773, '884-919-21'),
(704, 'Shela Sand', 90, 190, '227-891-71'),
(705, 'Peggy Skir', 38, 476, '264-571-73'),
(706, 'Hadlee Iva', 67, 654, '208-633-59'),
(707, 'Matthew Du', 53, 548, '714-814-77'),
(708, 'Denys Alwe', 83, 569, '277-652-00'),
(709, 'Art Cobble', 85, 814, '221-552-25'),
(710, 'Ronny Payn', 26, 298, '751-914-00'),
(711, 'Juliane Ga', 84, 626, '469-391-03'),
(712, 'Julia Allw', 84, 142, '694-868-56'),
(713, 'Deirdre Pr', 46, 957, '260-781-08'),
(714, 'Kathrine G', 44, 382, '750-503-60'),
(715, 'Florella L', 26, 124, '894-973-05'),
(716, 'Rob Duffil', 49, 68, '159-864-22'),
(717, 'Fidel Blax', 70, 638, '137-264-31'),
(718, 'Clem Cubbi', 44, 448, '970-922-84'),
(719, 'Teressa Va', 78, 322, '305-510-57'),
(720, 'Gay Giacob', 64, 881, '732-331-39'),
(721, 'Calida Hub', 36, 144, '746-423-31'),
(722, 'Gregoire B', 59, 990, '677-302-84'),
(723, 'Irv Dorken', 90, 803, '698-733-74'),
(724, 'Winthrop G', 80, 128, '720-910-96'),
(725, 'Bevin Foot', 43, 310, '844-948-61'),
(726, 'Karita Fra', 39, 84, '874-664-48'),
(727, 'Rakel Adna', 32, 219, '439-119-02'),
(728, 'Odilia Bra', 28, 817, '671-827-59'),
(729, 'Price Cast', 88, 955, '467-541-74'),
(730, 'Toby Knive', 61, 160, '637-818-80'),
(731, 'Barton Dat', 75, 608, '603-135-73'),
(732, 'Mariann Ha', 72, 631, '662-761-19'),
(733, 'Gunar Boga', 18, 743, '741-327-09'),
(734, 'Bev Biaset', 34, 565, '204-641-99'),
(735, 'Adina Luce', 38, 817, '536-794-88'),
(736, 'Barrett In', 80, 1000, '440-447-68'),
(737, 'Standford ', 66, 608, '869-121-31'),
(738, 'Moses Finb', 72, 168, '686-621-60'),
(739, 'Andeee Rod', 70, 478, '602-660-66'),
(740, 'Pet Huckst', 80, 922, '250-634-65'),
(741, 'Morgan Ond', 61, 320, '867-463-92'),
(742, 'Baron De D', 67, 5, '569-859-19'),
(743, 'Allyce Chr', 28, 896, '595-250-48'),
(744, 'Ofella Cas', 63, 859, '357-805-62'),
(745, 'Meredith K', 71, 435, '998-300-72'),
(746, 'Neel O Cor', 63, 950, '293-380-40'),
(747, 'Lemmie Wha', 64, 953, '958-390-64'),
(748, 'Roman Sant', 52, 475, '172-703-53'),
(749, 'Jobye Doro', 67, 132, '402-520-25'),
(750, 'Ailbert Du', 60, 358, '425-534-28'),
(751, 'Morten Lep', 54, 103, '930-183-06'),
(752, 'Crissie Pe', 74, 881, '835-392-13'),
(753, 'Gustave Hu', 65, 9, '828-663-84'),
(754, 'Suellen Pr', 59, 796, '493-143-99'),
(755, 'Tilly Pinc', 56, 491, '462-676-93'),
(756, 'Cob Brande', 81, 295, '743-150-49'),
(757, 'Vita Fley', 76, 817, '845-981-33'),
(758, 'Robin Hamb', 31, 882, '862-871-66'),
(759, 'Lamond Dum', 64, 979, '666-182-27'),
(760, 'Blanch Sha', 56, 425, '339-214-51'),
(761, 'Shea Taven', 86, 880, '414-444-96'),
(762, 'Genni Bisk', 78, 510, '136-121-24'),
(763, 'Micky Adam', 53, 560, '181-765-02'),
(764, 'Wyatan Wal', 24, 856, '331-936-05'),
(765, 'Skyler Ahr', 44, 677, '643-750-28'),
(766, 'Lloyd Vank', 87, 934, '740-368-80'),
(767, 'Stanley Pe', 48, 422, '221-614-13'),
(768, 'Libbi Hait', 84, 498, '378-753-98'),
(769, 'Ricard Gau', 79, 408, '136-417-51'),
(770, 'Chester Cr', 56, 707, '673-697-58'),
(771, 'Carolee Pr', 20, 732, '747-445-97'),
(772, 'Tamma Gira', 18, 677, '335-119-21'),
(773, 'Maryanne R', 47, 617, '453-362-72'),
(774, 'Darrell Re', 59, 80, '621-870-28'),
(775, 'Ettie Avra', 36, 726, '695-779-12'),
(776, 'Maryjane W', 38, 814, '802-585-11'),
(777, 'Carmencita', 41, 118, '524-739-28'),
(778, 'Tanney Cra', 46, 905, '556-972-52'),
(779, 'Emalee Bac', 49, 534, '686-877-85'),
(780, 'Gamaliel W', 63, 926, '379-386-69'),
(781, 'Town Purri', 54, 546, '551-734-38'),
(782, 'Goldia Haz', 72, 961, '113-863-06'),
(783, 'Sella Gull', 71, 659, '345-222-30'),
(784, 'Roseanne G', 73, 319, '763-835-94'),
(785, 'Dunc McDon', 31, 975, '630-409-32'),
(786, 'Gottfried ', 55, 686, '417-178-48'),
(787, 'Livvy Das', 19, 604, '197-798-48'),
(788, 'Farris Bet', 47, 611, '221-728-64'),
(789, 'Michele Du', 62, 805, '864-528-75'),
(790, 'Milissent ', 52, 594, '810-828-76'),
(791, 'Phyllis Th', 46, 10, '135-665-08'),
(792, 'Michaela S', 49, 625, '632-338-71'),
(793, 'Tuck Ottle', 82, 763, '754-158-12'),
(794, 'Dyna Lockl', 72, 869, '209-826-00'),
(795, 'Amargo Mar', 89, 320, '772-216-11'),
(796, 'Lazare Coo', 46, 440, '159-548-96'),
(797, 'Margarita ', 75, 433, '964-702-57'),
(798, 'Joya Ellet', 45, 709, '118-868-53'),
(799, 'Molli Load', 45, 173, '279-648-89'),
(800, 'Michelina ', 77, 292, '210-746-23'),
(801, 'Delbert Ye', 70, 411, '940-252-42'),
(802, 'Hendrik Ch', 36, 616, '543-190-08'),
(803, 'Bentley Py', 37, 747, '323-286-99'),
(804, 'Franni Col', 30, 294, '108-910-50'),
(805, 'Petronilla', 19, 21, '516-343-02'),
(806, 'Koren Chal', 86, 105, '114-129-16'),
(807, 'Kurt Haber', 20, 130, '242-364-18'),
(808, 'Rene Defri', 74, 382, '190-967-97'),
(809, 'Aubrey Con', 60, 897, '848-227-71'),
(810, 'Sianna Mac', 65, 369, '710-394-55'),
(811, 'Wittie Cop', 18, 943, '152-916-17'),
(812, 'Sarina Fal', 81, 763, '490-900-53'),
(813, 'Thorin Bro', 62, 120, '231-185-97'),
(814, 'Shaughn St', 49, 824, '459-866-03'),
(815, 'Yvor Tute', 84, 793, '279-403-41'),
(816, 'Kenneth De', 82, 918, '907-355-91'),
(817, 'Yorker Mat', 55, 641, '902-653-88'),
(818, 'Artie Robe', 40, 229, '993-120-69'),
(819, 'Leela Ross', 74, 43, '632-476-22'),
(820, 'Evyn Pendr', 87, 953, '262-486-01'),
(821, 'Joelly Lor', 62, 919, '554-676-58'),
(822, 'Hedwig McG', 72, 138, '443-884-90'),
(823, 'Seana Nowa', 27, 500, '645-760-17'),
(824, 'Barri Ambr', 88, 796, '105-774-48'),
(825, 'Mellicent ', 54, 167, '299-328-70'),
(826, 'Sharia Kea', 77, 822, '972-304-91'),
(827, 'Arlie Samm', 33, 82, '980-617-88'),
(828, 'Lonny Stan', 22, 463, '797-480-54'),
(829, 'Nevile Lam', 80, 625, '138-576-43'),
(830, 'Carmel Pen', 72, 526, '328-132-76'),
(831, 'Raleigh Wi', 37, 133, '254-304-25'),
(832, 'Shea Coven', 61, 583, '457-809-26'),
(833, 'Collete Ru', 81, 546, '838-441-80'),
(834, 'Horace Geo', 29, 759, '929-741-61'),
(835, 'Junette Cl', 84, 528, '371-541-47'),
(836, 'Gardner Be', 80, 105, '365-942-81'),
(837, 'Anita Baro', 48, 405, '789-429-04'),
(838, 'Daniella M', 65, 365, '103-368-00'),
(839, 'Benoit Dow', 81, 372, '111-466-49'),
(840, 'Bartholome', 42, 274, '752-937-40'),
(841, 'Brandise P', 56, 192, '754-394-06'),
(842, 'Keenan Ban', 29, 191, '410-617-94'),
(843, 'Laura Wrig', 37, 696, '898-819-91'),
(844, 'Giselbert ', 58, 12, '771-195-77'),
(845, 'Rudolf Luc', 38, 221, '822-166-52'),
(846, 'Gina Flott', 30, 13, '655-649-00'),
(847, 'Hollis McK', 84, 663, '323-339-28'),
(848, 'Dell Roden', 47, 548, '216-157-35'),
(849, 'Reggie Pad', 86, 524, '472-527-23'),
(850, 'Coreen Len', 60, 427, '486-363-67'),
(851, 'Lynne Benj', 28, 842, '201-448-74'),
(852, 'Joyce Fran', 43, 964, '339-686-56'),
(853, 'Rabbi Dowg', 34, 850, '190-459-54'),
(854, 'Dolf Spino', 62, 931, '511-833-55'),
(855, 'Crystal Be', 46, 52, '525-941-48'),
(856, 'Pepillo Sw', 56, 210, '880-237-23'),
(857, 'Winnah Geo', 32, 107, '507-325-37'),
(858, 'Adelheid C', 21, 148, '162-423-98'),
(859, 'Genvieve D', 46, 439, '493-197-77'),
(860, 'Gunter Gan', 83, 429, '696-554-58'),
(861, 'Marika Gra', 27, 603, '117-976-16'),
(862, 'Alena Conw', 86, 316, '187-810-44'),
(863, 'Bambi Brig', 67, 708, '911-905-08'),
(864, 'Rick Guiso', 69, 715, '367-419-09'),
(865, 'Mathian Wa', 50, 945, '184-244-66'),
(866, 'Matthew Co', 72, 396, '418-608-79'),
(867, 'Berk Woodf', 79, 550, '526-517-19'),
(868, 'Miguel Rub', 75, 893, '735-602-95'),
(869, 'Val Burgon', 39, 253, '227-789-97'),
(870, 'Christean ', 57, 332, '957-931-60'),
(871, 'Jarrod Cas', 41, 965, '948-682-83'),
(872, 'Jayme Guin', 67, 475, '199-830-50'),
(873, 'Ignazio Ca', 86, 656, '538-869-77'),
(874, 'Berti Kerm', 61, 91, '270-937-10'),
(875, 'Ced Moyer', 35, 873, '321-792-39'),
(876, 'Constantin', 64, 752, '817-117-61'),
(877, 'Augusto Wh', 27, 561, '727-663-39'),
(878, 'Dwain Suth', 39, 810, '338-718-55'),
(879, 'Abramo Fou', 46, 741, '374-593-89'),
(880, 'Katey Midd', 41, 457, '752-165-71'),
(881, 'Lotte Kerr', 55, 387, '931-135-43'),
(882, 'Alaster Du', 87, 116, '999-947-08'),
(883, 'Cyb Reeves', 43, 642, '713-123-47'),
(884, 'Cordula Dy', 42, 568, '652-688-26'),
(885, 'Rebeca Sol', 20, 773, '407-631-81'),
(886, 'Kristy Gri', 88, 801, '675-835-02'),
(887, 'Jenine Ass', 28, 686, '763-263-95'),
(888, 'Netti Lend', 18, 496, '907-987-13'),
(889, 'Sonja Wors', 44, 90, '548-795-97'),
(890, 'Marthena V', 50, 718, '701-505-78'),
(891, 'Dalila Kab', 49, 297, '893-753-77'),
(892, 'Hesther Hu', 64, 789, '448-121-78'),
(893, 'Agata Urre', 73, 800, '671-633-59'),
(894, 'Leanor Met', 70, 178, '252-994-17'),
(895, 'Faun Bridd', 41, 746, '240-679-37'),
(896, 'Jemimah Da', 60, 173, '769-386-83'),
(897, 'Estelle Ha', 78, 938, '439-164-24'),
(898, 'Durward Ni', 84, 719, '446-542-00'),
(899, 'Trude Matu', 29, 22, '774-600-03'),
(900, 'Ellie Bind', 24, 67, '748-822-39'),
(901, 'Yorgos Roe', 55, 985, '158-335-53'),
(902, 'Tedman Ste', 30, 556, '116-742-77'),
(903, 'Mark Gibbi', 41, 350, '921-424-90'),
(904, 'Fielding L', 24, 594, '777-136-47'),
(905, 'Michal Blo', 44, 680, '790-990-06'),
(906, 'Kasey Lang', 44, 735, '867-886-55'),
(907, 'Willie Sto', 89, 742, '556-807-42'),
(908, 'Marcos Mac', 53, 782, '125-368-03'),
(909, 'Candra And', 20, 613, '916-537-72'),
(910, 'Hayyim Rut', 27, 849, '865-640-31'),
(911, 'Hurleigh S', 88, 321, '260-154-47'),
(912, 'Leeanne Ya', 43, 222, '234-196-32'),
(913, 'Saul Pimlo', 79, 727, '131-213-83'),
(914, 'Grange Cod', 44, 956, '976-387-04'),
(915, 'Hasty Bams', 68, 978, '217-496-52'),
(916, 'Lewie Bonn', 23, 997, '784-676-31'),
(917, 'Quentin Do', 64, 153, '781-292-39'),
(918, 'Pier Cesco', 47, 504, '735-199-37'),
(919, 'Margarete ', 82, 154, '570-658-61'),
(920, 'Willis Isa', 43, 821, '297-387-45'),
(921, 'Franchot S', 78, 577, '453-106-25'),
(922, 'Cristobal ', 47, 158, '667-196-18'),
(923, 'Grover Nob', 20, 553, '869-716-43'),
(924, 'Felipa Sir', 68, 352, '117-534-21'),
(925, 'Johnna Tre', 83, 767, '944-269-54'),
(926, 'Gelya Labr', 32, 389, '371-164-67'),
(927, 'Aindrea Ra', 63, 74, '558-525-23'),
(928, 'Durant Til', 83, 605, '620-501-45'),
(929, 'Wiatt MacQ', 18, 355, '676-566-12'),
(930, 'Shandy Rap', 26, 460, '708-223-92'),
(931, 'Drucie Cok', 86, 979, '409-471-40'),
(932, 'Tabbie Dib', 57, 457, '473-193-92'),
(933, 'Britt Rank', 46, 884, '823-294-08'),
(934, 'Jody Westf', 37, 657, '826-776-14'),
(935, 'Beryle May', 83, 927, '222-156-21'),
(936, 'Englebert ', 38, 68, '502-253-36'),
(937, 'Howey Itzc', 87, 763, '230-740-52'),
(938, 'Victoir Sh', 54, 232, '421-898-26'),
(939, 'Beryl Fayn', 37, 336, '686-137-52'),
(940, 'Milzie Hal', 80, 923, '182-704-43'),
(941, 'Quintina C', 54, 2, '217-896-61'),
(942, 'Tirrell Mo', 29, 771, '492-556-34'),
(943, 'Desmond Tu', 38, 356, '995-493-24'),
(944, 'Seline Mul', 18, 834, '766-293-70'),
(945, 'Rock Pharr', 34, 741, '404-651-88'),
(946, 'Dniren Fis', 22, 295, '756-836-09'),
(947, 'Evelina Sl', 33, 287, '934-914-55'),
(948, 'Thedrick S', 80, 94, '925-525-06'),
(949, 'Lothaire P', 30, 561, '575-878-21'),
(950, 'Edyth Meth', 48, 716, '353-512-63'),
(951, 'Chadd Kewl', 21, 998, '941-106-25'),
(952, 'Brewer Mat', 34, 167, '485-598-11'),
(953, 'Torin Whit', 60, 149, '334-340-94'),
(954, 'Dougie Wil', 84, 938, '920-467-95'),
(955, 'Wat Copema', 25, 727, '987-346-00'),
(956, 'Shelly Hal', 46, 903, '742-614-86'),
(957, 'Myrle Ricc', 85, 86, '675-581-42'),
(958, 'Llywellyn ', 59, 402, '210-813-42'),
(959, 'Broderic P', 19, 419, '958-762-47'),
(960, 'Barney Bla', 59, 148, '859-205-38'),
(961, 'Nestor Luc', 26, 46, '262-811-28'),
(962, 'Terra Sive', 20, 253, '811-998-96'),
(963, 'Reade Aizi', 44, 54, '539-695-73'),
(964, 'Mag Fibbit', 86, 729, '490-630-93'),
(965, 'Ines Jeffe', 87, 74, '661-510-01'),
(966, 'Carlin Gon', 20, 146, '923-841-52'),
(967, 'Edouard Da', 51, 225, '713-987-45'),
(968, 'Lila Telle', 90, 301, '111-394-05'),
(969, 'Merrilee C', 29, 850, '273-774-13'),
(970, 'Aubrey Dug', 71, 544, '234-954-86'),
(971, 'Shawna Eli', 19, 380, '649-837-55'),
(972, 'Frankie Si', 75, 612, '210-702-69'),
(973, 'Marwin Dec', 59, 477, '234-720-31'),
(974, 'Kasey Hope', 87, 8, '574-787-05'),
(975, 'Randee Kil', 41, 751, '266-556-08'),
(976, 'Niel Tatte', 43, 281, '607-713-01'),
(977, 'Arturo Dis', 55, 117, '252-523-18'),
(978, 'Aland Cogl', 61, 934, '338-202-13'),
(979, 'Gene Rosen', 80, 5, '780-368-75'),
(980, 'Staci Pann', 76, 189, '559-197-75'),
(981, 'Lisette Io', 84, 739, '724-222-33'),
(982, 'Iggy Hartb', 29, 773, '409-432-12'),
(983, 'Pearle Too', 31, 73, '653-349-62'),
(984, 'Glen Ianni', 62, 78, '839-659-43'),
(985, 'Leopold Cl', 38, 380, '697-380-62'),
(986, 'Phylys Cul', 25, 530, '572-925-97'),
(987, 'Llywellyn ', 87, 288, '423-869-60'),
(988, 'Inessa Har', 90, 481, '437-253-11'),
(989, 'Paulette M', 28, 21, '135-327-57'),
(990, 'Corny Silb', 31, 874, '935-288-08'),
(991, 'Creight Pe', 28, 839, '233-105-96'),
(992, 'Renelle Mo', 55, 285, '317-592-97'),
(993, 'Prent Tigh', 47, 773, '153-721-57'),
(994, 'Patti McCa', 44, 228, '816-358-25'),
(995, 'Luci Skoat', 46, 123, '626-727-74'),
(996, 'Giraldo Ab', 37, 548, '573-413-65'),
(997, 'Grace Doy', 64, 17, '341-664-43'),
(998, 'Dermot Mei', 24, 635, '928-991-15'),
(999, 'Marcella B', 85, 220, '759-466-99'),
(1000, 'Ive Cantle', 32, 75, '823-790-10');

-- --------------------------------------------------------

--
-- Struktura tabulky `ut_mesto`
--

CREATE TABLE `ut_mesto` (
  `id_mesto` int(11) DEFAULT NULL,
  `nazev_mesta` varchar(50) DEFAULT NULL
) ENGINE=InnoDB DEFAULT CHARSET=utf8mb4 COLLATE=utf8mb4_general_ci;

--
-- Vypisuji data pro tabulku `ut_mesto`
--

INSERT INTO `ut_mesto` (`id_mesto`, `nazev_mesta`) VALUES
(1, 'Kadaka'),
(2, 'Hasuda'),
(3, 'Hengjing'),
(4, 'Al Maḩjal'),
(5, 'Belén'),
(6, 'Castillos'),
(7, 'Amouguer'),
(8, 'Qiaole'),
(9, 'Sabirabad'),
(10, 'Oskarshamn'),
(11, 'Cuenca'),
(12, 'Marevo'),
(13, 'Platagata'),
(14, 'Ratenggoji'),
(15, 'Gedera'),
(16, 'Consuelo'),
(17, 'Padhahegha'),
(18, 'Svetlogorsk'),
(19, 'Xinhua'),
(20, 'Houzhen'),
(21, 'Catanauan'),
(22, 'Kupchino'),
(23, 'Harderwijk'),
(24, 'Tieremu'),
(25, 'General La Madrid'),
(26, 'Yicheng'),
(27, 'Inkerman'),
(28, 'Svyatogorsk'),
(29, 'San José Acatempa'),
(30, 'Taliouine'),
(31, 'Keruguya'),
(32, 'Strömsund'),
(33, 'Lupo'),
(34, 'Sabana de Parra'),
(35, 'Duut'),
(36, 'Quime'),
(37, 'Changle'),
(38, 'Ambatolampy'),
(39, 'Ourtzagh'),
(40, 'Saurama'),
(41, 'Sai’erlong Xiang'),
(42, 'Palaiochóri'),
(43, 'Del Pilar'),
(44, 'Sindangrasa'),
(45, 'Yasynuvata'),
(46, 'Aldeia do Bispo'),
(47, 'Nanhai'),
(48, 'Dole'),
(49, 'Springfield'),
(50, 'Puntaru'),
(51, 'El Zapotal del Norte'),
(52, 'Jinzhuang'),
(53, 'Seseng'),
(54, 'Sydney'),
(55, 'Qixia'),
(56, 'Itumbiara'),
(57, 'Minneapolis'),
(58, 'Gabú'),
(59, 'Yangcun'),
(60, 'San Enrique'),
(61, 'Zhouyuan'),
(62, 'Mkiriwadjumoi'),
(63, 'Kazimierz Dolny'),
(64, 'Aūa'),
(65, 'Kabare'),
(66, 'Kuala Terengganu'),
(67, 'Palmas De Gran Canaria, Las'),
(68, 'Murmuiža'),
(69, 'Muzambinho'),
(70, 'Yeniugou'),
(71, 'Elías'),
(72, 'Nāḩiyat Alī ash Sharqī'),
(73, 'Koroyo'),
(74, 'Xikou'),
(75, 'Xiamao'),
(76, 'Sarrat'),
(77, 'Huashan'),
(78, 'Labelle'),
(79, 'Kista'),
(80, 'Sukasada'),
(81, 'Deshan'),
(82, 'Totoras'),
(83, 'Consolación del Sur'),
(84, 'Messejana'),
(85, '\'Ali Sabieh'),
(86, 'Gurinai'),
(87, 'Duba-Yurt'),
(88, 'Birmingham'),
(89, 'Kayu Agung'),
(90, 'Batticaloa'),
(91, 'Gungguh'),
(92, 'Juhaynah'),
(93, 'Postřelmov'),
(94, 'Lons-le-Saunier'),
(95, 'Nagrog'),
(96, 'Butwāl'),
(97, 'Ji’ergele Teguoleng'),
(98, 'Santa Cruz'),
(99, 'Palmeira das Missões'),
(100, 'Asan Kumbang'),
(101, 'Cikuya'),
(102, 'Lomintsevskiy'),
(103, 'Guoxiang'),
(104, 'Eybens'),
(105, 'Hŭkkyo-ri'),
(106, 'Chuoyuan'),
(107, 'Gibbons'),
(108, 'Orissaare'),
(109, 'Varoška Rijeka'),
(110, 'Warri'),
(111, 'Dalarik'),
(112, 'Sertânia'),
(113, 'Taiobeiras'),
(114, 'Ūdalah'),
(115, 'Golubac'),
(116, 'Gubo'),
(117, 'Montes Velhos'),
(118, 'Azogues'),
(119, 'Stepnica'),
(120, 'Gakem'),
(121, 'Jeżów'),
(122, 'Kuantan'),
(123, 'Severo-Zadonsk'),
(124, 'Sainte-Anne-des-Monts'),
(125, 'Hendījān'),
(126, 'Obrera'),
(127, 'Laâyoune / El Aaiún'),
(128, 'Bergem'),
(129, 'Sainyabuli'),
(130, 'Nakanojōmachi'),
(131, 'Yunmeng Chengguanzhen'),
(132, 'Arenas'),
(133, 'Xinxiang'),
(134, 'Karangasem'),
(135, 'Cuauhtemoc'),
(136, 'Rokycany'),
(137, 'Mjölby'),
(138, 'Xugu'),
(139, 'Kaavi'),
(140, 'Philadelphia'),
(141, 'Mendes'),
(142, 'Nysa'),
(143, 'Maanas'),
(144, 'Beutong Ateuh'),
(145, 'Nguken'),
(146, 'Praia Grande'),
(147, 'Belozërskoye'),
(148, 'Antequera'),
(149, 'Wangfu'),
(150, 'Kushk'),
(151, 'Kastornoye'),
(152, 'Votuporanga'),
(153, 'Yaurisque'),
(154, 'Chasŏng'),
(155, 'Bato'),
(156, 'Montenegro'),
(157, 'Tanggungrejo'),
(158, 'Bollnäs'),
(159, 'Longkou'),
(160, 'Municipio de Copacabana'),
(161, 'Solntsevo'),
(162, 'Tange Zhen'),
(163, 'Örebro'),
(164, 'Vorontsovka'),
(165, 'Mehmand Chak'),
(166, 'Boljevci'),
(167, 'Mingyuedian'),
(168, 'Gujiadian'),
(169, 'Shizi'),
(170, 'San Juan Bautista'),
(171, 'Nanhe'),
(172, 'Icononzo'),
(173, 'Omaha'),
(174, 'Shuanggang'),
(175, 'Manghit'),
(176, 'Dallas'),
(177, 'Odolena Voda'),
(178, 'Benito Juarez'),
(179, 'Vershino-Shakhtaminskiy'),
(180, 'Liuhu'),
(181, 'Mensalong'),
(182, 'Kalembutillu'),
(183, 'Xitieshan'),
(184, 'Jundian'),
(185, 'Retenggoma'),
(186, 'Guaíra'),
(187, 'Haokou'),
(188, 'Rancho Viejo'),
(189, 'Boston'),
(190, 'Sukamaju'),
(191, 'Issa'),
(192, 'Wierzawice'),
(193, 'Bagacay'),
(194, 'Ludgeřovice'),
(195, 'Mari'),
(196, 'Atafu Village'),
(197, 'Kauhan'),
(198, 'Campo de la Cruz'),
(199, 'Ciudad Nueva'),
(200, 'Rizómilos'),
(201, 'Pomahuaca'),
(202, 'Lila'),
(203, 'Lishu'),
(204, 'Longba'),
(205, 'Segezha'),
(206, 'Asker'),
(207, 'Port Moody'),
(208, 'Pamoyanan'),
(209, 'Heishan'),
(210, 'Vân Canh'),
(211, 'Diapaga'),
(212, 'Sirinhaém'),
(213, 'Stara Błotnica'),
(214, 'Arari'),
(215, 'Hetang'),
(216, 'Nazyvayevsk'),
(217, 'Beskolen'),
(218, 'Gangshangji'),
(219, 'Mirnyy'),
(220, 'Yerba Buena'),
(221, 'Kovilj'),
(222, 'Luanda'),
(223, 'Oesena'),
(224, 'Zemun'),
(225, 'Jingmen'),
(226, 'Krasyliv'),
(227, 'Uthai Thani'),
(228, 'Nossa Senhora de Machede'),
(229, 'Duntou'),
(230, 'Shibetsu'),
(231, 'Mohelnice'),
(232, 'Baofeng'),
(233, 'Kamennogorsk'),
(234, 'Igreja'),
(235, 'Hengxizhen'),
(236, 'Sumberejo'),
(237, 'Yajiang'),
(238, 'Aduo'),
(239, 'Shīrvān'),
(240, 'Kabalo'),
(241, 'Kudamatsu'),
(242, 'António Enes'),
(243, 'Karatsu'),
(244, 'Penedono'),
(245, 'Longjiang'),
(246, 'Funabashi'),
(247, 'Aemura'),
(248, 'Banjar Penyalin'),
(249, 'Conselheiro Lafaiete'),
(250, 'Qohord-e Bālā'),
(251, 'Umm Ruwaba'),
(252, 'Andahuaylillas'),
(253, 'Sasovo'),
(254, 'Askim'),
(255, 'Balakhta'),
(256, 'Phra Yuen'),
(257, 'Caicun'),
(258, 'Tsaghveri'),
(259, 'Getengan'),
(260, 'Santa Barbara'),
(261, 'Al Buţayḩah'),
(262, 'Žrnovo'),
(263, 'Hostos'),
(264, 'Metu'),
(265, 'Syrskoye'),
(266, 'Göteborg'),
(267, 'Chigorodó'),
(268, 'Turki'),
(269, 'Skelivka'),
(270, 'Paris 10'),
(271, 'Vidovci'),
(272, 'Liyang'),
(273, 'La Virgen'),
(274, 'Patos Fshat'),
(275, 'Staraya Stanitsa'),
(276, 'Fovissste'),
(277, 'Vårby'),
(278, 'Niquinohomo'),
(279, 'Noyon'),
(280, 'Linxia Chengguanzhen'),
(281, 'El Calvario'),
(282, 'Gulod'),
(283, 'Canhas'),
(284, 'Buga'),
(285, 'Toulon'),
(286, 'Songying'),
(287, 'Salam'),
(288, 'Nobo'),
(289, 'Lyamino'),
(290, 'Grenoble'),
(291, 'Anyama'),
(292, 'Pare'),
(293, 'Tengqiao'),
(294, 'Daoukro'),
(295, 'Machida'),
(296, 'Tharyarwady'),
(297, 'Usquil'),
(298, 'Periyiáli'),
(299, 'Leskovac'),
(300, 'Chuoyuan'),
(301, 'Wuhao'),
(302, 'Avarua'),
(303, 'Paris 13'),
(304, 'Portelinha'),
(305, 'Čortanovci'),
(306, 'San Juan de Manapiare'),
(307, 'Karatau'),
(308, 'Linoan'),
(309, 'Zhouyuan'),
(310, 'Raminho'),
(311, 'Jiachuan'),
(312, 'San Enrique'),
(313, 'Safed'),
(314, 'Bangker'),
(315, 'Qorashina'),
(316, 'Rizal'),
(317, 'Amboise'),
(318, 'Carthage'),
(319, 'Kampánis'),
(320, 'Karonga'),
(321, 'Daxi'),
(322, 'Banghai'),
(323, 'Chilecito'),
(324, 'Helsingborg'),
(325, 'Alangalang'),
(326, 'Kiryū'),
(327, 'Kwangju'),
(328, 'Cubará'),
(329, 'Mê Linh'),
(330, 'Bol'),
(331, 'Acajutla'),
(332, 'Batakte'),
(333, 'Baleagung'),
(334, 'Socota'),
(335, 'Gulod'),
(336, 'Xiaoyue'),
(337, 'Lichinga'),
(338, 'Az Zuwaytīnah'),
(339, 'Fukagawa'),
(340, 'Verkhovyna'),
(341, 'Santa Cruz do Capibaribe'),
(342, 'Kérkyra'),
(343, 'Beixiaoying'),
(344, 'Chicago'),
(345, 'Zhangdu'),
(346, 'Balogo'),
(347, 'Mama'),
(348, 'Angered'),
(349, 'Luna'),
(350, 'Jiulong'),
(351, 'Bataiporã'),
(352, 'Changfeng'),
(353, 'Barueri'),
(354, 'Prochnookopskaya'),
(355, 'Leijiadian'),
(356, 'Soraya'),
(357, 'Ban Selaphum'),
(358, 'Ncue'),
(359, 'Mporokoso'),
(360, 'Krajan Battal'),
(361, 'Yanjiang'),
(362, 'Palencia'),
(363, 'Bitung'),
(364, 'Schellenberg'),
(365, 'Karangmulya'),
(366, 'Sidi Yahia el Gharb'),
(367, 'Chalamarca'),
(368, 'Zhendong'),
(369, 'Monasterevin'),
(370, 'Kostelec nad Černými Lesy'),
(371, 'Froly'),
(372, 'Al Jamīmah'),
(373, 'Huangzhan'),
(374, 'Baolong'),
(375, 'Novohrad-Volyns’kyy'),
(376, 'Olyshivka'),
(377, 'Tourcoing'),
(378, 'Perlez'),
(379, 'Miaoshi'),
(380, 'Nyagla'),
(381, 'Gyumri'),
(382, 'Anping'),
(383, 'Czarna'),
(384, 'Gribanovskiy'),
(385, 'Ndom'),
(386, 'Santiago De Compostela'),
(387, 'Wum'),
(388, 'Jiaocheng'),
(389, 'Badulla'),
(390, 'Karafao'),
(391, 'Caleta Cruz'),
(392, 'Vilarinho das Cambas'),
(393, 'Wapno'),
(394, 'Calaba'),
(395, 'Beaune'),
(396, 'Gyumri'),
(397, 'Sydney'),
(398, 'Kushtia'),
(399, 'San Nicolás'),
(400, 'Marquard'),
(401, 'Majan'),
(402, 'Měnín'),
(403, 'Si Prachan'),
(404, 'Jacksonville'),
(405, 'Combita'),
(406, 'Paseyan'),
(407, 'Yaodu'),
(408, 'Meaux'),
(409, 'Mahekou'),
(410, 'São João dos Montes'),
(411, 'Kurzętnik'),
(412, 'Plaški'),
(413, 'Dom Pedro'),
(414, 'Otaniemi'),
(415, 'Delingha'),
(416, 'Cové'),
(417, 'Nomhon'),
(418, 'Kitsuki'),
(419, 'Michałów-Reginów'),
(420, 'Eṭ Ṭaiyiba'),
(421, 'Norrtälje'),
(422, 'Tongzi'),
(423, 'Tengqiao'),
(424, 'Dzüünharaa'),
(425, 'Tenkodogo'),
(426, 'Santa Cruz'),
(427, 'Boli'),
(428, 'Ouzini'),
(429, 'Shāhdādkot'),
(430, 'Paris La Défense'),
(431, 'Balyqshy'),
(432, 'Mayanhe'),
(433, 'Jalasenga'),
(434, 'Malakwal City'),
(435, 'Kerrobert'),
(436, 'Pasirjaya'),
(437, 'Qaţanah'),
(438, 'Dalsjöfors'),
(439, 'Sara Kunda'),
(440, 'Ngrayun'),
(441, 'Nice'),
(442, 'Ngedhusuba'),
(443, 'Jishui'),
(444, 'Salaya'),
(445, 'Mizur'),
(446, 'Washington'),
(447, 'Magdalena'),
(448, 'Praia Grande'),
(449, 'Yangjiaqiao'),
(450, 'Sendangagung'),
(451, 'Qitan'),
(452, 'Xiabeisi'),
(453, 'Le Mans'),
(454, 'Jinji'),
(455, 'Novogornyy'),
(456, 'Gorzyce'),
(457, 'Xiangdong'),
(458, 'Damaishan'),
(459, 'Dongjiao'),
(460, 'Maliiha'),
(461, 'San Antonio Oeste'),
(462, 'Villa Mercedes'),
(463, 'Cagbang'),
(464, 'Samburat'),
(465, 'Alfenas'),
(466, 'Xiaopu'),
(467, 'Sierpc'),
(468, 'Puyang'),
(469, '‘Alāqahdārī Kirān wa Munjān'),
(470, 'Morani'),
(471, 'Pengbu'),
(472, 'Kolomanu'),
(473, 'Linpu'),
(474, 'Guwoterus'),
(475, 'Boyle'),
(476, 'Ujung'),
(477, 'Dayu'),
(478, 'Milwaukee'),
(479, 'Sembung'),
(480, 'Peraía'),
(481, 'Staten Island'),
(482, 'Mercedes'),
(483, 'Jiangchuanlu'),
(484, 'Nemby'),
(485, 'Choa Saidān Shāh'),
(486, 'Bankim'),
(487, 'Szeged'),
(488, 'Zombo'),
(489, 'Milwaukee'),
(490, 'Vuhlehirs’k'),
(491, 'Colesberg'),
(492, 'Jumpangdua'),
(493, 'Palma De Mallorca'),
(494, 'Yasenevo'),
(495, 'Zishan'),
(496, 'Fovissste'),
(497, 'Damiao'),
(498, 'Botigues'),
(499, 'Lysyanka'),
(500, 'Hujirt'),
(501, 'Novi Beograd'),
(502, 'Arţās'),
(503, 'Osiedle-Nowiny'),
(504, 'Balete'),
(505, 'Milaor'),
(506, 'Kobarid'),
(507, 'Gandzak'),
(508, 'Shuanglong'),
(509, 'Bamenda'),
(510, 'El Monte'),
(511, 'Bantarpanjang'),
(512, 'Ilama'),
(513, 'Taverny'),
(514, 'Kotlovka'),
(515, 'Gobernador Costa'),
(516, 'Brooklyn'),
(517, 'Tulung'),
(518, 'Qırmızı Samux'),
(519, 'Canchayllo'),
(520, 'Birao'),
(521, 'Zaoshi'),
(522, 'Caujul'),
(523, 'Horní Bříza'),
(524, 'Ronggo'),
(525, 'Vihāri'),
(526, 'Saint-Jérôme'),
(527, 'Guapi'),
(528, 'Joaquín V. González'),
(529, 'Parigi'),
(530, 'Norabats’'),
(531, 'Jaboatão'),
(532, 'Ruyigi'),
(533, 'Jaro'),
(534, 'Qaffīn'),
(535, 'Drawsko'),
(536, 'Omboué'),
(537, 'Chroustovice'),
(538, 'Tukbur'),
(539, 'Meghrashen'),
(540, 'Ikaalinen'),
(541, 'Miaoling'),
(542, 'Zhulin'),
(543, 'Shahre Jadide Andisheh'),
(544, 'Punta Alta'),
(545, 'Kagawasan'),
(546, 'Hepingyizu'),
(547, 'Ubá'),
(548, 'Basel'),
(549, 'Igreja'),
(550, 'Rude'),
(551, 'Oak Bay'),
(552, 'Berezovo'),
(553, 'Trabulheira'),
(554, 'Wangda'),
(555, 'Mirebalais'),
(556, 'Nicoya'),
(557, 'Ninghai'),
(558, 'Northern Suburbs Mc'),
(559, 'Dongkengkou'),
(560, 'Nukuoro'),
(561, 'Koatas Lao'),
(562, 'Klagen'),
(563, 'Olivia'),
(564, 'Beidajie'),
(565, 'Patrocínio'),
(566, 'Zlatar'),
(567, 'Jdaidet el Matn'),
(568, 'Puerto Varas'),
(569, 'Šmartno pri Litiji'),
(570, 'Tianjiazhuang'),
(571, 'Mount Frere'),
(572, 'Ponyri Vtoryye'),
(573, 'Curahpacul Satu'),
(574, 'Benito Juarez'),
(575, 'Duli'),
(576, 'Ngala'),
(577, 'Tidili Mesfioua'),
(578, 'Jingzhou'),
(579, 'Oslo'),
(580, 'Lendava'),
(581, 'Balatun'),
(582, 'Jacksonville'),
(583, 'Pomerode'),
(584, 'Cihaladan'),
(585, 'San Martín'),
(586, 'Manacsac'),
(587, 'Janeng'),
(588, 'Mache'),
(589, 'Kout na Šumavě'),
(590, 'Nizhnevartovsk'),
(591, 'Gaïtánion'),
(592, 'Muesanaik'),
(593, 'Takayama'),
(594, 'Ouro Preto do Oeste'),
(595, 'Toki'),
(596, 'Beicang'),
(597, 'Takedamachi'),
(598, 'Okhtyrka'),
(599, 'Ménaka'),
(600, 'Złoczew'),
(601, 'Berón de Astrada'),
(602, 'Guocun'),
(603, 'Sirib'),
(604, 'Dawangzhuang'),
(605, 'Kawengan'),
(606, 'Guarda Nova'),
(607, 'Faraulep'),
(608, 'Fátima'),
(609, 'Jenzan'),
(610, 'Ijuw'),
(611, 'Tanggul Wetan'),
(612, 'Manjakandriana'),
(613, 'Calamba'),
(614, 'Caen'),
(615, 'Náousa'),
(616, 'Vakhtan'),
(617, 'Idah'),
(618, 'Dian-ay'),
(619, 'Canguaretama'),
(620, 'Verin Artashat'),
(621, 'San Antonio'),
(622, 'San Antonio'),
(623, 'Manola'),
(624, 'Kokubunji'),
(625, 'Del Rosario'),
(626, 'Takikawa'),
(627, 'Nanger'),
(628, 'Mladá Boleslav'),
(629, 'Obispos'),
(630, 'Pasarkuok'),
(631, 'Raojān'),
(632, 'Wengtian'),
(633, 'Chalon-sur-Saône'),
(634, 'Lyubimets'),
(635, 'Baranoa'),
(636, 'Bălţi'),
(637, 'Poddębice'),
(638, 'Pantai Ceuremen'),
(639, 'Trảng Bàng'),
(640, 'Nyaungdon'),
(641, 'Huité'),
(642, 'Bairro de Santo António'),
(643, 'Ansan-si'),
(644, 'Guacarí'),
(645, 'Imulolong'),
(646, 'Muleng'),
(647, 'Truskolasy'),
(648, 'Krzemieniewo'),
(649, 'San Jacinto'),
(650, 'Dongtian'),
(651, 'Heimahe'),
(652, 'Gashua'),
(653, 'Gaoling'),
(654, 'Myasnikyan'),
(655, 'Wilwerwiltz'),
(656, 'Paris 18'),
(657, 'Guanjiabao'),
(658, 'San Antonio Oeste'),
(659, 'Yushikalasu'),
(660, 'Gourma Rharous'),
(661, 'Kerep Wetan'),
(662, 'Dao'),
(663, 'Xianglong'),
(664, 'El Limon'),
(665, 'Fucheng'),
(666, 'São José dos Pinhais'),
(667, 'Bucu Kidul'),
(668, 'Al Fayyūm'),
(669, 'Katav-Ivanovsk'),
(670, 'Argalastí'),
(671, 'Volary'),
(672, 'Choma'),
(673, 'Mirebalais'),
(674, 'Klek'),
(675, 'Denton'),
(676, 'Leeuwarden'),
(677, 'Zaječí'),
(678, 'Panjakent'),
(679, 'Gengzhuang'),
(680, 'Orlando'),
(681, 'Darband'),
(682, 'Azara'),
(683, 'Śliwice'),
(684, 'Saint Paul'),
(685, 'Sumy'),
(686, 'Ban Huai Thalaeng'),
(687, 'Nanding'),
(688, 'Bonsari'),
(689, 'Uyen Hung'),
(690, 'Bobigny'),
(691, 'Orenburg'),
(692, 'Guoyuan'),
(693, 'Chalon-sur-Saône'),
(694, 'Höganäs'),
(695, 'Kirs'),
(696, 'Biscucuy'),
(697, 'Tsushima'),
(698, 'Benito Juarez'),
(699, 'Xiangshun'),
(700, 'Hołoby'),
(701, 'Cigadung'),
(702, 'Tirlyanskiy'),
(703, 'Milltown'),
(704, 'Surubim'),
(705, 'Māmu Kānjan'),
(706, 'Rosetta'),
(707, 'Margen'),
(708, 'Eira Nova'),
(709, 'Shimen'),
(710, 'Lalauigan'),
(711, 'Kotri'),
(712, 'Bungu'),
(713, 'Perístasi'),
(714, 'Nglego'),
(715, 'Wujiayao'),
(716, 'Krajan Baru'),
(717, 'Nanterre'),
(718, 'Pasir'),
(719, 'Qingzhou'),
(720, 'New York City'),
(721, 'Santa Rita Aplaya'),
(722, 'Diré'),
(723, 'Alindao'),
(724, 'Tô Hạp'),
(725, 'Curahnongko'),
(726, 'Uvarovo'),
(727, 'Karavan'),
(728, 'Sangumata'),
(729, 'Sieniawa Żarska'),
(730, 'Kawasaki'),
(731, 'Mazatenango'),
(732, 'Takahata'),
(733, 'Berezayka'),
(734, 'Kraslice'),
(735, 'Pamplona/Iruña'),
(736, 'Golem'),
(737, 'Usman’'),
(738, 'Perpignan'),
(739, 'Jönköping'),
(740, 'Kampokpok'),
(741, 'Talabaan'),
(742, 'Rumburk'),
(743, 'Sơn Tịnh'),
(744, 'Bergen'),
(745, 'Wróblew'),
(746, 'Kotido'),
(747, 'Mobile'),
(748, 'Gävle'),
(749, 'São Marcos da Serra'),
(750, 'Tiztoutine'),
(751, 'Dhuusamarreeb'),
(752, 'Bakau'),
(753, 'San Cristóbal'),
(754, 'Vallauris'),
(755, 'Xuefu'),
(756, 'Ceerigaabo'),
(757, 'Koudougou'),
(758, 'Helsingborg'),
(759, 'Carthage'),
(760, 'Colonia Wanda'),
(761, 'Guápiles'),
(762, 'Potolo'),
(763, 'Vihāri'),
(764, 'Souto'),
(765, 'Barrosa'),
(766, 'Santa Cruz La Laguna'),
(767, 'Cícero Dantas'),
(768, 'Jinsha'),
(769, 'Gesikan'),
(770, 'Zuocun'),
(771, 'Miami Beach'),
(772, 'Yujia'),
(773, 'Bến Tre'),
(774, 'Azurva'),
(775, 'Dolní Bojanovice'),
(776, 'Yarmolyntsi'),
(777, 'Verkhnyaya Belka'),
(778, 'Cumming'),
(779, 'Niš'),
(780, 'Sumberpitu'),
(781, 'Jackson'),
(782, 'Labuan'),
(783, 'Suai'),
(784, 'Nol'),
(785, 'Tô Hạp'),
(786, 'Tagakpan'),
(787, 'Shuntian'),
(788, 'Jincheng'),
(789, 'Wyszogród'),
(790, 'Saint-Marcellin'),
(791, 'Guaíba'),
(792, 'La Cesira'),
(793, 'Laguna'),
(794, 'Mogoditshane'),
(795, 'Daxin'),
(796, 'Zhaozhen'),
(797, 'Bunog'),
(798, 'Orguz'),
(799, 'Aibura'),
(800, 'Bełżec'),
(801, 'Rancabugel'),
(802, 'Wenjiao'),
(803, 'Novorossiysk'),
(804, 'Jaworze'),
(805, 'Volzhskiy'),
(806, 'Beylagan'),
(807, 'Bang Phae'),
(808, 'Yangxu'),
(809, 'Dobrovo'),
(810, 'Yangambi'),
(811, 'Xianlin'),
(812, 'Kilindoni'),
(813, 'Kraśnik'),
(814, 'Várzea de Sintra'),
(815, 'Zhangye'),
(816, 'Kobylí'),
(817, 'Vypolzovo'),
(818, 'Baiyin'),
(819, 'Kalianda'),
(820, 'Antabamba'),
(821, 'Presidente Médici'),
(822, 'Marks'),
(823, 'Terawas'),
(824, 'Yurla'),
(825, 'Hekou'),
(826, 'Obong'),
(827, 'Qiaozhuang'),
(828, 'Bendilmuning'),
(829, 'Obock'),
(830, 'Hortolândia'),
(831, 'Xinming'),
(832, 'Blois'),
(833, 'São Domingos do Maranhão'),
(834, 'São Manços'),
(835, 'Blumenau'),
(836, 'Nagato'),
(837, 'Ugljevik'),
(838, 'Arma'),
(839, 'Querocotillo'),
(840, 'Kashira'),
(841, 'Kalianda'),
(842, 'Baomin'),
(843, 'Polonnaruwa'),
(844, 'Dijon'),
(845, 'Qijia'),
(846, 'Sremčica'),
(847, 'Baylo'),
(848, 'Inhumas'),
(849, 'Bachok'),
(850, 'Wang’er'),
(851, 'Pa Tio'),
(852, 'San Pablo'),
(853, 'Ban Thai Tan'),
(854, 'Zubrzyca Dolna'),
(855, 'Ma’an'),
(856, 'Ikar'),
(857, 'Kuangsan'),
(858, 'Ramalhal'),
(859, 'Rizal'),
(860, 'Wrocław'),
(861, 'Fengmu'),
(862, 'Ābyek'),
(863, 'Loen'),
(864, 'Āsasa'),
(865, 'Datuan'),
(866, 'Casablanca'),
(867, 'Tamanan'),
(868, 'Maddela'),
(869, 'Beijós'),
(870, 'Bahía Honda'),
(871, 'Valerik'),
(872, 'Tambo'),
(873, 'Sainte-Adèle'),
(874, 'Sinamar'),
(875, 'Vogar'),
(876, 'San Justo'),
(877, 'Hradec Králové'),
(878, 'Świecie'),
(879, 'Ialoveni'),
(880, 'Zhouwang'),
(881, 'Wąsosz'),
(882, 'Oyabe'),
(883, 'Vahdat'),
(884, 'San Rafael'),
(885, 'Mpulungu'),
(886, 'Chodzież'),
(887, 'Pathum Rat'),
(888, 'Melbourne'),
(889, 'Mashava'),
(890, 'Ban Mai'),
(891, 'Rudky'),
(892, 'Groningen'),
(893, 'Kurba'),
(894, 'Tembau'),
(895, 'Obrera'),
(896, 'Strasbourg'),
(897, 'Altıağac'),
(898, 'Betio Village'),
(899, 'Bagnères-de-Bigorre'),
(900, 'Pindi Gheb'),
(901, 'Huangshi'),
(902, 'Lidingö'),
(903, 'Chorente'),
(904, 'Shuangfeng'),
(905, 'Umeå'),
(906, 'Kolobovo'),
(907, 'Yên Bái'),
(908, 'Mumias'),
(909, 'Chabu'),
(910, 'Stryszów'),
(911, 'Campok'),
(912, 'Tzaneen'),
(913, 'Hongxingqiao'),
(914, 'Huangxikou'),
(915, 'Örebro'),
(916, 'Paatan'),
(917, 'Jinshan'),
(918, 'Kuala Bhee'),
(919, 'Evansville'),
(920, 'Eastern Suburbs Mc'),
(921, 'Hodkovičky'),
(922, 'Tecka'),
(923, 'Korosten’'),
(924, 'Yungaisi'),
(925, 'Acton Vale'),
(926, 'Maicao'),
(927, 'Macapsing'),
(928, 'Wafang'),
(929, 'Bunutan'),
(930, 'Sakado'),
(931, 'Kouvarás'),
(932, 'Safakulevo'),
(933, 'Las Palmas'),
(934, 'Włosienica'),
(935, 'Cimaung Kidul'),
(936, 'Volodymyrets’'),
(937, 'Maganha'),
(938, 'Jurovski Dol'),
(939, 'Santo André'),
(940, 'Nikol’sk'),
(941, 'Chagoda'),
(942, 'San Rafael'),
(943, 'Hrob'),
(944, 'Houston'),
(945, 'Chonghe'),
(946, 'Roma'),
(947, 'Thị Trấn Nguyên Bình'),
(948, 'Jiujiang'),
(949, 'Yinyang'),
(950, 'Gantang'),
(951, 'Yumani'),
(952, 'Darfield'),
(953, 'Arauá'),
(954, 'Las Vegas'),
(955, 'Sagae'),
(956, 'Verkhniy Dashkesan'),
(957, 'Bestöbe'),
(958, 'Ahmadpur Siāl'),
(959, 'Jiaozuo'),
(960, 'Cabo'),
(961, 'Xinsheng'),
(962, 'Przodkowo'),
(963, 'Pimbalayan'),
(964, 'Dar Chabanne'),
(965, 'Kalungu'),
(966, 'Malinaw'),
(967, 'Pámfylla'),
(968, 'Jielin'),
(969, 'Planovskoye'),
(970, 'Meiyuan Xincun'),
(971, 'Claveria'),
(972, 'Palmeira das Missões'),
(973, 'Chifeng'),
(974, 'Randuagung'),
(975, 'Zhongying'),
(976, 'Booterstown'),
(977, 'Los Cerrillos'),
(978, 'Santa Teresa'),
(979, 'Agenebode'),
(980, 'Santa Cecilia'),
(981, 'Al Fashn'),
(982, 'Liusi'),
(983, 'Ciénega'),
(984, 'Afareaitu'),
(985, 'Jambubol'),
(986, 'Kallífytos'),
(987, 'Puyang'),
(988, 'Skulsk'),
(989, 'Uitenhage'),
(990, 'Fria'),
(991, 'Tsengel'),
(992, 'Taihe Chengguanzhen'),
(993, 'Dasi'),
(994, 'Obong'),
(995, 'Lunyuk Ode'),
(996, 'Guanajuato'),
(997, 'Haysyn'),
(998, 'Örebro'),
(999, '5 de Mayo'),
(1000, 'Cipadung');

-- --------------------------------------------------------

--
-- Struktura tabulky `ut_plemeno`
--

CREATE TABLE `ut_plemeno` (
  `id_plemeno` double DEFAULT NULL,
  `nazev` varchar(10) DEFAULT NULL
) ENGINE=InnoDB DEFAULT CHARSET=utf8mb4 COLLATE=utf8mb4_general_ci;

--
-- Vypisuji data pro tabulku `ut_plemeno`
--

INSERT INTO `ut_plemeno` (`id_plemeno`, `nazev`) VALUES
(1, 'Abyssinian'),
(2, 'Aegean'),
(3, 'American B'),
(4, 'American C'),
(5, 'Arabian Ma'),
(6, 'Asian Indi'),
(7, 'Asian Semi'),
(8, 'Australian'),
(9, 'Paraguayan'),
(10, 'Bambino'),
(11, 'Bengal'),
(12, 'Brazilian '),
(13, 'Burmese'),
(14, 'Chantilly-'),
(15, 'Chartreux'),
(16, 'Dwelf'),
(17, 'Egyptian M'),
(18, 'European S'),
(19, 'Exotic Sho'),
(20, 'Foldex'),
(21, 'Havana Bro'),
(22, 'Highlander'),
(23, 'Japanese B'),
(24, 'Kanaani'),
(25, 'Khao Manee'),
(26, 'Kinkalow'),
(27, 'Korat'),
(28, 'Korean Bob'),
(29, 'Lambkin'),
(30, 'LaPerm'),
(31, 'Maine Coon'),
(32, 'Manx'),
(33, 'Mekong Bob'),
(34, 'Minskin'),
(35, 'Minuet'),
(36, 'Munchkin'),
(37, 'Nebelung'),
(38, 'Norwegian '),
(39, 'Ocicat'),
(40, 'Ojos Azule'),
(41, 'Oriental B'),
(42, 'Oriental L'),
(43, 'Oriental S'),
(44, 'Persian'),
(45, 'Persian (t'),
(46, 'Peterbald'),
(47, 'Pixie-bob'),
(48, 'Liebling'),
(49, 'Ragdoll'),
(50, 'Raas'),
(51, 'Russian Bl'),
(52, 'Sam Sawet'),
(53, 'Siamese'),
(54, 'Snowshoe'),
(55, 'Sokoke'),
(56, 'Tonkinese'),
(57, 'Toybob'),
(58, 'Toyger'),
(59, 'Turkish An'),
(60, 'Turkish Va'),
(61, 'Turkish Va'),
(62, 'Ukrainian '),
(63, 'York Choco'),
(64, 'Thai'),
(65, 'Kiowa'),
(66, 'Sphynx'),
(67, 'Singapura'),
(68, 'Siberian'),
(69, 'Serengeti'),
(70, 'Selkirk Re');

-- --------------------------------------------------------

--
-- Struktura tabulky `ut_status`
--

CREATE TABLE `ut_status` (
  `id_status` double DEFAULT NULL,
  `nazev` varchar(10) DEFAULT NULL
) ENGINE=InnoDB DEFAULT CHARSET=utf8mb4 COLLATE=utf8mb4_general_ci;

--
-- Vypisuji data pro tabulku `ut_status`
--

INSERT INTO `ut_status` (`id_status`, `nazev`) VALUES
(1, 'available'),
(2, 'unavailabl'),
(3, 'adopted');
COMMIT;

/*!40101 SET CHARACTER_SET_CLIENT=@OLD_CHARACTER_SET_CLIENT */;
/*!40101 SET CHARACTER_SET_RESULTS=@OLD_CHARACTER_SET_RESULTS */;
/*!40101 SET COLLATION_CONNECTION=@OLD_COLLATION_CONNECTION */;
